"Naziv isplatitelja";"Datum";"Primatelj";"OIB";"Mjesto";"Proračunski korisnik";"Valuta";"Iznos na poziciji";"Pozicija";"Organizacijska klasifikacija";"Programska klasifikacija";"Izvor financiranja";"Ekonomska klasifikacija";"Funkcijska klasifikacija";"Broj računa";"Opis";"Datum računa";"Datum dospijeća";"IBAN";"Poziv na broj"
"GRAD LABIN";"2025-12-31T00:00:00.000Z";"Fizičke osobe";"GDPR";"";;"EUR";"60.00";"R0472 Jednokratne novčane pomoći umirovljenicima";"500       01 UPRAVNI ODJEL ZA DRUŠTVENE DJELATNOSTI";"L01 5006A500002 Socijalna zaštita starijih, bolesnih i nemoćnih osoba";"1.1.001    1.OPĆI PRIHODI I PRIMICI";"372190 Ostale naknade iz proračuna u novcu";"1020 Starost";"";"";"2025-12-31T00:00:00.000Z";"2025-12-31T00:00:00.000Z";"";"HR99"
"GRAD LABIN";"2025-12-31T00:00:00.000Z";"Fizičke osobe";"GDPR";"";;"EUR";"468.00";"R0473 Ostale novčane pomoći starijim i nemoćnim osobama";"500       01 UPRAVNI ODJEL ZA DRUŠTVENE DJELATNOSTI";"L01 5006A500002 Socijalna zaštita starijih, bolesnih i nemoćnih osoba";"1.1.001    1.OPĆI PRIHODI I PRIMICI";"372120 Pomoć obiteljima i kućanstvima";"1020 Starost";"";"";"2025-12-31T00:00:00.000Z";"2025-12-31T00:00:00.000Z";"";"HR99"
"GRAD LABIN";"2025-12-31T00:00:00.000Z";"VODOVOD PULA-LABIN d.o.o-PodružnicaLABIN";"19798348108";"LABIN";;"EUR";"4.72";"R0350-40 Utrošak vode za zalijevanje javnih zelenih površina";"400       01 UPRAVNI ODJEL ZA KOMUNALNO GOSPODARSTVO I UPRAVLJANJE IMOVINOM";"L01 4001A400015 Održavanje javnih zelenih površina";"4.6.001    4. KOMUNALNA NAKNADA";"323410 Opskrba vodom";"0560 Poslovi i usluge zaštite okoliša koji nisu drugdje svrstani";"55115551";"VODA ZA 11/25 - ŠETNICA SLAVIJA 25/0004235";"2025-11-30T00:00:00.000Z";"2025-12-31T00:00:00.000Z";"HR5524020061500147397";"HR01 55115551-80004-86"
"GRAD LABIN";"2025-12-31T00:00:00.000Z";"VODOVOD PULA-LABIN d.o.o-PodružnicaLABIN";"19798348108";"LABIN";;"EUR";"48.74";"R0350-40 Utrošak vode za zalijevanje javnih zelenih površina";"400       01 UPRAVNI ODJEL ZA KOMUNALNO GOSPODARSTVO I UPRAVLJANJE IMOVINOM";"L01 4001A400015 Održavanje javnih zelenih površina";"4.6.001    4. KOMUNALNA NAKNADA";"323410 Opskrba vodom";"0560 Poslovi i usluge zaštite okoliša koji nisu drugdje svrstani";"55115634";"VODA ZA 11/25 - RIVA 25/0004234";"2025-11-30T00:00:00.000Z";"2025-12-31T00:00:00.000Z";"HR5524020061500147397";"HR01 55115634-80004-81"
"GRAD LABIN";"2025-12-31T00:00:00.000Z";"VODOVOD PULA-LABIN d.o.o-PodružnicaLABIN";"19798348108";"LABIN";;"EUR";"166.23";"R0366-10 Komunalne usluge";"400       01 UPRAVNI ODJEL ZA KOMUNALNO GOSPODARSTVO I UPRAVLJANJE IMOVINOM";"L01 4002A400008 Održavanje igrališta";"4.6.001    4. KOMUNALNA NAKNADA";"323410 Opskrba vodom";"0810 Službe rekreacije i sporta";"55115642";"VODA ZA 11/25 - NK RABAC 25/0004233";"2025-11-30T00:00:00.000Z";"2025-12-31T00:00:00.000Z";"HR5524020061500147397";"HR01 55115642-80004-88"
"GRAD LABIN";"2025-12-31T00:00:00.000Z";"VODOVOD PULA-LABIN d.o.o-PodružnicaLABIN";"19798348108";"LABIN";;"EUR";"3.98";"R0350-40 Utrošak vode za zalijevanje javnih zelenih površina";"400       01 UPRAVNI ODJEL ZA KOMUNALNO GOSPODARSTVO I UPRAVLJANJE IMOVINOM";"L01 4001A400015 Održavanje javnih zelenih površina";"4.6.001    4. KOMUNALNA NAKNADA";"323410 Opskrba vodom";"0560 Poslovi i usluge zaštite okoliša koji nisu drugdje svrstani";"55115643";"VODA ZA 11/25 - ZALIJEVANJE ROTOR RABAC 25/0004232";"2025-11-30T00:00:00.000Z";"2025-12-31T00:00:00.000Z";"HR5524020061500147397";"HR01 55115643-80004-80"
"GRAD LABIN";"2025-12-31T00:00:00.000Z";"VODOVOD PULA-LABIN d.o.o-PodružnicaLABIN";"19798348108";"LABIN";;"EUR";"4.72";"R0350-40 Utrošak vode za zalijevanje javnih zelenih površina";"400       01 UPRAVNI ODJEL ZA KOMUNALNO GOSPODARSTVO I UPRAVLJANJE IMOVINOM";"L01 4001A400015 Održavanje javnih zelenih površina";"4.6.001    4. KOMUNALNA NAKNADA";"323410 Opskrba vodom";"0560 Poslovi i usluge zaštite okoliša koji nisu drugdje svrstani";"55116138";"VODA ZA 11/25 - DJ IGRL.LOŠINJSKA ZALIJEVANJE 25/0004231";"2025-11-30T00:00:00.000Z";"2025-12-31T00:00:00.000Z";"HR5524020061500147397";"HR01 55116138-80004-88"
"GRAD LABIN";"2025-12-31T00:00:00.000Z";"2003 - DOPRINOS ZA MIO II STUP";"GDPR";"";"GRADSKA KNJIŽNICA LABIN";"EUR";"3.27";"R1099 Intelektualne i osobne usluge";"500       04        42266 GRADSKA KNJIŽNICA LABIN";"L01 5004A500014 Književni susreti i radionice";"5.9.000001 5. POMOĆI - PRIHODI KORISNIKA GL 02";"323710 Autorski honorari";"0820 Službe kulture";"25/00331";"GK-UG. O AUTORSKOM HONORARU - MIO II";"2025-12-30T00:00:00.000Z";"2025-12-31T00:00:00.000Z";"";"HR99"
"GRAD LABIN";"2025-12-31T00:00:00.000Z";"VODOVOD PULA-LABIN d.o.o-PodružnicaLABIN";"19798348108";"LABIN";;"EUR";"3.98";"R0366-10 Komunalne usluge";"400       01 UPRAVNI ODJEL ZA KOMUNALNO GOSPODARSTVO I UPRAVLJANJE IMOVINOM";"L01 4002A400008 Održavanje igrališta";"4.6.001    4. KOMUNALNA NAKNADA";"323410 Opskrba vodom";"0810 Službe rekreacije i sporta";"55117216";"VODA ZA 11/25 - NK ISKRA ZALIJEVANJE 25/0004230";"2025-11-30T00:00:00.000Z";"2025-12-31T00:00:00.000Z";"HR5524020061500147397";"HR01 55117216-80004-80"
"GRAD LABIN";"2025-12-31T00:00:00.000Z";"UJČIĆ LUKŠIĆ DUBRAVKA";"GDPR";"";"GRADSKA KNJIŽNICA LABIN";"EUR";"150.00";"R1099 Intelektualne i osobne usluge";"500       04        42266 GRADSKA KNJIŽNICA LABIN";"L01 5004A500014 Književni susreti i radionice";"5.9.000001 5. POMOĆI - PRIHODI KORISNIKA GL 02";"323710 Autorski honorari";"0820 Službe kulture";"25/00330";"GK - UG. O AUTORSKOM HONORARU  - DUBRAVKA U. LUKŠIĆ";"2025-12-30T00:00:00.000Z";"2025-12-31T00:00:00.000Z";"";"HR99"
"GRAD LABIN";"2025-12-31T00:00:00.000Z";"VODOVOD PULA-LABIN d.o.o-PodružnicaLABIN";"19798348108";"LABIN";;"EUR";"6.69";"R0012 Komunalne usluge";"100       01 UPRAVNI ODJEL ZA POSLOVE GRADONAČELNIKA, GRADSKO VIJEĆE I OPĆE POSLOVE";"L01 1001A100001 Redovna djelatnost upravnih odjela";"1.1.001    1.OPĆI PRIHODI I PRIMICI";"323410 Opskrba vodom";"0133 Ostale opće usluge";"55115498";"VODA ZA 11/25 - MO RABAC 25/0004229";"2025-11-30T00:00:00.000Z";"2025-12-31T00:00:00.000Z";"HR5524020061500147397";"HR01 55115498-80004-81"
"GRAD LABIN";"2025-12-31T00:00:00.000Z";"POREZ I PRIREZ ND - PIĆAN";"19041331726";"LABIN";"GRADSKA KNJIŽNICA LABIN";"EUR";"23.51";"R1099 Intelektualne i osobne usluge";"500       04        42266 GRADSKA KNJIŽNICA LABIN";"L01 5004A500014 Književni susreti i radionice";"5.9.000001 5. POMOĆI - PRIHODI KORISNIKA GL 02";"323710 Autorski honorari";"0820 Službe kulture";"25/00329";"GK - UG. O AUTORSKOM HONORARU - POREZ PIĆAN";"2025-12-30T00:00:00.000Z";"2025-12-31T00:00:00.000Z";"HR0710010051733012005";"HR68 1945-68585857405-25365"
"GRAD LABIN";"2025-12-31T00:00:00.000Z";"8400 - DOPRINOS ZA ZDRAVSTVENO OSIG.";"GDPR";"";"GRADSKA KNJIŽNICA LABIN";"EUR";"9.79";"R1099 Intelektualne i osobne usluge";"500       04        42266 GRADSKA KNJIŽNICA LABIN";"L01 5004A500014 Književni susreti i radionice";"5.9.000001 5. POMOĆI - PRIHODI KORISNIKA GL 02";"323710 Autorski honorari";"0820 Službe kulture";"25/00328";"GK - UG. O AUTORSKOM HONORARU - ZDRAVSTVO";"2025-12-30T00:00:00.000Z";"2025-12-31T00:00:00.000Z";"";"HR99"
"GRAD LABIN";"2025-12-31T00:00:00.000Z";"8109 - DOPRINOS ZA MIO I STUP";"GDPR";"";"GRADSKA KNJIŽNICA LABIN";"EUR";"9.79";"R1099 Intelektualne i osobne usluge";"500       04        42266 GRADSKA KNJIŽNICA LABIN";"L01 5004A500014 Književni susreti i radionice";"5.9.000001 5. POMOĆI - PRIHODI KORISNIKA GL 02";"323710 Autorski honorari";"0820 Službe kulture";"25/00327";"GK - UG. O AUTORSKOM HONORARU - MIO I";"2025-12-30T00:00:00.000Z";"2025-12-31T00:00:00.000Z";"";"HR99"
"GRAD LABIN";"2025-12-31T00:00:00.000Z";"MONTONE & CO";"72911149157";"PULA";;"EUR";"2143.75";"R0267-6 Uređaji, strojevi i oprema za ostale namjene";"300       01 UPRAVNI ODJEL ZA PROSTORNO UREĐENJE, ZAŠTITU OKOLIŠA I IZDAVANJA AKATA ZA GRADNJU";"L01 3003K300015 Dječji vrtić Vinež (novi)";"8.1.001    8.NAMJENSKI PRIMICI OD ZADUŽIVANJA";"422730 Oprema";"0911 Predškolsko obrazovanje";"42-1-1";"OPREMA ZA POTREBEFORMIRANJA VRTIĆKE SKUPINE DVVINEŽ - ID 2 25/0004659";"2025-11-28T00:00:00.000Z";"2025-12-15T00:00:00.000Z";"HR1624840081102797911";"HR00 42-1-1"
"GRAD LABIN";"2025-12-31T00:00:00.000Z";"MONTONE & CO";"72911149157";"PULA";;"EUR";"4387.50";"R0266-02 Sitni inventar";"300       01 UPRAVNI ODJEL ZA PROSTORNO UREĐENJE, ZAŠTITU OKOLIŠA I IZDAVANJA AKATA ZA GRADNJU";"L01 3003K300015 Dječji vrtić Vinež (novi)";"1.1.001    1.OPĆI PRIHODI I PRIMICI";"322510 Sitni inventar";"0911 Predškolsko obrazovanje";"42-1-1";"OPREMA ZA POTREBEFORMIRANJA VRTIĆKE SKUPINE DVVINEŽ - ID 2 25/0004659";"2025-11-28T00:00:00.000Z";"2025-12-15T00:00:00.000Z";"HR1624840081102797911";"HR00 42-1-1"
"GRAD LABIN";"2025-12-31T00:00:00.000Z";"LABIN 2000 D.O.O.";"93779491456";"LABIN";;"EUR";"5171.46";"R0366-15 Usluge održavanja sportske dvorane";"400       01 UPRAVNI ODJEL ZA KOMUNALNO GOSPODARSTVO I UPRAVLJANJE IMOVINOM";"L01 4002A400009 Održavanje sportske dvorane";"4.6.001    4. KOMUNALNA NAKNADA";"323290 Ostale usluge tekućeg i investicijskog održavanja";"0810 Službe rekreacije i sporta";"304/1/1";"MAT. TROŠKOVI IODRŽAVANJE DVORANE 11/2025 - ID2695 25/0004603";"2025-11-30T00:00:00.000Z";"2025-12-30T00:00:00.000Z";"HR2023400091110367599";"HR00 27-304-10"
"GRAD LABIN";"2025-12-31T00:00:00.000Z";"ZAKLADA ZA POTICANJE PART.I RAZ.CIVILNOG";"59964009678";"PULA";;"EUR";"4000.00";"R0527-1 Tekuće donacije u novcu-FOND";"500       01 UPRAVNI ODJEL ZA DRUŠTVENE DJELATNOSTI";"L01 5009A500001 Financiranje udruga građana";"1.1.001    1.OPĆI PRIHODI I PRIMICI";"381190 Ostale tekuće donacije";"0840 Religijske i druge službe zajednice";"18-12-2025";"SUF. ZAKL. ZAPOTICANJE PAR. I RAZ. CIV. DR.25/0004505";"2025-12-18T00:00:00.000Z";"2025-12-31T00:00:00.000Z";"HR4724020061101137847";"HR00 18-12-2025"
"GRAD LABIN";"2025-12-31T00:00:00.000Z";"LABIN 2000 D.O.O.";"93779491456";"LABIN";;"EUR";"3556.21";"R0366-8 Usluge održavanja sportskih objekata";"400       01 UPRAVNI ODJEL ZA KOMUNALNO GOSPODARSTVO I UPRAVLJANJE IMOVINOM";"L01 4002A400008 Održavanje igrališta";"4.6.001    4. KOMUNALNA NAKNADA";"323290 Ostale usluge tekućeg i investicijskog održavanja";"0810 Službe rekreacije i sporta";"305/1/1";"MAT. TROŠKOVI I ODRŽA.SPORT. OBJEKATA GRADSKI STADION11/20 25/0004602";"2025-11-30T00:00:00.000Z";"2025-12-30T00:00:00.000Z";"HR2023400091110367599";"HR00 27-305-10"
"GRAD LABIN";"2025-12-31T00:00:00.000Z";"SONO LUX D.O.O.";"90710320846";"PULA";;"EUR";"3287.19";"R0020-1 Zakupnine i najamnine";"100       01 UPRAVNI ODJEL ZA POSLOVE GRADONAČELNIKA, GRADSKO VIJEĆE I OPĆE POSLOVE";"L01 1001A100002 Redovna djelatnost  ureda gradonačelnika";"1.1.001    1.OPĆI PRIHODI I PRIMICI";"323530 Zakupnine i najamnine za opremu";"0133 Ostale opće usluge";"133-1-1";"PRODUKCIJA I ZVUK ZASVEČANU SJED. GV 14.8.2025. -ID 2714 25/0004612";"2025-12-19T00:00:00.000Z";"2025-12-31T00:00:00.000Z";"HR2323600001102254121";"HR00 4-133-2025"
"GRAD LABIN";"2025-12-31T00:00:00.000Z";"1.MAJ LABIN D.O.O. LABIN";"23557321379";"LABIN";;"EUR";"2736.88";"R0350-11 Zimska služba i popravci oštećenja prometnica uslijed vremenskih neprilika";"400       01 UPRAVNI ODJEL ZA KOMUNALNO GOSPODARSTVO I UPRAVLJANJE IMOVINOM";"L01 4001A400012 Održavanje nerazvrstanih cesta";"4.6.001    4. KOMUNALNA NAKNADA";"323290 Ostale usluge tekućeg i investicijskog održavanja";"0451 Cestovni promet";"28204625/K01/105RAF";"ZIMSKA SLUŽBAODRŽAVANJE CESTA 11/2025 - ID2666 25/0004518";"2025-12-18T00:00:00.000Z";"2025-12-30T00:00:00.000Z";"HR3224020061100387143";"HR01 2046-01294612"
"GRAD LABIN";"2025-12-31T00:00:00.000Z";"G 1 d.o.o.";"72044305496";"LABIN";;"EUR";"2300.00";"R0258-34 Projektna dokumentacija";"300       01 UPRAVNI ODJEL ZA PROSTORNO UREĐENJE, ZAŠTITU OKOLIŠA I IZDAVANJA AKATA ZA GRADNJU";"L01 3002K300055 Uređenje priobalnog dijela Centralne zone naselja Rabac";"1.1.001    1.OPĆI PRIHODI I PRIMICI";"426410 Ostala nematerijalna proizvedena imovina";"0620 Razvoj zajednice";"223-1-1";"IZRADA GSN RABAC RIVA3D - ID 2642 25/0004511";"2025-11-30T00:00:00.000Z";"2025-12-30T00:00:00.000Z";"HR0823400091110242976";"HR00 2025-221"
"GRAD LABIN";"2025-12-31T00:00:00.000Z";"SIGURNOST D.O.O.";"63041633582";"LABIN";;"EUR";"536.92";"R0017 Usluga čišćenja i čuvanja imovine";"100       01 UPRAVNI ODJEL ZA POSLOVE GRADONAČELNIKA, GRADSKO VIJEĆE I OPĆE POSLOVE";"L01 1001A100001 Redovna djelatnost upravnih odjela";"1.1.001    1.OPĆI PRIHODI I PRIMICI";"323961 Usluge čuvanja imovine i osoba-pretpriznati porez";"0133 Ostale opće usluge";"5189/1/10";"TJELESNA ZAŠTITAOBJEKTA ZA 11/2025 - ID 242525/0004510";"2025-11-30T00:00:00.000Z";"2025-12-30T00:00:00.000Z";"HR3823800061147002267";"HR00 1200087-005189"
"GRAD LABIN";"2025-12-31T00:00:00.000Z";"SIGURNOST D.O.O.";"63041633582";"LABIN";;"EUR";"1507.91";"R0017 Usluga čišćenja i čuvanja imovine";"100       01 UPRAVNI ODJEL ZA POSLOVE GRADONAČELNIKA, GRADSKO VIJEĆE I OPĆE POSLOVE";"L01 1001A100001 Redovna djelatnost upravnih odjela";"1.1.001    1.OPĆI PRIHODI I PRIMICI";"323960 Usluge čuvanja imovine i osoba";"0133 Ostale opće usluge";"5189/1/10";"TJELESNA ZAŠTITAOBJEKTA ZA 11/2025 - ID 242525/0004510";"2025-11-30T00:00:00.000Z";"2025-12-30T00:00:00.000Z";"HR3823800061147002267";"HR00 1200087-005189"
"GRAD LABIN";"2025-12-31T00:00:00.000Z";"INŽENJERING GEOF d.o.o.";"22693341126";"LABIN";;"EUR";"1500.00";"R0242-1 Izrada projektne dokumentacije sa potr.geod.podl.";"300       01 UPRAVNI ODJEL ZA PROSTORNO UREĐENJE, ZAŠTITU OKOLIŠA I IZDAVANJA AKATA ZA GRADNJU";"L01 3002K300006 Projekti cesta i ostale infrastrukture u zonama izgradnje";"4.5.001    4. KOMUNALNI DOPRINOS I DRUGE NAKNADE";"426410 Ostala nematerijalna proizvedena imovina";"0451 Cestovni promet";"220-1-1";"GEODETSKE USLUGE - ID2683 25/0004487";"2025-12-17T00:00:00.000Z";"2026-01-01T00:00:00.000Z";"HR8123400091110802807";"HR00 2025-220"
"GRAD LABIN";"2025-12-31T00:00:00.000Z";"RI-ING NET d.o.o RIJEKA";"18259544697";"RIJEKA";;"EUR";"1341.38";"R0372 Usluge prometnog redarstva";"400       01 UPRAVNI ODJEL ZA KOMUNALNO GOSPODARSTVO I UPRAVLJANJE IMOVINOM";"L01 4002A400005 Usluge pomoći izvršenja poslova komun. i promet. redarstva";"1.1.001    1.OPĆI PRIHODI I PRIMICI";"323530 Zakupnine i najamnine za opremu";"0360 Rashodi za javni red i sigurnost koji nisu drugdje svrstani";"1230-1-1";"MJESEČNO KORIŠTENJEPAZIGRAD I GRADSKO OKO ZA 11/25- ID 246 25/0004181";"2025-11-30T00:00:00.000Z";"2025-12-30T00:00:00.000Z";"HR5924020061100631970";"HR00 1230-1-1"
"GRAD LABIN";"2025-12-31T00:00:00.000Z";"HRVATSKA POŠTA d.d. ODJEL ODRŽAVANJA";"87311810356";"ZAGREB";;"EUR";"288.65";"R0009 Usluge telefona, pošte i prijevoza";"100       01 UPRAVNI ODJEL ZA POSLOVE GRADONAČELNIKA, GRADSKO VIJEĆE I OPĆE POSLOVE";"L01 1001A100001 Redovna djelatnost upravnih odjela";"1.1.001    1.OPĆI PRIHODI I PRIMICI";"323131 Poštarina-pref.hrvat.vode";"0133 Ostale opće usluge";"16732-92007-2";"POŠTANSKE USLUGE11/2025 - ID 2480 25/0004650";"2025-11-30T00:00:00.000Z";"2026-01-02T00:00:00.000Z";"HR1623900011100018674";"HR05 020079-025-00021493"
"GRAD LABIN";"2025-12-31T00:00:00.000Z";"HRVATSKA POŠTA d.d. ODJEL ODRŽAVANJA";"87311810356";"ZAGREB";;"EUR";"1044.20";"R0009 Usluge telefona, pošte i prijevoza";"100       01 UPRAVNI ODJEL ZA POSLOVE GRADONAČELNIKA, GRADSKO VIJEĆE I OPĆE POSLOVE";"L01 1001A100001 Redovna djelatnost upravnih odjela";"1.1.001    1.OPĆI PRIHODI I PRIMICI";"323130 Poštarina (pisma, tiskanice i sl.)";"0133 Ostale opće usluge";"16732-92007-2";"POŠTANSKE USLUGE11/2025 - ID 2480 25/0004650";"2025-11-30T00:00:00.000Z";"2026-01-02T00:00:00.000Z";"HR1623900011100018674";"HR05 020079-025-00021493"
"GRAD LABIN";"2025-12-31T00:00:00.000Z";"LAMP OBRT ZA DIZAJN vl. TEO JAKONIŠIĆ";"GDPR";"";;"EUR";"1300.00";"R0025 Intelektualne i osobne usluge";"100       01 UPRAVNI ODJEL ZA POSLOVE GRADONAČELNIKA, GRADSKO VIJEĆE I OPĆE POSLOVE";"L01 1001A100003 Manifestacije pod pokroviteljstvom Grada Labina";"1.1.001    1.OPĆI PRIHODI I PRIMICI";"323790 Ostale intelektualne usluge";"0820 Službe kulture";"25-01-2025";"USLUGA MONTAŽE IDEMONTAŽE RASVJETNE OPREME ZAPOTREBE SVEČA 25/0004635";"2025-12-24T00:00:00.000Z";"2025-12-31T00:00:00.000Z";"";"HR99"
"GRAD LABIN";"2025-12-31T00:00:00.000Z";"LABIN 2000 D.O.O.";"93779491456";"LABIN";;"EUR";"1177.18";"R0010 Usluge tekućeg i investicijskog održavanja";"100       01 UPRAVNI ODJEL ZA POSLOVE GRADONAČELNIKA, GRADSKO VIJEĆE I OPĆE POSLOVE";"L01 1001A100001 Redovna djelatnost upravnih odjela";"1.1.001    1.OPĆI PRIHODI I PRIMICI";"323221 Usluge tekućeg i investicijskog održavanja - održavanje servera";"0133 Ostale opće usluge";"323/1/1";"ODRŽAVANJE SERVERSKOGSUSTAVA 12/2025 - ID 273125/0004628";"2025-12-12T00:00:00.000Z";"2025-12-31T00:00:00.000Z";"HR2023400091110367599";"HR00 27-323-10"
"GRAD LABIN";"2025-12-31T00:00:00.000Z";"1.MAJ LABIN D.O.O. LABIN";"23557321379";"LABIN";;"EUR";"1002.55";"R0350-11 Zimska služba i popravci oštećenja prometnica uslijed vremenskih neprilika";"400       01 UPRAVNI ODJEL ZA KOMUNALNO GOSPODARSTVO I UPRAVLJANJE IMOVINOM";"L01 4001A400012 Održavanje nerazvrstanih cesta";"4.6.001    4. KOMUNALNA NAKNADA";"323290 Ostale usluge tekućeg i investicijskog održavanja";"0451 Cestovni promet";"28204525/K01/105RAF";"KRPANJE UDARNIH RUPA -ID 2667 25/0004484";"2025-11-30T00:00:00.000Z";"2025-12-30T00:00:00.000Z";"HR3224020061100387143";"HR01 2045-01294610"
"GRAD LABIN";"2025-12-31T00:00:00.000Z";"A NA TAVI, VL. ANA TAVIĆ";"84776810279";"BUZET";;"EUR";"1000.00";"R0432 Intelektualne i osobne usluge";"500       01 UPRAVNI ODJEL ZA DRUŠTVENE DJELATNOSTI";"L01 5004A500002 Labin Art Republika";"6.1.001    6. TEKUĆE DONACIJE";"323790 Ostale intelektualne usluge";"0820 Službe kulture";"13-01-1";"Izrada vizuala,promocijai vođenje kampanje -10.Shpeena Dox 25/0004646";"2025-12-11T00:00:00.000Z";"2025-12-18T00:00:00.000Z";"HR6824020061140379207";"HR00 13-01-1"
"GRAD LABIN";"2025-12-31T00:00:00.000Z";"M.R. ITINERIS d.o.o.";"05828899336";"KRŠAN";;"EUR";"1000.00";"R0019-1 Usluge prijevoza";"100       01 UPRAVNI ODJEL ZA POSLOVE GRADONAČELNIKA, GRADSKO VIJEĆE I OPĆE POSLOVE";"L01 1001A100002 Redovna djelatnost  ureda gradonačelnika";"1.1.001    1.OPĆI PRIHODI I PRIMICI";"323190 Ostale usluge za komunikaciju i prijevoz";"0133 Ostale opće usluge";"318-1-1";"PRIJEVOZ U MANZANOMINICANTANTI 6.12.2025. - ID2700 25/0004642";"2025-12-08T00:00:00.000Z";"2025-12-19T00:00:00.000Z";"HR2623600001102329630";"HR00 318-1-1"
"GRAD LABIN";"2025-12-31T00:00:00.000Z";"LAMP OBRT ZA DIZAJN vl. TEO JAKONIŠIĆ";"GDPR";"";;"EUR";"950.00";"R0025 Intelektualne i osobne usluge";"100       01 UPRAVNI ODJEL ZA POSLOVE GRADONAČELNIKA, GRADSKO VIJEĆE I OPĆE POSLOVE";"L01 1001A100003 Manifestacije pod pokroviteljstvom Grada Labina";"1.1.001    1.OPĆI PRIHODI I PRIMICI";"323790 Ostale intelektualne usluge";"0820 Službe kulture";"26-01-2025";"USLUGA MONTAŽE LEDEEKRANA 3,5MX2M ZA POTREBESVEČANE SJEDNI 25/0004625";"2025-12-24T00:00:00.000Z";"2025-12-31T00:00:00.000Z";"";"HR99"
"GRAD LABIN";"2025-12-31T00:00:00.000Z";"GREEN MEDIA, OBRT";"GDPR";"";;"EUR";"868.50";"R0425 Intelektualne i osobne usluge";"500       01 UPRAVNI ODJEL ZA DRUŠTVENE DJELATNOSTI";"L01 5004A500002 Labin Art Republika";"1.1.001    1.OPĆI PRIHODI I PRIMICI";"323790 Ostale intelektualne usluge";"0820 Službe kulture";"18-01-2025";"Usluga ton majstora temontaža i demontaža razlasneopreme - 25/0003501";"2025-08-08T00:00:00.000Z";"2025-09-05T00:00:00.000Z";"";"HR99"
"GRAD LABIN";"2025-12-31T00:00:00.000Z";"1.MAJ LABIN D.O.O. LABIN";"23557321379";"LABIN";;"EUR";"782.69";"R0350-29 Redovno održavanje staza, stepenica i ograda na javnim površinama";"400       01 UPRAVNI ODJEL ZA KOMUNALNO GOSPODARSTVO I UPRAVLJANJE IMOVINOM";"L01 4001A400013 Održavanje javnih površina na kojima nije dopušten promet motornim vozilima";"4.6.001    4. KOMUNALNA NAKNADA";"323290 Ostale usluge tekućeg i investicijskog održavanja";"0560 Poslovi i usluge zaštite okoliša koji nisu drugdje svrstani";"28204225/K01/105RAF";"POPRAVAK STEPENICAKRAJ ČAČIĆEVIH STANOVA - ID2670 25/0004593";"2025-11-30T00:00:00.000Z";"2025-12-30T00:00:00.000Z";"HR3224020061100387143";"HR01 2042-01294615"
"GRAD LABIN";"2025-12-31T00:00:00.000Z";"CAR FLEET MANAGEMENT D.O.O.";"58392172201";"ZAGREB";;"EUR";"771.74";"R0013 Ostale zakupnine i najamnine";"100       01 UPRAVNI ODJEL ZA POSLOVE GRADONAČELNIKA, GRADSKO VIJEĆE I OPĆE POSLOVE";"L01 1001A100001 Redovna djelatnost upravnih odjela";"1.1.001    1.OPĆI PRIHODI I PRIMICI";"323550 Zakupnine i najamnine za prijevozna sredstva";"0133 Ostale opće usluge";"3431-PJ1-2";"USLUGA NAJMA VOZILALEASING PU2753C ZA 12/2025 - ID2426 25/0004663";"2025-12-01T00:00:00.000Z";"2025-12-11T00:00:00.000Z";"HR6924020061100628298";"HR00 3431"
"GRAD LABIN";"2025-12-31T00:00:00.000Z";"RUDAN d.o.o.";"84430586938";"Žminj";;"EUR";"746.56";"R0350-85 Evidencija utroška režija na sportskim terenima i kružnim tokovima";"400       01 UPRAVNI ODJEL ZA KOMUNALNO GOSPODARSTVO I UPRAVLJANJE IMOVINOM";"L01 4001A400020 Održavanje ostale komunalne infrastrukture";"4.6.001    4. KOMUNALNA NAKNADA";"323790 Ostale intelektualne usluge";"0660 Rashodi vezani za stanovanje i kom. pogodnosti koji nisu drugdje svrstani";"20-0226-936-2025";"NAKNADA ZA DALJINSKINADZOR VODOMJERA ZA 11/25 - ID2563 25/0004449";"2025-11-30T00:00:00.000Z";"2025-12-30T00:00:00.000Z";"HR8624840081106726800";"HR01 5444-226-9360"
"GRAD LABIN";"2025-12-31T00:00:00.000Z";"LABIN 2000 D.O.O.";"93779491456";"LABIN";;"EUR";"743.89";"R0015 Intelektualne i osobne usluge";"100       01 UPRAVNI ODJEL ZA POSLOVE GRADONAČELNIKA, GRADSKO VIJEĆE I OPĆE POSLOVE";"L01 1001A100001 Redovna djelatnost upravnih odjela";"1.1.001    1.OPĆI PRIHODI I PRIMICI";"323790 Ostale intelektualne usluge";"0133 Ostale opće usluge";"318/1/1";"NAKNADA ZA ZAJED.JAVNU NABAVU EL. ENERGIJE - ID2732 25/0004671";"2025-11-30T00:00:00.000Z";"2025-12-30T00:00:00.000Z";"HR2023400091110367599";"HR00 27-318-10"
"GRAD LABIN";"2025-12-31T00:00:00.000Z";"BARBIĆ GOBO GABRIJELA- FM OBRT";"52368927132";"LABIN";;"EUR";"705.40";"R0420 Reprezentacija";"500       01 UPRAVNI ODJEL ZA DRUŠTVENE DJELATNOSTI";"L01 5004A500001 Kulturne manifestacije Grada Labina";"1.1.001    1.OPĆI PRIHODI I PRIMICI";"329310 Reprezentacija";"0820 Službe kulture";"152-15-99999";"REPREZENTACIJA LITLINK FESTIVAL 7.10.2025., ID2135 25/0004666";"2025-10-25T00:00:00.000Z";"2025-11-23T00:00:00.000Z";"HR6123600001100938699";"HR01 0150152-2025-1"
"GRAD LABIN";"2025-12-31T00:00:00.000Z";"ZEDD SERVIS, VL. ZLATKO PUŽAR";"70915919554";"RAŠA";;"EUR";"705.00";"R0477-2 Subvencija dostave plina kućanstvima";"500       01 UPRAVNI ODJEL ZA DRUŠTVENE DJELATNOSTI";"L01 5006A500002 Socijalna zaštita starijih, bolesnih i nemoćnih osoba";"1.1.001    1.OPĆI PRIHODI I PRIMICI";"372290 Ostale naknade iz proračuna u naravi";"1020 Starost";"60/1/1";"USLUGA PRIJEVOZAPLINSKIH BOCA ZA 10-11/2025 -ID 2686 25/0004643";"2025-12-15T00:00:00.000Z";"2025-12-15T00:00:00.000Z";"HR8024070001100665761";"HR00 60-1-1"
"GRAD LABIN";"2025-12-31T00:00:00.000Z";"ISTRA S.P. 1970  j.d.o.o.";"67994103963";"Fažana";;"EUR";"685.00";"R0454 Intelektualne i osobne usluge";"500       01 UPRAVNI ODJEL ZA DRUŠTVENE DJELATNOSTI";"L01 5004A500017 Božić u Labinu";"6.1.001    6. TEKUĆE DONACIJE";"323790 Ostale intelektualne usluge";"0820 Službe kulture";"30-01-1";"REDARSKE USLUGE ZAKONCERT 20.12.2025. - ID 273525/0004626";"2025-12-24T00:00:00.000Z";"2025-12-24T00:00:00.000Z";"HR5623600001103160380";"HR00 30-01-1"
"GRAD LABIN";"2025-12-31T00:00:00.000Z";"AUTOTRANS D.D.";"19819724166";"Cres";;"EUR";"661.20";"R0400-2 Naknade građanima i kućanstvima u naravi -sufinan.prijevoza učenika srednjih škola";"500       01 UPRAVNI ODJEL ZA DRUŠTVENE DJELATNOSTI";"L01 5002A500002 Pomoći u školovanju";"1.1.001    1.OPĆI PRIHODI I PRIMICI";"372210 Sufinanciranje cijene prijevoza";"0980 Usluge obrazovanja koje nisu drugdje svrstane";"6983-132-1-25";"SUFINANCIRANJE NA MVKZA 10/2025 - ID 2247 25/0004665";"2025-10-31T00:00:00.000Z";"2025-11-27T00:00:00.000Z";"HR8824840081103599193";"HR00 6983-132-125"
"GRAD LABIN";"2025-12-31T00:00:00.000Z";"LABIN 2000 D.O.O.";"93779491456";"LABIN";;"EUR";"627.20";"R0015 Intelektualne i osobne usluge";"100       01 UPRAVNI ODJEL ZA POSLOVE GRADONAČELNIKA, GRADSKO VIJEĆE I OPĆE POSLOVE";"L01 1001A100001 Redovna djelatnost upravnih odjela";"1.1.001    1.OPĆI PRIHODI I PRIMICI";"323790 Ostale intelektualne usluge";"0133 Ostale opće usluge";"311/1/1";"NAKNADA ZA ZAJED.JAVNU NABAVU GORIVO - ID 273325/0004672";"2025-11-30T00:00:00.000Z";"2025-12-30T00:00:00.000Z";"HR2023400091110367599";"HR00 27-311-10"
"GRAD LABIN";"2025-12-31T00:00:00.000Z";"LLOYDS DIGITAL D.O.O.";"42238462344";"LABIN";;"EUR";"625.00";"R0010 Usluge tekućeg i investicijskog održavanja";"100       01 UPRAVNI ODJEL ZA POSLOVE GRADONAČELNIKA, GRADSKO VIJEĆE I OPĆE POSLOVE";"L01 1001A100001 Redovna djelatnost upravnih odjela";"1.1.001    1.OPĆI PRIHODI I PRIMICI";"323290 Ostale usluge tekućeg i investicijskog održavanja";"0133 Ostale opće usluge";"33-11-2025";"ODRŽAVANJE STRANICA11/2025, ID 2450 25/0004660";"2025-11-28T00:00:00.000Z";"2025-12-28T00:00:00.000Z";"HR7024020061100720333";"HR00 33-11-2025"
"GRAD LABIN";"2025-12-31T00:00:00.000Z";"GEOGRUPA D.O.O.";"77967127694";"PULA";;"EUR";"623.38";"R0371 Usluge najma cloud sustava";"400       01 UPRAVNI ODJEL ZA KOMUNALNO GOSPODARSTVO I UPRAVLJANJE IMOVINOM";"L01 4002A400005 Usluge pomoći izvršenja poslova komun. i promet. redarstva";"1.1.001    1.OPĆI PRIHODI I PRIMICI";"323540 Licence";"0360 Rashodi za javni red i sigurnost koji nisu drugdje svrstani";"333-1-1";"GIS SUSTAV I USLUGE11/2025 - ID 2706 25/0004607";"2025-12-22T00:00:00.000Z";"2026-01-06T00:00:00.000Z";"HR1223600001101997657";"HR00 25-0004607"
"GRAD LABIN";"2025-12-31T00:00:00.000Z";"PESTIC D.O.O. KRALJEVICA  PODUZEĆE ZA PROVOĐENJE SANITARNE ZAŠTITE";"47035026904";"KRALJEVICA";;"EUR";"587.50";"R0367 Usluga deratizacije i dezinfekcije";"400       01 UPRAVNI ODJEL ZA KOMUNALNO GOSPODARSTVO I UPRAVLJANJE IMOVINOM";"L01 4002A400003 Mjere preventivne zaštite i veterinarske usluge";"1.1.001    1.OPĆI PRIHODI I PRIMICI";"323430 Deratizacija i dezinsekcija";"0560 Poslovi i usluge zaštite okoliša koji nisu drugdje svrstani";"1145/1/1";"Usluga deratizacije idezinfekcije - SAMAČKI - ID2456 25/0004453";"2025-12-03T00:00:00.000Z";"2026-01-02T00:00:00.000Z";"HR8623600001101226436";"HR00 1394-1145-10"
"GRAD LABIN";"2025-12-31T00:00:00.000Z";"KONICA MINOLTA HRVATSKA D.O.O.";"31697259786";"ZAGREB";;"EUR";"425.75";"R0010 Usluge tekućeg i investicijskog održavanja";"100       01 UPRAVNI ODJEL ZA POSLOVE GRADONAČELNIKA, GRADSKO VIJEĆE I OPĆE POSLOVE";"L01 1001A100001 Redovna djelatnost upravnih odjela";"1.1.001    1.OPĆI PRIHODI I PRIMICI";"323220 Usluge tekućeg i investicijskog održavanja postrojenja i opreme";"0133 Ostale opće usluge";"39266-01-1";"Mjesecna naknada IFRS- Spajanje na sustave nadzora -ID 246 25/0004654";"2025-11-30T00:00:00.000Z";"2025-12-08T00:00:00.000Z";"HR1624840081100446146";"HR00 26097-25-11102018"
"GRAD LABIN";"2025-12-31T00:00:00.000Z";"1.MAJ LABIN D.O.O. LABIN";"23557321379";"LABIN";;"EUR";"384.63";"R0350-29 Redovno održavanje staza, stepenica i ograda na javnim površinama";"400       01 UPRAVNI ODJEL ZA KOMUNALNO GOSPODARSTVO I UPRAVLJANJE IMOVINOM";"L01 4001A400013 Održavanje javnih površina na kojima nije dopušten promet motornim vozilima";"4.6.001    4. KOMUNALNA NAKNADA";"323290 Ostale usluge tekućeg i investicijskog održavanja";"0560 Poslovi i usluge zaštite okoliša koji nisu drugdje svrstani";"28204425/K01/105RAF";"POPRAVAK RUKOHVATA URAPCU KOD GROBLJA - ID 266825/0004591";"2025-11-30T00:00:00.000Z";"2025-12-30T00:00:00.000Z";"HR3224020061100387143";"HR01 2044-01294619"
"GRAD LABIN";"2025-12-31T00:00:00.000Z";"ŠTUCIN ALEN OBRT PINGO";"13430342578";"LABIN";;"EUR";"382.46";"R0024 Ostali nespomenuti rashodi poslovanja";"100       01 UPRAVNI ODJEL ZA POSLOVE GRADONAČELNIKA, GRADSKO VIJEĆE I OPĆE POSLOVE";"L01 1001A100002 Redovna djelatnost  ureda gradonačelnika";"1.1.001    1.OPĆI PRIHODI I PRIMICI";"329990 Ostali nespomenuti rashodi poslovanja";"0133 Ostale opće usluge";"13/1/1";"PROTOKOLARNI POKLONI25 KOM - ID 2719 25/0004637";"2025-12-17T00:00:00.000Z";"2025-12-25T00:00:00.000Z";"HR3524020061100367301";"HR00 13-1-1"
"GRAD LABIN";"2025-12-31T00:00:00.000Z";"AUTOTRANS D.D.";"19819724166";"Cres";;"EUR";"350.00";"R0481 Subvencije troškova prijevoza";"500       01 UPRAVNI ODJEL ZA DRUŠTVENE DJELATNOSTI";"L01 5006A500003 Socijalna zaštita obitelji";"1.1.001    1.OPĆI PRIHODI I PRIMICI";"372210 Sufinanciranje cijene prijevoza";"1060 Stanovanje";"7200-132-1-25";"Usluga prijevoza našihsugrađana povodom Svih svetih -01.11 25/0004664";"2025-11-14T00:00:00.000Z";"2025-11-28T00:00:00.000Z";"HR1023400091110238381";"HR00 7200-132-125"
"GRAD LABIN";"2025-12-31T00:00:00.000Z";"RADIO LABIN D.O.O.";"76567298947";"LABIN";;"EUR";"250.00";"R0020 Usluge promidžbe i informiranja";"100       01 UPRAVNI ODJEL ZA POSLOVE GRADONAČELNIKA, GRADSKO VIJEĆE I OPĆE POSLOVE";"L01 1001A100002 Redovna djelatnost  ureda gradonačelnika";"1.1.001    1.OPĆI PRIHODI I PRIMICI";"323310 Elektronski mediji";"0133 Ostale opće usluge";"R751-1-1";"RADIO EMISIJA""LABINOTVORENO"" 11/2025, ID 247225/0004653";"2025-11-28T00:00:00.000Z";"2025-12-28T00:00:00.000Z";"HR6324850031100242218";"HR00 51119"
"GRAD LABIN";"2025-12-31T00:00:00.000Z";"LABIN 2000 D.O.O.";"93779491456";"LABIN";;"EUR";"239.23";"R0010 Usluge tekućeg i investicijskog održavanja";"100       01 UPRAVNI ODJEL ZA POSLOVE GRADONAČELNIKA, GRADSKO VIJEĆE I OPĆE POSLOVE";"L01 1001A100001 Redovna djelatnost upravnih odjela";"1.1.001    1.OPĆI PRIHODI I PRIMICI";"323221 Usluge tekućeg i investicijskog održavanja - održavanje servera";"0133 Ostale opće usluge";"324/1/1";"ODRŽAVANJE SERVERSKOGSUSTAVA 12/2025 - ID 273025/0004629";"2025-12-12T00:00:00.000Z";"2025-12-31T00:00:00.000Z";"HR2023400091110367599";"HR00 27-324-10"
"GRAD LABIN";"2025-12-31T00:00:00.000Z";"ŠTUCIN ALEN OBRT PINGO";"13430342578";"LABIN";;"EUR";"229.46";"R0042 Ostali nespomenuti rashodi poslovanja";"100       01 UPRAVNI ODJEL ZA POSLOVE GRADONAČELNIKA, GRADSKO VIJEĆE I OPĆE POSLOVE";"L01 1001A100005 Financiranje predstavničkih i izvršnih tijela";"1.1.001    1.OPĆI PRIHODI I PRIMICI";"329993 Ost. nespomenuti rashodi - Održavanje sjednica vijeća i dr.";"0111 Izvršna  i zakonodavna tijela";"10/1/1";"PROPTOKOLARNI POKLONI15 KOMADA - ID 2720 25/0004636";"2025-12-17T00:00:00.000Z";"2025-12-25T00:00:00.000Z";"HR3524020061100367301";"HR00 10-1-1"
"GRAD LABIN";"2025-12-31T00:00:00.000Z";"1.MAJ LABIN D.O.O. LABIN";"23557321379";"LABIN";;"EUR";"207.56";"R0350-29 Redovno održavanje staza, stepenica i ograda na javnim površinama";"400       01 UPRAVNI ODJEL ZA KOMUNALNO GOSPODARSTVO I UPRAVLJANJE IMOVINOM";"L01 4001A400013 Održavanje javnih površina na kojima nije dopušten promet motornim vozilima";"4.6.001    4. KOMUNALNA NAKNADA";"323290 Ostale usluge tekućeg i investicijskog održavanja";"0560 Poslovi i usluge zaštite okoliša koji nisu drugdje svrstani";"28204325/K01/105RAF";"POSTAVA PROTUKLIZNIHTRAKA NA RAMPI ZA INV. KOD A.NEGRI - I 25/0004592";"2025-11-30T00:00:00.000Z";"2025-12-30T00:00:00.000Z";"HR3224020061100387143";"HR01 2043-01294617"
"GRAD LABIN";"2025-12-31T00:00:00.000Z";"KONICA MINOLTA HRVATSKA D.O.O.";"31697259786";"ZAGREB";;"EUR";"202.85";"R0010 Usluge tekućeg i investicijskog održavanja";"100       01 UPRAVNI ODJEL ZA POSLOVE GRADONAČELNIKA, GRADSKO VIJEĆE I OPĆE POSLOVE";"L01 1001A100001 Redovna djelatnost upravnih odjela";"1.1.001    1.OPĆI PRIHODI I PRIMICI";"323220 Usluge tekućeg i investicijskog održavanja postrojenja i opreme";"0133 Ostale opće usluge";"40815-01-1";"OBRAČUN MJESEČNIHSTRANICA ZA 11/25 - ID 246525/0004656";"2025-11-30T00:00:00.000Z";"2025-12-09T00:00:00.000Z";"HR1624840081100446146";"HR00 26097-25-11103565"
"GRAD LABIN";"2025-12-31T00:00:00.000Z";"DINO COMMERCE D.O.O.";"19176145523";"LABIN";;"EUR";"192.50";"R0006 Materijal i dijelovi za tekuće i investicijsko održavanje";"100       01 UPRAVNI ODJEL ZA POSLOVE GRADONAČELNIKA, GRADSKO VIJEĆE I OPĆE POSLOVE";"L01 1001A100001 Redovna djelatnost upravnih odjela";"1.1.001    1.OPĆI PRIHODI I PRIMICI";"322430 Materijal i dijelovi za tekuće i investicijsko održavanje transportnih sredstava";"0133 Ostale opće usluge";"1252/POSL1/2";"DIJELOVI ZA SLUŽBENIAUTOMOBIL ŠKODA FABIJA, ID 209525/0003757";"2025-10-17T00:00:00.000Z";"2025-11-01T00:00:00.000Z";"HR5524020061100050430";"HR00 523-2501252"
"GRAD LABIN";"2025-12-31T00:00:00.000Z";"AIRNET D.O.O.";"54452565438";"RIJEKA";;"EUR";"187.50";"R0010 Usluge tekućeg i investicijskog održavanja";"100       01 UPRAVNI ODJEL ZA POSLOVE GRADONAČELNIKA, GRADSKO VIJEĆE I OPĆE POSLOVE";"L01 1001A100001 Redovna djelatnost upravnih odjela";"1.1.001    1.OPĆI PRIHODI I PRIMICI";"323220 Usluge tekućeg i investicijskog održavanja postrojenja i opreme";"0133 Ostale opće usluge";"2660-P1-1";"ODRŽAVANJE WIFI4EUOPREME ZA 11/2025 - ID 242725/0004662";"2025-11-30T00:00:00.000Z";"2025-12-30T00:00:00.000Z";"HR9524840081103677831";"HR01 304-01002660-20253"
"GRAD LABIN";"2025-12-31T00:00:00.000Z";"AUTOTRANS D.D.";"19819724166";"Cres";;"EUR";"187.50";"R0527-10 Usluge telefona, pošte i prijevoza";"500       01 UPRAVNI ODJEL ZA DRUŠTVENE DJELATNOSTI";"L01 5010A500003 Aktivnosti Zdravog grada";"1.1.001    1.OPĆI PRIHODI I PRIMICI";"323191 Ostale usluge za prijevoz - Autotrans - Rijeka";"0960 Dodatne usluge u obrazovanju";"6141-132-1-25";"Usluga prijevoza narelaciji Labin - Rabac -Labin -2 autobu 25/0004668";"2025-09-30T00:00:00.000Z";"2025-11-09T00:00:00.000Z";"HR8824840081103599193";"HR00 6141-132-125"
"GRAD LABIN";"2025-12-31T00:00:00.000Z";"Pino Mi j.d.o.o.";"52229594441";"LABIN";;"EUR";"185.00";"R0354 Održavanje stanova";"400       01 UPRAVNI ODJEL ZA KOMUNALNO GOSPODARSTVO I UPRAVLJANJE IMOVINOM";"L01 4002A400001 Održavanje stambenih prostora";"1.1.001    1.OPĆI PRIHODI I PRIMICI";"323290 Ostale usluge tekućeg i investicijskog održavanja";"0660 Rashodi vezani za stanovanje i kom. pogodnosti koji nisu drugdje svrstani";"93/1/1";"MONTAŽA I DEMONTAŽA WCŠKOLJKE SAMAČKI II. KAT - ID2697 25/0004604";"2025-12-18T00:00:00.000Z";"2026-01-02T00:00:00.000Z";"HR2823400091111129099";"HR00 39-93-10"
"GRAD LABIN";"2025-12-31T00:00:00.000Z";"SECURITY PROJEKTI LIVECAMCROATIA";"91261286963";"Novo Čiče";;"EUR";"175.00";"R0010 Usluge tekućeg i investicijskog održavanja";"100       01 UPRAVNI ODJEL ZA POSLOVE GRADONAČELNIKA, GRADSKO VIJEĆE I OPĆE POSLOVE";"L01 1001A100001 Redovna djelatnost upravnih odjela";"1.1.001    1.OPĆI PRIHODI I PRIMICI";"323220 Usluge tekućeg i investicijskog održavanja postrojenja i opreme";"0133 Ostale opće usluge";"1043/PJ1/1";"USLUGA - LIVE STREAMSJEDNICA ZA 11/25, ID 244425/0004661";"2025-11-28T00:00:00.000Z";"2025-12-28T00:00:00.000Z";"HR7423600001102209747";"HR01 11043-2025-358"
"GRAD LABIN";"2025-12-31T00:00:00.000Z";"1.MAJ LABIN D.O.O. LABIN";"23557321379";"LABIN";;"EUR";"163.87";"R0366-21 Komunalne usluge-utrošak vode, smeća";"400       01 UPRAVNI ODJEL ZA KOMUNALNO GOSPODARSTVO I UPRAVLJANJE IMOVINOM";"L01 4002A400009 Održavanje sportske dvorane";"4.6.001    4. KOMUNALNA NAKNADA";"323420 Iznošenje i odvoz smeća";"0810 Službe rekreacije i sporta";"105RAF-01--28-1954/25";"ODVOZ SMEĆA ZA 11/25 -SPORTSKA DVORANA - ID 245925/0004178";"2025-11-30T00:00:00.000Z";"2025-12-30T00:00:00.000Z";"HR3224020061100387143";"HR01 1954-01294610"
"GRAD LABIN";"2025-12-31T00:00:00.000Z";"INA INDUSTRIJA NAFTE D.D.";"27759560625";"ZAGREB";;"EUR";"145.58";"R0005 Energija";"100       01 UPRAVNI ODJEL ZA POSLOVE GRADONAČELNIKA, GRADSKO VIJEĆE I OPĆE POSLOVE";"L01 1001A100001 Redovna djelatnost upravnih odjela";"1.1.001    1.OPĆI PRIHODI I PRIMICI";"322311 Električna energija - Gradska uprava";"0133 Ostale opće usluge";"142462/IK/1";"GORIVO ZA SL. VOZILA16.11.-30.11.25. - ID 247925/0004651";"2025-11-30T00:00:00.000Z";"2026-01-02T00:00:00.000Z";"HR4723400091400010083";"HR01 327051-555051289677-4"
"GRAD LABIN";"2025-12-31T00:00:00.000Z";"LABIN 2000 D.O.O.";"93779491456";"LABIN";;"EUR";"137.81";"R0366-8 Usluge održavanja sportskih objekata";"400       01 UPRAVNI ODJEL ZA KOMUNALNO GOSPODARSTVO I UPRAVLJANJE IMOVINOM";"L01 4002A400008 Održavanje igrališta";"4.6.001    4. KOMUNALNA NAKNADA";"323290 Ostale usluge tekućeg i investicijskog održavanja";"0810 Službe rekreacije i sporta";"306/1/1";"ODRŽAVANJE SPORTSKIHIGRALIŠTA OŠ MV - ID 273425/0004627";"2025-11-30T00:00:00.000Z";"2025-12-30T00:00:00.000Z";"HR2023400091110367599";"HR00 27-306-10"
"GRAD LABIN";"2025-12-31T00:00:00.000Z";"ODVJETNIK BELUŠIĆ MARIJAN";"24699184696";"LABIN";;"EUR";"125.00";"R0212 Odvjetničke usluge";"200       01 UPRAVNI ODJEL ZA PRORAČUN I FINANCIJE";"L01 2001A200001 Zajednički troškovi upravnih odjela";"1.1.001    1.OPĆI PRIHODI I PRIMICI";"323730 Usluge odvjetnika";"0112 Financijski i fiskalni poslovi";"102/100/001";"ODVJETNIČKE USLUGE -BRISANJA PRAVA ZALOGA UZ.K.UL.541 K.O. 25/0004256";"2025-12-04T00:00:00.000Z";"2026-01-03T00:00:00.000Z";"HR3424020061100181370";"HR00 102-100-001"
"GRAD LABIN";"2025-12-31T00:00:00.000Z";"DLS D.O.O.";"72954104541";"RIJEKA";;"EUR";"108.38";"R0076 Intelektualne i osobne usluge";"100       01 UPRAVNI ODJEL ZA POSLOVE GRADONAČELNIKA, GRADSKO VIJEĆE I OPĆE POSLOVE";"L01 1003A100001 Civilna zaštita";"1.1.001    1.OPĆI PRIHODI I PRIMICI";"323790 Ostale intelektualne usluge";"0320 Usluge protupožarne zaštite";"602/01/251";"SUDJELOVANJE NASJEDNICI GV PETRA MEIXNER - ID2728 25/0004631";"2025-12-23T00:00:00.000Z";"2025-12-30T00:00:00.000Z";"HR4623600001101456367";"HR00 602-01-251"
"GRAD LABIN";"2025-12-31T00:00:00.000Z";"NOVI LIST D.D.";"44110106406";"RIJEKA";;"EUR";"96.25";"R0350-13 Usluga oglašavanja u sredstvima javnog informiranja";"400       01 UPRAVNI ODJEL ZA KOMUNALNO GOSPODARSTVO I UPRAVLJANJE IMOVINOM";"L01 4001A400012 Održavanje nerazvrstanih cesta";"4.6.001    4. KOMUNALNA NAKNADA";"323320 Tisak";"0451 Cestovni promet";"4125-1-101 B";"Objava Božićnognatječaja 03.12. - ID 252225/0004587";"2025-12-08T00:00:00.000Z";"2026-01-07T00:00:00.000Z";"HR5324020061100110121";"HR00 4125-1-101"
"GRAD LABIN";"2025-12-31T00:00:00.000Z";"HRT HRVATSKA RADIOTELEVIZIJA";"68419124305";"ZAGREB";;"EUR";"95.58";"R0018-0 RTV pristojba";"100       01 UPRAVNI ODJEL ZA POSLOVE GRADONAČELNIKA, GRADSKO VIJEĆE I OPĆE POSLOVE";"L01 1001A100001 Redovna djelatnost upravnih odjela";"1.1.001    1.OPĆI PRIHODI I PRIMICI";"329590 Ostale pristojbe i naknade";"0133 Ostale opće usluge";"4041001859-202512-6";"MJESEČNA PRISTOJBA ZA12/2025 - ID 2473 25/0004652";"2025-12-01T00:00:00.000Z";"2025-12-31T00:00:00.000Z";"HR6223600001500016178";"HR01 4041001859-202512-6"
"GRAD LABIN";"2025-12-31T00:00:00.000Z";"ODVJETNIK BELUŠIĆ MARIJAN";"24699184696";"LABIN";;"EUR";"93.75";"R0212 Odvjetničke usluge";"200       01 UPRAVNI ODJEL ZA PRORAČUN I FINANCIJE";"L01 2001A200001 Zajednički troškovi upravnih odjela";"1.1.001    1.OPĆI PRIHODI I PRIMICI";"323730 Usluge odvjetnika";"0112 Financijski i fiskalni poslovi";"103/100/001";"JAVNOBILJ. USLUGE -zastupanje u predmetuTrgovackog suda u 25/0004257";"2025-12-04T00:00:00.000Z";"2026-01-03T00:00:00.000Z";"HR3424020061100181370";"HR00 103-100-001"
"GRAD LABIN";"2025-12-31T00:00:00.000Z";"HEP ELEKTRA D.O.O.";"43965974818";"ZAGREB";;"EUR";"10.05";"R0005 Energija";"100       01 UPRAVNI ODJEL ZA POSLOVE GRADONAČELNIKA, GRADSKO VIJEĆE I OPĆE POSLOVE";"L01 1001A100001 Redovna djelatnost upravnih odjela";"1.1.001    1.OPĆI PRIHODI I PRIMICI";"322313 Električna energija - Ostali";"0133 Ostale opće usluge";"2301013786-251121-4";"EL. ENERGIJA 11/2025 -ID 2506 25/0004675";"2025-11-30T00:00:00.000Z";"2025-12-20T00:00:00.000Z";"HR4323900011500128056";"HR01 2301013786-251121-4"
"GRAD LABIN";"2025-12-31T00:00:00.000Z";"HEP ELEKTRA D.O.O.";"43965974818";"ZAGREB";;"EUR";"56.58";"R0358 Troškovi priključaka štandova i dr.";"400       01 UPRAVNI ODJEL ZA KOMUNALNO GOSPODARSTVO I UPRAVLJANJE IMOVINOM";"L01 4002A400002 Održavanje poslovnih prostora, štandova i privremenih priključaka";"1.1.001    1.OPĆI PRIHODI I PRIMICI";"322310 Električna energija";"0490 Ekonomski poslovi koji nisu drugdje svrstani";"2301013786-251121-4";"EL. ENERGIJA 11/2025 -ID 2506 25/0004675";"2025-11-30T00:00:00.000Z";"2025-12-20T00:00:00.000Z";"HR4323900011500128056";"HR01 2301013786-251121-4"
"GRAD LABIN";"2025-12-31T00:00:00.000Z";"HEP ELEKTRA D.O.O.";"43965974818";"ZAGREB";;"EUR";"20.11";"R0359 Troškovi priključaka poslovnih prostora";"400       01 UPRAVNI ODJEL ZA KOMUNALNO GOSPODARSTVO I UPRAVLJANJE IMOVINOM";"L01 4002A400002 Održavanje poslovnih prostora, štandova i privremenih priključaka";"1.1.001    1.OPĆI PRIHODI I PRIMICI";"322310 Električna energija";"0490 Ekonomski poslovi koji nisu drugdje svrstani";"2301013786-251121-4";"EL. ENERGIJA 11/2025 -ID 2506 25/0004675";"2025-11-30T00:00:00.000Z";"2025-12-20T00:00:00.000Z";"HR4323900011500128056";"HR01 2301013786-251121-4"
"GRAD LABIN";"2025-12-31T00:00:00.000Z";"HEP ELEKTRA D.O.O.";"43965974818";"ZAGREB";;"EUR";"35.64";"R0359 Troškovi priključaka poslovnih prostora";"400       01 UPRAVNI ODJEL ZA KOMUNALNO GOSPODARSTVO I UPRAVLJANJE IMOVINOM";"L01 4002A400002 Održavanje poslovnih prostora, štandova i privremenih priključaka";"1.1.001    1.OPĆI PRIHODI I PRIMICI";"322310 Električna energija";"0490 Ekonomski poslovi koji nisu drugdje svrstani";"2300088962-251121-8";"USLUGA ZA 11/25 -OB.M.TITA BB, JOAKIMA RAKOVCA 2- ID 2511 25/0004674";"2025-11-30T00:00:00.000Z";"2025-12-23T00:00:00.000Z";"HR4323900011500128056";"HR01 2300088962-251121-8"
"GRAD LABIN";"2025-12-31T00:00:00.000Z";"HEP ELEKTRA D.O.O.";"43965974818";"ZAGREB";;"EUR";"39.12";"R0493 Energija";"500       01 UPRAVNI ODJEL ZA DRUŠTVENE DJELATNOSTI";"L01 5006A500007 Socijalna zaštita obitelji u nužnom smještaju";"1.1.001    1.OPĆI PRIHODI I PRIMICI";"322310 Električna energija";"1060 Stanovanje";"2300088962-251121-8";"USLUGA ZA 11/25 -OB.M.TITA BB, JOAKIMA RAKOVCA 2- ID 2511 25/0004674";"2025-11-30T00:00:00.000Z";"2025-12-23T00:00:00.000Z";"HR4323900011500128056";"HR01 2300088962-251121-8"
"GRAD LABIN";"2025-12-31T00:00:00.000Z";"HEP ELEKTRA D.O.O.";"43965974818";"ZAGREB";;"EUR";"10.55";"R0350-83 Energija";"400       01 UPRAVNI ODJEL ZA KOMUNALNO GOSPODARSTVO I UPRAVLJANJE IMOVINOM";"L01 4001A400020 Održavanje ostale komunalne infrastrukture";"4.6.001    4. KOMUNALNA NAKNADA";"322310 Električna energija";"0660 Rashodi vezani za stanovanje i kom. pogodnosti koji nisu drugdje svrstani";"2300088962-251121-8";"USLUGA ZA 11/25 -OB.M.TITA BB, JOAKIMA RAKOVCA 2- ID 2511 25/0004674";"2025-11-30T00:00:00.000Z";"2025-12-23T00:00:00.000Z";"HR4323900011500128056";"HR01 2300088962-251121-8"
"GRAD LABIN";"2025-12-31T00:00:00.000Z";"TEB POSLOVNO SAVJETOVANJE D.O.O.";"99944170669";"ZAGREB";;"EUR";"80.00";"R0002 Stručno usavršavanje zaposlenika";"100       01 UPRAVNI ODJEL ZA POSLOVE GRADONAČELNIKA, GRADSKO VIJEĆE I OPĆE POSLOVE";"L01 1001A100001 Redovna djelatnost upravnih odjela";"1.1.001    1.OPĆI PRIHODI I PRIMICI";"321310 Seminari, savjetovanja i simpoziji";"0133 Ostale opće usluge";"11252-1-77";"WEBINAR 10.12.2025.GODIŠNJI POPIS IMOVINE - ID2729 25/0004630";"2025-12-12T00:00:00.000Z";"2025-12-25T00:00:00.000Z";"HR5623400091100180787";"HR02 11252-1420011"
"GRAD LABIN";"2025-12-31T00:00:00.000Z";"1.MAJ LABIN D.O.O. LABIN";"23557321379";"LABIN";;"EUR";"73.85";"R0024 Ostali nespomenuti rashodi poslovanja";"100       01 UPRAVNI ODJEL ZA POSLOVE GRADONAČELNIKA, GRADSKO VIJEĆE I OPĆE POSLOVE";"L01 1001A100002 Redovna djelatnost  ureda gradonačelnika";"1.1.001    1.OPĆI PRIHODI I PRIMICI";"329910 Rashodi protokola (vijenci, cvijeće, svijeće i slično)";"0133 Ostale opće usluge";"101RAČ-01-2100-24-0647/25";"Cvijeće povodomobilježavanja smrti GiuseppineMartinuzzi  - 25/0004647";"2025-12-08T00:00:00.000Z";"2025-12-23T00:00:00.000Z";"HR3224020061100387143";"HR00 647-0129461"
"GRAD LABIN";"2025-12-31T00:00:00.000Z";"Pino Mi j.d.o.o.";"52229594441";"LABIN";;"EUR";"72.50";"R0354 Održavanje stanova";"400       01 UPRAVNI ODJEL ZA KOMUNALNO GOSPODARSTVO I UPRAVLJANJE IMOVINOM";"L01 4002A400001 Održavanje stambenih prostora";"1.1.001    1.OPĆI PRIHODI I PRIMICI";"323290 Ostale usluge tekućeg i investicijskog održavanja";"0660 Rashodi vezani za stanovanje i kom. pogodnosti koji nisu drugdje svrstani";"94/1/1";"DOBAVA, DOPREMAUGRADNJA SLAVINA POKRETNASAMAČKI I. I III. 25/0004605";"2025-12-18T00:00:00.000Z";"2026-01-02T00:00:00.000Z";"HR2823400091111129099";"HR00 39-94-10"
"GRAD LABIN";"2025-12-31T00:00:00.000Z";"JEDINSTVO D.O.O.";"29947239127";"LABIN";;"EUR";"68.71";"R0527-6 Ostali nespomenuti rashodi poslovanja";"500       01 UPRAVNI ODJEL ZA DRUŠTVENE DJELATNOSTI";"L01 5010A500002 Dani dječje radosti";"1.1.001    1.OPĆI PRIHODI I PRIMICI";"329990 Ostali nespomenuti rashodi poslovanja";"0980 Usluge obrazovanja koje nisu drugdje svrstane";"1960-23-1";"Bomboni za vrtićkudjecu povodom obilježavanja iposjeta SV. 25/0004648";"2025-12-02T00:00:00.000Z";"2025-12-19T00:00:00.000Z";"HR4924020061100387225";"HR01 08080-23101960-11"
"GRAD LABIN";"2025-12-31T00:00:00.000Z";"DINO COMMERCE D.O.O.";"19176145523";"LABIN";;"EUR";"68.50";"R0006 Materijal i dijelovi za tekuće i investicijsko održavanje";"100       01 UPRAVNI ODJEL ZA POSLOVE GRADONAČELNIKA, GRADSKO VIJEĆE I OPĆE POSLOVE";"L01 1001A100001 Redovna djelatnost upravnih odjela";"1.1.001    1.OPĆI PRIHODI I PRIMICI";"322430 Materijal i dijelovi za tekuće i investicijsko održavanje transportnih sredstava";"0133 Ostale opće usluge";"1540/POSL1/2";"Metlice brisača za sl.automobil Citroen C4, WD - 40 itekuć 25/0004645";"2025-12-12T00:00:00.000Z";"2025-12-19T00:00:00.000Z";"HR5524020061100050430";"HR00 523-2501540"
"GRAD LABIN";"2025-12-31T00:00:00.000Z";"LIBUSOFT CICOM D.O.O.";"14506572540";"ZAGREB";;"EUR";"61.25";"R0002 Stručno usavršavanje zaposlenika";"100       01 UPRAVNI ODJEL ZA POSLOVE GRADONAČELNIKA, GRADSKO VIJEĆE I OPĆE POSLOVE";"L01 1001A100001 Redovna djelatnost upravnih odjela";"1.1.001    1.OPĆI PRIHODI I PRIMICI";"321310 Seminari, savjetovanja i simpoziji";"0133 Ostale opće usluge";"101RAČ-04--25/0018817";"SPEC. SEMINARFISKALIZACIJA 2.0. OD1.12.2025. V.Z. - ID 26725/0004644";"2025-12-17T00:00:00.000Z";"2025-12-27T00:00:00.000Z";"HR4123600001101337826";"HR00 18817"
"GRAD LABIN";"2025-12-31T00:00:00.000Z";"GRAD LABIN";"19041331726";"LABIN";;"EUR";"58.22";"R0356 Komunalne usluge za stambene objekte";"400       01 UPRAVNI ODJEL ZA KOMUNALNO GOSPODARSTVO I UPRAVLJANJE IMOVINOM";"L01 4002A400001 Održavanje stambenih prostora";"1.1.001    1.OPĆI PRIHODI I PRIMICI";"323492 Vodoprivredna naknada";"0660 Rashodi vezani za stanovanje i kom. pogodnosti koji nisu drugdje svrstani";"301225";"plaćanje kamata za nuv25/0004673";"2025-12-30T00:00:00.000Z";"2025-12-31T00:00:00.000Z";"HR4523400091822200000";"HR68 5789-19041331726"
"GRAD LABIN";"2025-12-31T00:00:00.000Z";"JEDINSTVO D.O.O.";"29947239127";"LABIN";;"EUR";"56.84";"R0439 Ostali nespomenuti rashodi poslovanja";"500       01 UPRAVNI ODJEL ZA DRUŠTVENE DJELATNOSTI";"L01 5004A500004 Brendiranje-Praktična realizacija na proj. cakavice, M.Vlačića i rudarstva";"1.1.001    1.OPĆI PRIHODI I PRIMICI";"329990 Ostali nespomenuti rashodi poslovanja";"0820 Službe kulture";"2008-23-1";"PREH. ROBA ZA""ĆAKULODA ZA NAJMLAJE"" LOVAČKIDOM RIPENDA - I 25/0004640";"2025-12-10T00:00:00.000Z";"2025-12-26T00:00:00.000Z";"HR4924020061100387225";"HR01 08080-23102008-17"
"GRAD LABIN";"2025-12-31T00:00:00.000Z";"JEDINSTVO D.O.O.";"29947239127";"LABIN";;"EUR";"43.58";"R0421 Ostali nespomenuti rashodi poslovanja";"500       01 UPRAVNI ODJEL ZA DRUŠTVENE DJELATNOSTI";"L01 5004A500001 Kulturne manifestacije Grada Labina";"1.1.001    1.OPĆI PRIHODI I PRIMICI";"329990 Ostali nespomenuti rashodi poslovanja";"0820 Službe kulture";"1630-23-1";"REPREZENTACIJA ROBAIZLOŽBA ALISON IVAŠIĆ, ID 212325/0004667";"2025-10-10T00:00:00.000Z";"2025-11-01T00:00:00.000Z";"HR4924020061100387225";"HR01 08080-23101630-16"
"GRAD LABIN";"2025-12-31T00:00:00.000Z";"PRO VITALIS D.O.O.";"11857024889";"Žminj";;"EUR";"33.01";"R0010 Usluge tekućeg i investicijskog održavanja";"100       01 UPRAVNI ODJEL ZA POSLOVE GRADONAČELNIKA, GRADSKO VIJEĆE I OPĆE POSLOVE";"L01 1001A100001 Redovna djelatnost upravnih odjela";"1.1.001    1.OPĆI PRIHODI I PRIMICI";"323210 Usluge tekućeg i investicijskog održavanja građevinskih objekata";"0133 Ostale opće usluge";"2333-100-2";"NAJAM POU APARATA ZAVODU 12/2025 - ID 270925/0004639";"2025-12-22T00:00:00.000Z";"2026-01-06T00:00:00.000Z";"HR3224840081104964506";"HR00 253600233300"
"GRAD LABIN";"2025-12-31T00:00:00.000Z";"JEDINSTVO D.O.O.";"29947239127";"LABIN";;"EUR";"20.31";"R0439 Ostali nespomenuti rashodi poslovanja";"500       01 UPRAVNI ODJEL ZA DRUŠTVENE DJELATNOSTI";"L01 5004A500004 Brendiranje-Praktična realizacija na proj. cakavice, M.Vlačića i rudarstva";"1.1.001    1.OPĆI PRIHODI I PRIMICI";"329990 Ostali nespomenuti rashodi poslovanja";"0820 Službe kulture";"1924-23-1";"Ćakuloda za najmlaje -OŠ Matije Vlačića Labin(Brendiranje 25/0004658";"2025-11-29T00:00:00.000Z";"2025-12-09T00:00:00.000Z";"HR4924020061100387225";"HR01 08080-23101924-15"
"GRAD LABIN";"2025-12-31T00:00:00.000Z";"KONICA MINOLTA HRVATSKA D.O.O.";"31697259786";"ZAGREB";;"EUR";"20.20";"R0013 Ostale zakupnine i najamnine";"100       01 UPRAVNI ODJEL ZA POSLOVE GRADONAČELNIKA, GRADSKO VIJEĆE I OPĆE POSLOVE";"L01 1001A100001 Redovna djelatnost upravnih odjela";"1.1.001    1.OPĆI PRIHODI I PRIMICI";"323530 Zakupnine i najamnine za opremu";"0133 Ostale opće usluge";"39479-01-1";"OBRAČUN ZA PERIOD13.10-30.11.25 - ID 246625/0004655";"2025-11-30T00:00:00.000Z";"2025-12-08T00:00:00.000Z";"HR1624840081100446146";"HR00 26097-25-11102229"
"GRAD LABIN";"2025-12-31T00:00:00.000Z";"1.MAJ LABIN D.O.O. LABIN";"23557321379";"LABIN";;"EUR";"19.38";"R0012 Komunalne usluge";"100       01 UPRAVNI ODJEL ZA POSLOVE GRADONAČELNIKA, GRADSKO VIJEĆE I OPĆE POSLOVE";"L01 1001A100001 Redovna djelatnost upravnih odjela";"1.1.001    1.OPĆI PRIHODI I PRIMICI";"323420 Iznošenje i odvoz smeća";"0133 Ostale opće usluge";"105RAF-01--28-1953/25";"ODVOZ SMEĆA ZA 11/25 -KLUB UMIROVLJENIKA LABIN DONJI- ID 2 25/0004657";"2025-11-30T00:00:00.000Z";"2025-12-30T00:00:00.000Z";"HR3224020061100387143";"HR01 1953-01294619"
"GRAD LABIN";"2025-12-31T00:00:00.000Z";"FINA FINANCIJSKA AGENCIJA";"85821130368";"ZAGREB";;"EUR";"16.60";"R0218 Ostali nespomenuti rashodi poslovanja";"200       01 UPRAVNI ODJEL ZA PRORAČUN I FINANCIJE";"L01 2001A200001 Zajednički troškovi upravnih odjela";"1.1.001    1.OPĆI PRIHODI I PRIMICI";"329997 Ostali nespomenuti rashodi poslovanja- E- certifikati Fina";"0112 Financijski i fiskalni poslovi";"08-1125-0767490";"E-PAKET ZA 11/2025 -ID 2707 25/0004608";"2025-11-30T00:00:00.000Z";"2026-01-03T00:00:00.000Z";"HR4223900011100017042";"HR03 086-11258-07674902"
"GRAD LABIN";"2025-12-31T00:00:00.000Z";"JEDINSTVO D.O.O.";"29947239127";"LABIN";;"EUR";"6.09";"R0439 Ostali nespomenuti rashodi poslovanja";"500       01 UPRAVNI ODJEL ZA DRUŠTVENE DJELATNOSTI";"L01 5004A500004 Brendiranje-Praktična realizacija na proj. cakavice, M.Vlačića i rudarstva";"1.1.001    1.OPĆI PRIHODI I PRIMICI";"329990 Ostali nespomenuti rashodi poslovanja";"0820 Službe kulture";"2007-23-1";"PREH. ROBA ZA""ĆAKULODA ZA NAJMLAJE"" OŠ IVOLOLA RIBAR MATIČ 25/0004641";"2025-12-10T00:00:00.000Z";"2025-12-11T00:00:00.000Z";"HR4924020061100387225";"HR01 08080-23102007-10"
"GRAD LABIN";"2025-12-31T00:00:00.000Z";"VODOVOD PULA-LABIN d.o.o-PodružnicaLABIN";"19798348108";"LABIN";;"EUR";"6.69";"R0350-54 Utrošak vode za potrebe javnih sanitarnih čvorova";"400       01 UPRAVNI ODJEL ZA KOMUNALNO GOSPODARSTVO I UPRAVLJANJE IMOVINOM";"L01 4001A400016 Održavanje građevina, uređaja i predmeta javne namjene";"4.4.001    4.BORAVIŠNE PRISTOJBE";"323410 Opskrba vodom";"0660 Rashodi vezani za stanovanje i kom. pogodnosti koji nisu drugdje svrstani";"55012171";"VODA ZA 03/25 - SIDAMO 25/0003867";"2025-03-31T00:00:00.000Z";"2025-04-30T00:00:00.000Z";"HR5524020061500147397";"HR01 55012171-80004-88"
"GRAD LABIN";"2025-12-31T00:00:00.000Z";"PRIVREDNA BANKA ZAGREB D.D.          PBZ";"02535697732";"ZAGREB";;"EUR";"4785.68";"R0229-0 Kamate za primljene kredite za Dom za starije";"200       01 UPRAVNI ODJEL ZA PRORAČUN I FINANCIJE";"L01 2001A200003 Otplata zajmova";"5.5.002    5. KAPITALNE POMOĆI IZ ŽUPANIJSKOG PRORAČUNA";"342338 Kamate na primljene zajmove-Dom za starije";"0112 Financijski i fiskalni poslovi";"22-12-2025";"KAMATE PO KREDITU ZA RAZ. 10-12/2025-DOM ZA STARIJE 25/0004570";"2025-12-22T00:00:00.000Z";"2025-12-31T00:00:00.000Z";"HR6423400091000000013";"HR05 40100-5010759610"
"GRAD LABIN";"2025-12-31T00:00:00.000Z";"PRIVREDNA BANKA ZAGREB D.D.          PBZ";"02535697732";"ZAGREB";;"EUR";"4785.68";"R0226 Kamate za primljene kredite za Dom za starije";"200       01 UPRAVNI ODJEL ZA PRORAČUN I FINANCIJE";"L01 2001A200003 Otplata zajmova";"1.1.001    1.OPĆI PRIHODI I PRIMICI";"342338 Kamate na primljene zajmove-Dom za starije";"0112 Financijski i fiskalni poslovi";"22-12-2025";"KAMATE PO KREDITU ZA RAZ. 10-12/2025-DOM ZA STARIJE 25/0004570";"2025-12-22T00:00:00.000Z";"2025-12-31T00:00:00.000Z";"HR6423400091000000013";"HR05 40100-5010759610"
"GRAD LABIN";"2025-12-31T00:00:00.000Z";"VODOVOD PULA-LABIN d.o.o-PodružnicaLABIN";"19798348108";"LABIN";;"EUR";"5.45";"R0350-59 Utrošak vode za zalijevanje javnih zelenih površina";"400       01 UPRAVNI ODJEL ZA KOMUNALNO GOSPODARSTVO I UPRAVLJANJE IMOVINOM";"L01 4001A400016 Održavanje građevina, uređaja i predmeta javne namjene";"4.6.001    4. KOMUNALNA NAKNADA";"323410 Opskrba vodom";"0660 Rashodi vezani za stanovanje i kom. pogodnosti koji nisu drugdje svrstani";"55115639";"UTORŠAK VODE ZA 11 MJ-JAVNA SLAVINA KOD SV. AND., ID 2650 25/0004496";"2025-11-30T00:00:00.000Z";"2025-12-31T00:00:00.000Z";"HR5524020061500147397";"HR01 55115639-80004-85"
"GRAD LABIN";"2025-12-31T00:00:00.000Z";"VODOVOD PULA-LABIN d.o.o-PodružnicaLABIN";"19798348108";"LABIN";;"EUR";"5.45";"R0350-59 Utrošak vode za zalijevanje javnih zelenih površina";"400       01 UPRAVNI ODJEL ZA KOMUNALNO GOSPODARSTVO I UPRAVLJANJE IMOVINOM";"L01 4001A400016 Održavanje građevina, uređaja i predmeta javne namjene";"4.6.001    4. KOMUNALNA NAKNADA";"323410 Opskrba vodom";"0660 Rashodi vezani za stanovanje i kom. pogodnosti koji nisu drugdje svrstani";"55124911";"UTORŠAK VODE ZA 11 MJ-IGRALIŠTE PRESIKA, ID 2649 25/0004495";"2025-11-30T00:00:00.000Z";"2025-12-31T00:00:00.000Z";"HR5524020061500147397";"HR01 55124911-80004-81"
"GRAD LABIN";"2025-12-31T00:00:00.000Z";"VODOVOD PULA-LABIN d.o.o-PodružnicaLABIN";"19798348108";"LABIN";;"EUR";"9.66";"R0364 Komunalne usluge za poslovne objekte";"400       01 UPRAVNI ODJEL ZA KOMUNALNO GOSPODARSTVO I UPRAVLJANJE IMOVINOM";"L01 4002A400002 Održavanje poslovnih prostora, štandova i privremenih priključaka";"1.1.001    1.OPĆI PRIHODI I PRIMICI";"323410 Opskrba vodom";"0490 Ekonomski poslovi koji nisu drugdje svrstani";"55124529";"VODA ZA 11/25 - PP A.NEGRI 7 - ID 2651 25/0004477";"2025-11-30T00:00:00.000Z";"2025-12-31T00:00:00.000Z";"HR5524020061500147397";"HR01 55124529-80004-81"
"GRAD LABIN";"2025-12-31T00:00:00.000Z";"VODOVOD PULA-LABIN d.o.o-PodružnicaLABIN";"19798348108";"LABIN";;"EUR";"37.69";"R0012 Komunalne usluge";"100       01 UPRAVNI ODJEL ZA POSLOVE GRADONAČELNIKA, GRADSKO VIJEĆE I OPĆE POSLOVE";"L01 1001A100001 Redovna djelatnost upravnih odjela";"1.1.001    1.OPĆI PRIHODI I PRIMICI";"323411 Opskrba vodom- osn. za priznati predporez";"0133 Ostale opće usluge";"55124033";"UTROŠAK VODE ZA 11 MJ-GRAD LABIN-UPRAVA ID 2585 25/0004317";"2025-11-30T00:00:00.000Z";"2025-12-31T00:00:00.000Z";"HR5524020061500147397";"HR01 55124033-80004-82"
"GRAD LABIN";"2025-12-31T00:00:00.000Z";"VODOVOD PULA-LABIN d.o.o-PodružnicaLABIN";"19798348108";"LABIN";;"EUR";"132.76";"R0012 Komunalne usluge";"100       01 UPRAVNI ODJEL ZA POSLOVE GRADONAČELNIKA, GRADSKO VIJEĆE I OPĆE POSLOVE";"L01 1001A100001 Redovna djelatnost upravnih odjela";"1.1.001    1.OPĆI PRIHODI I PRIMICI";"323410 Opskrba vodom";"0133 Ostale opće usluge";"55124033";"UTROŠAK VODE ZA 11 MJ-GRAD LABIN-UPRAVA ID 2585 25/0004317";"2025-11-30T00:00:00.000Z";"2025-12-31T00:00:00.000Z";"HR5524020061500147397";"HR01 55124033-80004-82"
"GRAD LABIN";"2025-12-31T00:00:00.000Z";"VODOVOD PULA-LABIN d.o.o-PodružnicaLABIN";"19798348108";"LABIN";;"EUR";"3.98";"R0350-40 Utrošak vode za zalijevanje javnih zelenih površina";"400       01 UPRAVNI ODJEL ZA KOMUNALNO GOSPODARSTVO I UPRAVLJANJE IMOVINOM";"L01 4001A400015 Održavanje javnih zelenih površina";"4.6.001    4. KOMUNALNA NAKNADA";"323410 Opskrba vodom";"0560 Poslovi i usluge zaštite okoliša koji nisu drugdje svrstani";"55125471";"UTROŠAK VODE ZA 11 MJ-ZA ZAL.-KRVOVA PLACA, ID 2570 25/0004316";"2025-11-30T00:00:00.000Z";"2025-12-31T00:00:00.000Z";"HR5524020061500147397";"HR01 55125471-80004-88"
"GRAD LABIN";"2025-12-31T00:00:00.000Z";"VODOVOD PULA-LABIN d.o.o-PodružnicaLABIN";"19798348108";"LABIN";;"EUR";"10.80";"R0012 Komunalne usluge";"100       01 UPRAVNI ODJEL ZA POSLOVE GRADONAČELNIKA, GRADSKO VIJEĆE I OPĆE POSLOVE";"L01 1001A100001 Redovna djelatnost upravnih odjela";"1.1.001    1.OPĆI PRIHODI I PRIMICI";"323410 Opskrba vodom";"0133 Ostale opće usluge";"55125462";"UTROŠAK VODE ZA 11 MJ-ROTOR GROBLJE ZA ZAL., ID 2571 25/0004315";"2025-11-30T00:00:00.000Z";"2025-12-31T00:00:00.000Z";"HR5524020061500147397";"HR01 55125462-80004-89"
"GRAD LABIN";"2025-12-31T00:00:00.000Z";"VODOVOD PULA-LABIN d.o.o-PodružnicaLABIN";"19798348108";"LABIN";;"EUR";"3.98";"R0350-40 Utrošak vode za zalijevanje javnih zelenih površina";"400       01 UPRAVNI ODJEL ZA KOMUNALNO GOSPODARSTVO I UPRAVLJANJE IMOVINOM";"L01 4001A400015 Održavanje javnih zelenih površina";"4.6.001    4. KOMUNALNA NAKNADA";"323410 Opskrba vodom";"0560 Poslovi i usluge zaštite okoliša koji nisu drugdje svrstani";"55124992";"UTROŠAK VODE ZA 11 MJ-ROTOR GROBLJE ZA ZAL., ID 2572 25/0004314";"2025-11-30T00:00:00.000Z";"2025-12-31T00:00:00.000Z";"HR5524020061500147397";"HR01 55124992-80004-89"
"GRAD LABIN";"2025-12-31T00:00:00.000Z";"VODOVOD PULA-LABIN d.o.o-PodružnicaLABIN";"19798348108";"LABIN";;"EUR";"3.98";"R0366-10 Komunalne usluge";"400       01 UPRAVNI ODJEL ZA KOMUNALNO GOSPODARSTVO I UPRAVLJANJE IMOVINOM";"L01 4002A400008 Održavanje igrališta";"4.6.001    4. KOMUNALNA NAKNADA";"323410 Opskrba vodom";"0810 Službe rekreacije i sporta";"55125141";"UTROŠAK VODE ZA 11 MJ-ZA BOĆARSKI KLUB ""ISKRA""VINEŽ, ID 2573 25/0004313";"2025-11-30T00:00:00.000Z";"2025-12-31T00:00:00.000Z";"HR5524020061500147397";"HR01 55125141-80004-80"
"GRAD LABIN";"2025-12-31T00:00:00.000Z";"VODOVOD PULA-LABIN d.o.o-PodružnicaLABIN";"19798348108";"LABIN";;"EUR";"3.98";"R0350-40 Utrošak vode za zalijevanje javnih zelenih površina";"400       01 UPRAVNI ODJEL ZA KOMUNALNO GOSPODARSTVO I UPRAVLJANJE IMOVINOM";"L01 4001A400015 Održavanje javnih zelenih površina";"4.6.001    4. KOMUNALNA NAKNADA";"323410 Opskrba vodom";"0560 Poslovi i usluge zaštite okoliša koji nisu drugdje svrstani";"55124526";"UTROŠAK VODE ZA 11 MJ-ZA PARKOVE A.NEGRI, ID 2574 25/0004312";"2025-11-30T00:00:00.000Z";"2025-12-31T00:00:00.000Z";"HR5524020061500147397";"HR01 55124526-80004-83"
"GRAD LABIN";"2025-12-31T00:00:00.000Z";"VODOVOD PULA-LABIN d.o.o-PodružnicaLABIN";"19798348108";"LABIN";;"EUR";"5.92";"R0364 Komunalne usluge za poslovne objekte";"400       01 UPRAVNI ODJEL ZA KOMUNALNO GOSPODARSTVO I UPRAVLJANJE IMOVINOM";"L01 4002A400002 Održavanje poslovnih prostora, štandova i privremenih priključaka";"1.1.001    1.OPĆI PRIHODI I PRIMICI";"323411 Opskrba vodom- osn. za priznati predporez";"0490 Ekonomski poslovi koji nisu drugdje svrstani";"55124506";"UTROŠAK VODE ZA 11 MJ-P.P. U A.NEGRI 4/1, ID 2575 25/0004311";"2025-11-30T00:00:00.000Z";"2025-12-31T00:00:00.000Z";"HR5524020061500147397";"HR01 55124506-80004-80"
"GRAD LABIN";"2025-12-31T00:00:00.000Z";"VODOVOD PULA-LABIN d.o.o-PodružnicaLABIN";"19798348108";"LABIN";;"EUR";"5.92";"R0364 Komunalne usluge za poslovne objekte";"400       01 UPRAVNI ODJEL ZA KOMUNALNO GOSPODARSTVO I UPRAVLJANJE IMOVINOM";"L01 4002A400002 Održavanje poslovnih prostora, štandova i privremenih priključaka";"1.1.001    1.OPĆI PRIHODI I PRIMICI";"323411 Opskrba vodom- osn. za priznati predporez";"0490 Ekonomski poslovi koji nisu drugdje svrstani";"55124518";"UTROŠAK VODE ZA 11 MJ-P.P. U A.NEGRI 7, ID 2576 25/0004310";"2025-11-30T00:00:00.000Z";"2025-12-31T00:00:00.000Z";"HR5524020061500147397";"HR01 55124518-80004-87"
"GRAD LABIN";"2025-12-31T00:00:00.000Z";"HEP ELEKTRA D.O.O.";"43965974818";"ZAGREB";;"EUR";"994.07";"R0493 Energija";"500       01 UPRAVNI ODJEL ZA DRUŠTVENE DJELATNOSTI";"L01 5006A500007 Socijalna zaštita obitelji u nužnom smještaju";"1.1.001    1.OPĆI PRIHODI I PRIMICI";"322310 Električna energija";"1060 Stanovanje";"109012741618";"EL. ENERGIJA ZA 11 MJ25/0004557";"2025-11-30T00:00:00.000Z";"2025-12-24T00:00:00.000Z";"HR4323900011500128056";"HR01 2301013786-251123-0"
"GRAD LABIN";"2025-12-31T00:00:00.000Z";"VODOVOD PULA-LABIN d.o.o-PodružnicaLABIN";"19798348108";"LABIN";;"EUR";"6.69";"R0012 Komunalne usluge";"100       01 UPRAVNI ODJEL ZA POSLOVE GRADONAČELNIKA, GRADSKO VIJEĆE I OPĆE POSLOVE";"L01 1001A100001 Redovna djelatnost upravnih odjela";"1.1.001    1.OPĆI PRIHODI I PRIMICI";"323410 Opskrba vodom";"0133 Ostale opće usluge";"55124404";"UTROŠAK VODE ZA 11 MJ-GALERIJA-PREKO PUTA MUZEJA, ID 2577 25/0004309";"2025-11-30T00:00:00.000Z";"2025-12-31T00:00:00.000Z";"HR5524020061500147397";"HR01 55124404-80004-83"
"GRAD LABIN";"2025-12-31T00:00:00.000Z";"VODOVOD PULA-LABIN d.o.o-PodružnicaLABIN";"19798348108";"LABIN";;"EUR";"5.92";"R0364 Komunalne usluge za poslovne objekte";"400       01 UPRAVNI ODJEL ZA KOMUNALNO GOSPODARSTVO I UPRAVLJANJE IMOVINOM";"L01 4002A400002 Održavanje poslovnih prostora, štandova i privremenih priključaka";"1.1.001    1.OPĆI PRIHODI I PRIMICI";"323411 Opskrba vodom- osn. za priznati predporez";"0490 Ekonomski poslovi koji nisu drugdje svrstani";"55124399";"UTROŠAK VODE ZA 11 MJ-P.P. G.MARTINUZZI0, ID 2578 25/0004308";"2025-11-30T00:00:00.000Z";"2025-12-31T00:00:00.000Z";"HR5524020061500147397";"HR01 55124399-80004-82"
"GRAD LABIN";"2025-12-31T00:00:00.000Z";"VODOVOD PULA-LABIN d.o.o-PodružnicaLABIN";"19798348108";"LABIN";;"EUR";"5.92";"R0364 Komunalne usluge za poslovne objekte";"400       01 UPRAVNI ODJEL ZA KOMUNALNO GOSPODARSTVO I UPRAVLJANJE IMOVINOM";"L01 4002A400002 Održavanje poslovnih prostora, štandova i privremenih priključaka";"1.1.001    1.OPĆI PRIHODI I PRIMICI";"323411 Opskrba vodom- osn. za priznati predporez";"0490 Ekonomski poslovi koji nisu drugdje svrstani";"55124393";"UTROŠAK VODE ZA 11 MJ-P.P. 1 MAJ 10, ID 2579 25/0004307";"2025-11-30T00:00:00.000Z";"2025-12-31T00:00:00.000Z";"HR5524020061500147397";"HR01 55124393-80004-86"
"GRAD LABIN";"2025-12-31T00:00:00.000Z";"VODOVOD PULA-LABIN d.o.o-PodružnicaLABIN";"19798348108";"LABIN";;"EUR";"19.52";"R0350-40 Utrošak vode za zalijevanje javnih zelenih površina";"400       01 UPRAVNI ODJEL ZA KOMUNALNO GOSPODARSTVO I UPRAVLJANJE IMOVINOM";"L01 4001A400015 Održavanje javnih zelenih površina";"4.6.001    4. KOMUNALNA NAKNADA";"323410 Opskrba vodom";"0560 Poslovi i usluge zaštite okoliša koji nisu drugdje svrstani";"55124287";"UTROŠAK VODE ZA 11 MJ-FONTANA ""SAN MARCO"", ID 2580 25/0004306";"2025-11-30T00:00:00.000Z";"2025-12-31T00:00:00.000Z";"HR5524020061500147397";"HR01 55124287-80004-84"
"GRAD LABIN";"2025-12-31T00:00:00.000Z";"VODOVOD PULA-LABIN d.o.o-PodružnicaLABIN";"19798348108";"LABIN";;"EUR";"5.45";"R0350-59 Utrošak vode za zalijevanje javnih zelenih površina";"400       01 UPRAVNI ODJEL ZA KOMUNALNO GOSPODARSTVO I UPRAVLJANJE IMOVINOM";"L01 4001A400016 Održavanje građevina, uređaja i predmeta javne namjene";"4.6.001    4. KOMUNALNA NAKNADA";"323410 Opskrba vodom";"0660 Rashodi vezani za stanovanje i kom. pogodnosti koji nisu drugdje svrstani";"55124151";"UTROŠAK VODE ZA 11 MJ-JAVNA SLAVINA SV. KATARINA, ID 2581 25/0004305";"2025-11-30T00:00:00.000Z";"2025-12-31T00:00:00.000Z";"HR5524020061500147397";"HR01 55124151-80004-81"
"GRAD LABIN";"2025-12-31T00:00:00.000Z";"VODOVOD PULA-LABIN d.o.o-PodružnicaLABIN";"19798348108";"LABIN";;"EUR";"47.83";"R0350-54 Utrošak vode za potrebe javnih sanitarnih čvorova";"400       01 UPRAVNI ODJEL ZA KOMUNALNO GOSPODARSTVO I UPRAVLJANJE IMOVINOM";"L01 4001A400016 Održavanje građevina, uređaja i predmeta javne namjene";"4.4.001    4.BORAVIŠNE PRISTOJBE";"323410 Opskrba vodom";"0660 Rashodi vezani za stanovanje i kom. pogodnosti koji nisu drugdje svrstani";"55124086";"UTROŠAK VODE ZA 11 MJ-JAVNI WC KOD TORIONA, ID 2582 25/0004304";"2025-11-30T00:00:00.000Z";"2025-12-31T00:00:00.000Z";"HR5524020061500147397";"HR01 55124086-80004-80"
"GRAD LABIN";"2025-12-31T00:00:00.000Z";"HRVATSKA BANKA ZA OBNOVU I RAZVITAK";"26702280390";"ZAGREB";;"EUR";"310.00";"R0223-1 Kamate za primljene kredite od institucija u javnom sektoru-HBOR-Rasvjeta";"200       01 UPRAVNI ODJEL ZA PRORAČUN I FINANCIJE";"L01 2001A200003 Otplata zajmova";"1.1.001    1.OPĆI PRIHODI I PRIMICI";"342222 Kamate za primljene kredite od kreditnih institucija u javnom sektoru-HABOR-JR";"0112 Financijski i fiskalni poslovi";"1102061-12";"KAMATE PO KREDITU31.12.25. JAVNA RASVIJETA25/0004670";"2025-11-21T00:00:00.000Z";"2025-12-31T00:00:00.000Z";"HR4623900011101354600";"HR04 25208-2700-11020610"
"GRAD LABIN";"2025-12-31T00:00:00.000Z";"VODOVOD PULA-LABIN d.o.o-PodružnicaLABIN";"19798348108";"LABIN";;"EUR";"14.93";"R0350-54 Utrošak vode za potrebe javnih sanitarnih čvorova";"400       01 UPRAVNI ODJEL ZA KOMUNALNO GOSPODARSTVO I UPRAVLJANJE IMOVINOM";"L01 4001A400016 Održavanje građevina, uređaja i predmeta javne namjene";"4.4.001    4.BORAVIŠNE PRISTOJBE";"323410 Opskrba vodom";"0660 Rashodi vezani za stanovanje i kom. pogodnosti koji nisu drugdje svrstani";"55124052";"UTROŠAK VODE ZA 11 MJ-JAVNI WC-TRG M. TITA, ID 2583 25/0004303";"2025-11-30T00:00:00.000Z";"2025-12-31T00:00:00.000Z";"HR5524020061500147397";"HR01 55124052-80004-83"
"GRAD LABIN";"2025-12-31T00:00:00.000Z";"VODOVOD PULA-LABIN d.o.o-PodružnicaLABIN";"19798348108";"LABIN";;"EUR";"5.92";"R0364 Komunalne usluge za poslovne objekte";"400       01 UPRAVNI ODJEL ZA KOMUNALNO GOSPODARSTVO I UPRAVLJANJE IMOVINOM";"L01 4002A400002 Održavanje poslovnih prostora, štandova i privremenih priključaka";"1.1.001    1.OPĆI PRIHODI I PRIMICI";"323411 Opskrba vodom- osn. za priznati predporez";"0490 Ekonomski poslovi koji nisu drugdje svrstani";"55124037";"UTROŠAK VODE ZA 11 MJ-P.P. U PAOLO SVECI, ID 2584 25/0004302";"2025-11-30T00:00:00.000Z";"2025-12-31T00:00:00.000Z";"HR5524020061500147397";"HR01 55124037-80004-83"
"GRAD LABIN";"2025-12-31T00:00:00.000Z";"PBZ BANKA- OTPLATA KREDITA";"           ";"LABIN";;"EUR";"37604.79";"R0229-7 Otplata glavnice primljenih kredita za Dom za starije-PBZ";"200       01 UPRAVNI ODJEL ZA PRORAČUN I FINANCIJE";"L01 2001A200003 Otplata zajmova";"1.1.003 1.OPĆI PRIHODI I PRIMICI-REZULTAT";"544327 Obveze za zajmove tuzemnim bankama - PBZ - 5010759610 -DOM";"";"";"RATA KREDITA ZA DOM ZA STARIJE";"2025-12-31T00:00:00.000Z";"2025-12-31T00:00:00.000Z";"HR6423400091000000013";"HR05 40100-5010759610"
"GRAD LABIN";"2025-12-31T00:00:00.000Z";"PBZ BANKA- OTPLATA KREDITA";"           ";"LABIN";;"EUR";"37604.80";"R0229-2 Otplata glavnice primljenih kredita od tuzemnih kreditnih institucija izvan javnog sektora";"200       01 UPRAVNI ODJEL ZA PRORAČUN I FINANCIJE";"L01 2001A200003 Otplata zajmova";"5.5.002    5. KAPITALNE POMOĆI IZ ŽUPANIJSKOG PRORAČUNA";"544327 Obveze za zajmove tuzemnim bankama - PBZ - 5010759610 -DOM";"";"";"RATA KREDITA ZA DOM ZA STARIJE";"2025-12-31T00:00:00.000Z";"2025-12-31T00:00:00.000Z";"HR6423400091000000013";"HR05 40100-5010759610"
"GRAD LABIN";"2025-12-31T00:00:00.000Z";"VODOVOD PULA-LABIN d.o.o-PodružnicaLABIN";"19798348108";"LABIN";;"EUR";"3.98";"R0350-40 Utrošak vode za zalijevanje javnih zelenih površina";"400       01 UPRAVNI ODJEL ZA KOMUNALNO GOSPODARSTVO I UPRAVLJANJE IMOVINOM";"L01 4001A400015 Održavanje javnih zelenih površina";"4.6.001    4. KOMUNALNA NAKNADA";"323410 Opskrba vodom";"0560 Poslovi i usluge zaštite okoliša koji nisu drugdje svrstani";"55123884";"UTROŠAK VODE ZA 11 MJ-ZA ZALIJ. ROTORA KAP.-STARCI, ID 2586 25/0004301";"2025-11-30T00:00:00.000Z";"2025-12-31T00:00:00.000Z";"HR5524020061500147397";"HR01 55123884-80004-81"
"GRAD LABIN";"2025-12-31T00:00:00.000Z";"VODOVOD PULA-LABIN d.o.o-PodružnicaLABIN";"19798348108";"LABIN";;"EUR";"5.92";"R0364 Komunalne usluge za poslovne objekte";"400       01 UPRAVNI ODJEL ZA KOMUNALNO GOSPODARSTVO I UPRAVLJANJE IMOVINOM";"L01 4002A400002 Održavanje poslovnih prostora, štandova i privremenih priključaka";"1.1.001    1.OPĆI PRIHODI I PRIMICI";"323411 Opskrba vodom- osn. za priznati predporez";"0490 Ekonomski poslovi koji nisu drugdje svrstani";"55123668";"UTROŠAK VODE ZA 11 MJ-POTR. U RUDARSKA -P.P., ID 2587 25/0004300";"2025-11-30T00:00:00.000Z";"2025-12-31T00:00:00.000Z";"HR5524020061500147397";"HR01 55123668-80004-87"
"GRAD LABIN";"2025-12-31T00:00:00.000Z";"HBOR HRVATSKA BANKA ZA OBNOVU I RAZVOJ";"26702280390";"ZAGREB";;"EUR";"115.88";"R0229-10 Otplata glavnice primljenih kredita od kreditnih institucija u javnom sektoru-HBOR-Rasvjeta";"200       01 UPRAVNI ODJEL ZA PRORAČUN I FINANCIJE";"L01 2001A200003 Otplata zajmova";"1.1.003 1.OPĆI PRIHODI I PRIMICI-REZULTAT";"542222 Otplata glavnice primljenih kredita od kreditnih institucija u javnom sektoru - dugoročnih-HBOR- JR";"";"";"RATA KREDITA ZAJAVNU RASVJETU";"2025-12-31T00:00:00.000Z";"2025-12-31T00:00:00.000Z";"HR4623900011101354600";"HR04 25208-2700-11020610"
"GRAD LABIN";"2025-12-31T00:00:00.000Z";"HBOR HRVATSKA BANKA ZA OBNOVU I RAZVOJ";"26702280390";"ZAGREB";;"EUR";"7818.89";"R0227-1 Otplata glavnice primljenih kredita od kreditnih institucija u javnom sektoru-HBOR-Rasvjeta";"200       01 UPRAVNI ODJEL ZA PRORAČUN I FINANCIJE";"L01 2001A200003 Otplata zajmova";"1.1.001    1.OPĆI PRIHODI I PRIMICI";"542222 Otplata glavnice primljenih kredita od kreditnih institucija u javnom sektoru - dugoročnih-HBOR- JR";"";"";"RATA KREDITA ZAJAVNU RASVJETU";"2025-12-31T00:00:00.000Z";"2025-12-31T00:00:00.000Z";"HR4623900011101354600";"HR04 25208-2700-11020610"
"GRAD LABIN";"2025-12-31T00:00:00.000Z";"VODOVOD PULA-LABIN d.o.o-PodružnicaLABIN";"19798348108";"LABIN";;"EUR";"65.26";"R0366-21 Komunalne usluge-utrošak vode, smeća";"400       01 UPRAVNI ODJEL ZA KOMUNALNO GOSPODARSTVO I UPRAVLJANJE IMOVINOM";"L01 4002A400009 Održavanje sportske dvorane";"4.6.001    4. KOMUNALNA NAKNADA";"323410 Opskrba vodom";"0810 Službe rekreacije i sporta";"55123665";"UTROŠAK VODE ZA 11 MJ-SPORT. DVOR., ID 2588 25/0004299";"2025-11-30T00:00:00.000Z";"2025-12-31T00:00:00.000Z";"HR5524020061500147397";"HR01 55123665-80004-89"
"GRAD LABIN";"2025-12-31T00:00:00.000Z";"VODOVOD PULA-LABIN d.o.o-PodružnicaLABIN";"19798348108";"LABIN";;"EUR";"6.69";"R0364 Komunalne usluge za poslovne objekte";"400       01 UPRAVNI ODJEL ZA KOMUNALNO GOSPODARSTVO I UPRAVLJANJE IMOVINOM";"L01 4002A400002 Održavanje poslovnih prostora, štandova i privremenih priključaka";"1.1.001    1.OPĆI PRIHODI I PRIMICI";"323410 Opskrba vodom";"0490 Ekonomski poslovi koji nisu drugdje svrstani";"55123584";"UTROŠAK VODE ZA 11 MJ-ODV.POTR.""KULA"", ID 2590 25/0004298";"2025-11-30T00:00:00.000Z";"2025-12-31T00:00:00.000Z";"HR5524020061500147397";"HR01 55123584-80004-89"
"GRAD LABIN";"2025-12-31T00:00:00.000Z";"VODOVOD PULA-LABIN d.o.o-PodružnicaLABIN";"19798348108";"LABIN";;"EUR";"3.98";"R0350-40 Utrošak vode za zalijevanje javnih zelenih površina";"400       01 UPRAVNI ODJEL ZA KOMUNALNO GOSPODARSTVO I UPRAVLJANJE IMOVINOM";"L01 4001A400015 Održavanje javnih zelenih površina";"4.6.001    4. KOMUNALNA NAKNADA";"323410 Opskrba vodom";"0560 Poslovi i usluge zaštite okoliša koji nisu drugdje svrstani";"55123008";"UTROŠAK VODE ZA 11 MJ-PARK ISPRED BANKE, ID 2591 25/0004297";"2025-11-30T00:00:00.000Z";"2025-12-31T00:00:00.000Z";"HR5524020061500147397";"HR01 55123008-80004-80"
"GRAD LABIN";"2025-12-31T00:00:00.000Z";"VODOVOD PULA-LABIN d.o.o-PodružnicaLABIN";"19798348108";"LABIN";;"EUR";"5.45";"R0366-21 Komunalne usluge-utrošak vode, smeća";"400       01 UPRAVNI ODJEL ZA KOMUNALNO GOSPODARSTVO I UPRAVLJANJE IMOVINOM";"L01 4002A400009 Održavanje sportske dvorane";"4.6.001    4. KOMUNALNA NAKNADA";"323410 Opskrba vodom";"0810 Službe rekreacije i sporta";"55122936";"UTROŠAK VODE ZA 11 MJ-SPORTSKA DVOR.-ID 2592 25/0004288";"2025-11-30T00:00:00.000Z";"2025-12-31T00:00:00.000Z";"HR5524020061500147397";"HR01 55122936-80004-89"
"GRAD LABIN";"2025-12-31T00:00:00.000Z";"VODOVOD PULA-LABIN d.o.o-PodružnicaLABIN";"19798348108";"LABIN";;"EUR";"5.92";"R0364 Komunalne usluge za poslovne objekte";"400       01 UPRAVNI ODJEL ZA KOMUNALNO GOSPODARSTVO I UPRAVLJANJE IMOVINOM";"L01 4002A400002 Održavanje poslovnih prostora, štandova i privremenih priključaka";"1.1.001    1.OPĆI PRIHODI I PRIMICI";"323411 Opskrba vodom- osn. za priznati predporez";"0490 Ekonomski poslovi koji nisu drugdje svrstani";"55122925";"UTROŠAK VODE ZA 11 MJ-P.P. U RUDARSKA 1-ID 2593 25/0004287";"2025-11-30T00:00:00.000Z";"2025-12-31T00:00:00.000Z";"HR5524020061500147397";"HR01 55122925-80004-84"
"GRAD LABIN";"2025-12-31T00:00:00.000Z";"VODOVOD PULA-LABIN d.o.o-PodružnicaLABIN";"19798348108";"LABIN";;"EUR";"4.18";"R0364 Komunalne usluge za poslovne objekte";"400       01 UPRAVNI ODJEL ZA KOMUNALNO GOSPODARSTVO I UPRAVLJANJE IMOVINOM";"L01 4002A400002 Održavanje poslovnih prostora, štandova i privremenih priključaka";"1.1.001    1.OPĆI PRIHODI I PRIMICI";"323411 Opskrba vodom- osn. za priznati predporez";"0490 Ekonomski poslovi koji nisu drugdje svrstani";"55123593";"UTROŠAK VODE ZA 11 MJ-P.P. U RUDARSKA 1-ID 2589 25/0004286";"2025-11-30T00:00:00.000Z";"2025-12-31T00:00:00.000Z";"HR5524020061500147397";"HR01 55123593-80004-88"
"GRAD LABIN";"2025-12-31T00:00:00.000Z";"VODOVOD PULA-LABIN d.o.o-PodružnicaLABIN";"19798348108";"LABIN";;"EUR";"5.92";"R0364 Komunalne usluge za poslovne objekte";"400       01 UPRAVNI ODJEL ZA KOMUNALNO GOSPODARSTVO I UPRAVLJANJE IMOVINOM";"L01 4002A400002 Održavanje poslovnih prostora, štandova i privremenih priključaka";"1.1.001    1.OPĆI PRIHODI I PRIMICI";"323411 Opskrba vodom- osn. za priznati predporez";"0490 Ekonomski poslovi koji nisu drugdje svrstani";"55122793";"UTROŠAK VODE ZA 11 MJ-OD ZAJ.BR.RUDAR.1 P.P.-ID 2595 25/0004285";"2025-11-30T00:00:00.000Z";"2025-12-31T00:00:00.000Z";"HR5524020061500147397";"HR01 55122793-80004-80"
"GRAD LABIN";"2025-12-31T00:00:00.000Z";"VODOVOD PULA-LABIN d.o.o-PodružnicaLABIN";"19798348108";"LABIN";;"EUR";"6.69";"R0364 Komunalne usluge za poslovne objekte";"400       01 UPRAVNI ODJEL ZA KOMUNALNO GOSPODARSTVO I UPRAVLJANJE IMOVINOM";"L01 4002A400002 Održavanje poslovnih prostora, štandova i privremenih priključaka";"1.1.001    1.OPĆI PRIHODI I PRIMICI";"323410 Opskrba vodom";"0490 Ekonomski poslovi koji nisu drugdje svrstani";"55122889";"UTROŠAK VODE ZA 11 MJ-POTR. U ""PIACAL"" LABIN, ID 2594 25/0004284";"2025-11-30T00:00:00.000Z";"2025-12-31T00:00:00.000Z";"HR5524020061500147397";"HR01 55122889-80004-85"
"GRAD LABIN";"2025-12-31T00:00:00.000Z";"VODOVOD PULA-LABIN d.o.o-PodružnicaLABIN";"19798348108";"LABIN";;"EUR";"5.92";"R0364 Komunalne usluge za poslovne objekte";"400       01 UPRAVNI ODJEL ZA KOMUNALNO GOSPODARSTVO I UPRAVLJANJE IMOVINOM";"L01 4002A400002 Održavanje poslovnih prostora, štandova i privremenih priključaka";"1.1.001    1.OPĆI PRIHODI I PRIMICI";"323411 Opskrba vodom- osn. za priznati predporez";"0490 Ekonomski poslovi koji nisu drugdje svrstani";"55122753";"UTROŠAK VODE ZA 11 MJ-RANIJE MESNICA JELEN, ID 2596 25/0004283";"2025-11-30T00:00:00.000Z";"2025-12-31T00:00:00.000Z";"HR5524020061500147397";"HR01 55122753-80004-82"
"GRAD LABIN";"2025-12-31T00:00:00.000Z";"VODOVOD PULA-LABIN d.o.o-PodružnicaLABIN";"19798348108";"LABIN";;"EUR";"10.80";"R0012 Komunalne usluge";"100       01 UPRAVNI ODJEL ZA POSLOVE GRADONAČELNIKA, GRADSKO VIJEĆE I OPĆE POSLOVE";"L01 1001A100001 Redovna djelatnost upravnih odjela";"1.1.001    1.OPĆI PRIHODI I PRIMICI";"323410 Opskrba vodom";"0133 Ostale opće usluge";"55122713";"UTROŠAK VODE ZA 11 MJ-MO LABIN DONJI, ID 2597 25/0004282";"2025-11-30T00:00:00.000Z";"2025-12-31T00:00:00.000Z";"HR5524020061500147397";"HR01 55122713-80004-85"
"GRAD LABIN";"2025-12-31T00:00:00.000Z";"VODOVOD PULA-LABIN d.o.o-PodružnicaLABIN";"19798348108";"LABIN";;"EUR";"3.98";"R0350-40 Utrošak vode za zalijevanje javnih zelenih površina";"400       01 UPRAVNI ODJEL ZA KOMUNALNO GOSPODARSTVO I UPRAVLJANJE IMOVINOM";"L01 4001A400015 Održavanje javnih zelenih površina";"4.6.001    4. KOMUNALNA NAKNADA";"323410 Opskrba vodom";"0560 Poslovi i usluge zaštite okoliša koji nisu drugdje svrstani";"55117364";"UTROŠAK VODE ZA 11 MJ-ZA ZAL. -VINEŽ KOD SPOMENIKA, ID 2598 25/0004281";"2025-11-30T00:00:00.000Z";"2025-12-31T00:00:00.000Z";"HR5524020061500147397";"HR01 55117364-80004-84"
"GRAD LABIN";"2025-12-31T00:00:00.000Z";"VODOVOD PULA-LABIN d.o.o-PodružnicaLABIN";"19798348108";"LABIN";;"EUR";"91.34";"R0366-10 Komunalne usluge";"400       01 UPRAVNI ODJEL ZA KOMUNALNO GOSPODARSTVO I UPRAVLJANJE IMOVINOM";"L01 4002A400008 Održavanje igrališta";"4.6.001    4. KOMUNALNA NAKNADA";"323410 Opskrba vodom";"0810 Službe rekreacije i sporta";"55117248";"UTROŠAK VODE ZA 11 MJ-NK ISKRA-VINEŽ 2, ID 2599 25/0004280";"2025-11-30T00:00:00.000Z";"2025-12-31T00:00:00.000Z";"HR5524020061500147397";"HR01 55117248-80004-80"
"GRAD LABIN";"2025-12-31T00:00:00.000Z";"VODOVOD PULA-LABIN d.o.o-PodružnicaLABIN";"19798348108";"LABIN";;"EUR";"3.98";"R0366-10 Komunalne usluge";"400       01 UPRAVNI ODJEL ZA KOMUNALNO GOSPODARSTVO I UPRAVLJANJE IMOVINOM";"L01 4002A400008 Održavanje igrališta";"4.6.001    4. KOMUNALNA NAKNADA";"323410 Opskrba vodom";"0810 Službe rekreacije i sporta";"55117247";"UTROŠAK VODE ZA 11 MJ-NK ISKRA, ID 2600 25/0004279";"2025-11-30T00:00:00.000Z";"2025-12-31T00:00:00.000Z";"HR5524020061500147397";"HR01 55117247-80004-88"
"GRAD LABIN";"2025-12-31T00:00:00.000Z";"VODOVOD PULA-LABIN d.o.o-PodružnicaLABIN";"19798348108";"LABIN";;"EUR";"268.03";"R0364 Komunalne usluge za poslovne objekte";"400       01 UPRAVNI ODJEL ZA KOMUNALNO GOSPODARSTVO I UPRAVLJANJE IMOVINOM";"L01 4002A400002 Održavanje poslovnih prostora, štandova i privremenih priključaka";"1.1.001    1.OPĆI PRIHODI I PRIMICI";"323411 Opskrba vodom- osn. za priznati predporez";"0490 Ekonomski poslovi koji nisu drugdje svrstani";"55114230";"VODA ZA 11/25 -RIŠ 25/0004276";"2025-11-30T00:00:00.000Z";"2025-12-31T00:00:00.000Z";"HR5524020061500147397";"HR01 55114230-80004-87"
"GRAD LABIN";"2025-12-31T00:00:00.000Z";"VODOVOD PULA-LABIN d.o.o-PodružnicaLABIN";"19798348108";"LABIN";;"EUR";"133.23";"R0364 Komunalne usluge za poslovne objekte";"400       01 UPRAVNI ODJEL ZA KOMUNALNO GOSPODARSTVO I UPRAVLJANJE IMOVINOM";"L01 4002A400002 Održavanje poslovnih prostora, štandova i privremenih priključaka";"1.1.001    1.OPĆI PRIHODI I PRIMICI";"323411 Opskrba vodom- osn. za priznati predporez";"0490 Ekonomski poslovi koji nisu drugdje svrstani";"55114249";"VODA ZA 11/25 -SAMAČKI IND.30% 25/0004275";"2025-11-30T00:00:00.000Z";"2025-12-31T00:00:00.000Z";"HR5524020061500147397";"HR01 55114249-80004-83"
"GRAD LABIN";"2025-12-31T00:00:00.000Z";"VODOVOD PULA-LABIN d.o.o-PodružnicaLABIN";"19798348108";"LABIN";;"EUR";"35.48";"R0350-54 Utrošak vode za potrebe javnih sanitarnih čvorova";"400       01 UPRAVNI ODJEL ZA KOMUNALNO GOSPODARSTVO I UPRAVLJANJE IMOVINOM";"L01 4001A400016 Održavanje građevina, uređaja i predmeta javne namjene";"4.4.001    4.BORAVIŠNE PRISTOJBE";"323410 Opskrba vodom";"0660 Rashodi vezani za stanovanje i kom. pogodnosti koji nisu drugdje svrstani";"55114224";"VODA ZA 11/25 -WC AUT.KOLODOVR 25/0004274";"2025-11-30T00:00:00.000Z";"2025-12-31T00:00:00.000Z";"HR5524020061500147397";"HR01 55114224-80004-86"
"GRAD LABIN";"2025-12-31T00:00:00.000Z";"VODOVOD PULA-LABIN d.o.o-PodružnicaLABIN";"19798348108";"LABIN";;"EUR";"3.98";"R0350-40 Utrošak vode za zalijevanje javnih zelenih površina";"400       01 UPRAVNI ODJEL ZA KOMUNALNO GOSPODARSTVO I UPRAVLJANJE IMOVINOM";"L01 4001A400015 Održavanje javnih zelenih površina";"4.6.001    4. KOMUNALNA NAKNADA";"323410 Opskrba vodom";"0560 Poslovi i usluge zaštite okoliša koji nisu drugdje svrstani";"55114222";"VODA ZA 11/25 - ZALIJEVANJE 2.MART 25/0004273";"2025-11-30T00:00:00.000Z";"2025-12-31T00:00:00.000Z";"HR5524020061500147397";"HR01 55114222-80004-80"
"GRAD LABIN";"2025-12-31T00:00:00.000Z";"VODOVOD PULA-LABIN d.o.o-PodružnicaLABIN";"19798348108";"LABIN";;"EUR";"39.62";"R0350-59 Utrošak vode za zalijevanje javnih zelenih površina";"400       01 UPRAVNI ODJEL ZA KOMUNALNO GOSPODARSTVO I UPRAVLJANJE IMOVINOM";"L01 4001A400016 Održavanje građevina, uređaja i predmeta javne namjene";"4.6.001    4. KOMUNALNA NAKNADA";"323410 Opskrba vodom";"0660 Rashodi vezani za stanovanje i kom. pogodnosti koji nisu drugdje svrstani";"55114113";"VODA ZA 11/25 - JAVNA SLAVINA DOM ZDRAVLJA 25/0004272";"2025-11-30T00:00:00.000Z";"2025-12-31T00:00:00.000Z";"HR5524020061500147397";"HR01 55114113-80004-80"
"GRAD LABIN";"2025-12-31T00:00:00.000Z";"VODOVOD PULA-LABIN d.o.o-PodružnicaLABIN";"19798348108";"LABIN";;"EUR";"5.92";"R0364 Komunalne usluge za poslovne objekte";"400       01 UPRAVNI ODJEL ZA KOMUNALNO GOSPODARSTVO I UPRAVLJANJE IMOVINOM";"L01 4002A400002 Održavanje poslovnih prostora, štandova i privremenih priključaka";"1.1.001    1.OPĆI PRIHODI I PRIMICI";"323411 Opskrba vodom- osn. za priznati predporez";"0490 Ekonomski poslovi koji nisu drugdje svrstani";"55114089";"VODA ZA 11/25 - PP P.GRIŽA 6 25/0004271";"2025-11-30T00:00:00.000Z";"2025-12-31T00:00:00.000Z";"HR5524020061500147397";"HR01 55114089-80004-89"
"GRAD LABIN";"2025-12-31T00:00:00.000Z";"VODOVOD PULA-LABIN d.o.o-PodružnicaLABIN";"19798348108";"LABIN";;"EUR";"3.98";"R0350-40 Utrošak vode za zalijevanje javnih zelenih površina";"400       01 UPRAVNI ODJEL ZA KOMUNALNO GOSPODARSTVO I UPRAVLJANJE IMOVINOM";"L01 4001A400015 Održavanje javnih zelenih površina";"4.6.001    4. KOMUNALNA NAKNADA";"323410 Opskrba vodom";"0560 Poslovi i usluge zaštite okoliša koji nisu drugdje svrstani";"55114086";"VODA ZA 11/25 - ZALIJEVANJE ROTOR KOŽLJE 25/0004270";"2025-11-30T00:00:00.000Z";"2025-12-31T00:00:00.000Z";"HR5524020061500147397";"HR01 55114086-80004-80"
"GRAD LABIN";"2025-12-31T00:00:00.000Z";"VODOVOD PULA-LABIN d.o.o-PodružnicaLABIN";"19798348108";"LABIN";;"EUR";"11.02";"R0350-40 Utrošak vode za zalijevanje javnih zelenih površina";"400       01 UPRAVNI ODJEL ZA KOMUNALNO GOSPODARSTVO I UPRAVLJANJE IMOVINOM";"L01 4001A400015 Održavanje javnih zelenih površina";"4.6.001    4. KOMUNALNA NAKNADA";"323410 Opskrba vodom";"0560 Poslovi i usluge zaštite okoliša koji nisu drugdje svrstani";"55114065";"VODA ZA 11/25 - ZALIJEVANJE ROTOR MERCATOR 25/0004269";"2025-11-30T00:00:00.000Z";"2025-12-31T00:00:00.000Z";"HR5524020061500147397";"HR01 55114065-80004-84"
"GRAD LABIN";"2025-12-31T00:00:00.000Z";"VODOVOD PULA-LABIN d.o.o-PodružnicaLABIN";"19798348108";"LABIN";;"EUR";"144.78";"R0350-40 Utrošak vode za zalijevanje javnih zelenih površina";"400       01 UPRAVNI ODJEL ZA KOMUNALNO GOSPODARSTVO I UPRAVLJANJE IMOVINOM";"L01 4001A400015 Održavanje javnih zelenih površina";"4.6.001    4. KOMUNALNA NAKNADA";"323410 Opskrba vodom";"0560 Poslovi i usluge zaštite okoliša koji nisu drugdje svrstani";"55114064";"VODA ZA 11/25 - ZALIJEVANJE MARKET KATURE 25/0004268";"2025-11-30T00:00:00.000Z";"2025-12-31T00:00:00.000Z";"HR5524020061500147397";"HR01 55114064-80004-81"
"GRAD LABIN";"2025-12-31T00:00:00.000Z";"VODOVOD PULA-LABIN d.o.o-PodružnicaLABIN";"19798348108";"LABIN";;"EUR";"5.45";"R0356 Komunalne usluge za stambene objekte";"400       01 UPRAVNI ODJEL ZA KOMUNALNO GOSPODARSTVO I UPRAVLJANJE IMOVINOM";"L01 4002A400001 Održavanje stambenih prostora";"1.1.001    1.OPĆI PRIHODI I PRIMICI";"323410 Opskrba vodom";"0660 Rashodi vezani za stanovanje i kom. pogodnosti koji nisu drugdje svrstani";"55113893";"VODA ZA 11/25 - RANIJE VILIĆ 25/0004267";"2025-11-30T00:00:00.000Z";"2025-12-31T00:00:00.000Z";"HR5524020061500147397";"HR01 55113893-80004-81"
"GRAD LABIN";"2025-12-31T00:00:00.000Z";"VODOVOD PULA-LABIN d.o.o-PodružnicaLABIN";"19798348108";"LABIN";;"EUR";"3.98";"R0350-40 Utrošak vode za zalijevanje javnih zelenih površina";"400       01 UPRAVNI ODJEL ZA KOMUNALNO GOSPODARSTVO I UPRAVLJANJE IMOVINOM";"L01 4001A400015 Održavanje javnih zelenih površina";"4.6.001    4. KOMUNALNA NAKNADA";"323410 Opskrba vodom";"0560 Poslovi i usluge zaštite okoliša koji nisu drugdje svrstani";"55113117";"VODA ZA 11/25 - ZALIJEVANJE POLIGON ROTOR 25/0004266";"2025-11-30T00:00:00.000Z";"2025-12-31T00:00:00.000Z";"HR5524020061500147397";"HR01 55113117-80004-81"
"GRAD LABIN";"2025-12-31T00:00:00.000Z";"VODOVOD PULA-LABIN d.o.o-PodružnicaLABIN";"19798348108";"LABIN";;"EUR";"190.60";"R0366-10 Komunalne usluge";"400       01 UPRAVNI ODJEL ZA KOMUNALNO GOSPODARSTVO I UPRAVLJANJE IMOVINOM";"L01 4002A400008 Održavanje igrališta";"4.6.001    4. KOMUNALNA NAKNADA";"323410 Opskrba vodom";"0810 Službe rekreacije i sporta";"55112811";"VODA ZA 11/25 -  NK RUDAR 25/0004265";"2025-11-30T00:00:00.000Z";"2025-12-31T00:00:00.000Z";"HR5524020061500147397";"HR01 55112811-80004-81"
"GRAD LABIN";"2025-12-31T00:00:00.000Z";"VODOVOD PULA-LABIN d.o.o-PodružnicaLABIN";"19798348108";"LABIN";;"EUR";"3.98";"R0366-10 Komunalne usluge";"400       01 UPRAVNI ODJEL ZA KOMUNALNO GOSPODARSTVO I UPRAVLJANJE IMOVINOM";"L01 4002A400008 Održavanje igrališta";"4.6.001    4. KOMUNALNA NAKNADA";"323410 Opskrba vodom";"0810 Službe rekreacije i sporta";"55117246";"VODA ZA 11/25 -  NK ISKRA-ODVAJANJE OD POSTOJEĆEG PRIKLJ. 25/0004264";"2025-11-30T00:00:00.000Z";"2025-12-31T00:00:00.000Z";"HR5524020061500147397";"HR01 55117246-80004-85"
"GRAD LABIN";"2025-12-31T00:00:00.000Z";"VODOVOD PULA-LABIN d.o.o-PodružnicaLABIN";"19798348108";"LABIN";;"EUR";"3.98";"R0350-40 Utrošak vode za zalijevanje javnih zelenih površina";"400       01 UPRAVNI ODJEL ZA KOMUNALNO GOSPODARSTVO I UPRAVLJANJE IMOVINOM";"L01 4001A400015 Održavanje javnih zelenih površina";"4.6.001    4. KOMUNALNA NAKNADA";"323410 Opskrba vodom";"0560 Poslovi i usluge zaštite okoliša koji nisu drugdje svrstani";"55117215";"VODA ZA 11/25 - ZALIJEVANJE 1.MAJ ROTOR 25/0004263";"2025-11-30T00:00:00.000Z";"2025-12-31T00:00:00.000Z";"HR5524020061500147397";"HR01 55117215-80004-87"
"GRAD LABIN";"2025-12-31T00:00:00.000Z";"VODOVOD PULA-LABIN d.o.o-PodružnicaLABIN";"19798348108";"LABIN";;"EUR";"233.29";"R0496 Komunalne usluge";"500       01 UPRAVNI ODJEL ZA DRUŠTVENE DJELATNOSTI";"L01 5006A500007 Socijalna zaštita obitelji u nužnom smještaju";"1.1.001    1.OPĆI PRIHODI I PRIMICI";"323410 Opskrba vodom";"1060 Stanovanje";"55114250";"VODA ZA 11/25 - SAMACKI 70% DOMAĆINSTVO 25/0004262";"2025-11-30T00:00:00.000Z";"2025-12-31T00:00:00.000Z";"HR5524020061500147397";"HR01 55114250-80004-80"
"GRAD LABIN";"2025-12-31T00:00:00.000Z";"VODOVOD PULA-LABIN d.o.o-PodružnicaLABIN";"19798348108";"LABIN";;"EUR";"5.92";"R0364 Komunalne usluge za poslovne objekte";"400       01 UPRAVNI ODJEL ZA KOMUNALNO GOSPODARSTVO I UPRAVLJANJE IMOVINOM";"L01 4002A400002 Održavanje poslovnih prostora, štandova i privremenih priključaka";"1.1.001    1.OPĆI PRIHODI I PRIMICI";"323411 Opskrba vodom- osn. za priznati predporez";"0490 Ekonomski poslovi koji nisu drugdje svrstani";"55115482";"VODA ZA 11/25 - PP OBALA M.TITA 25 25/0004236";"2025-11-30T00:00:00.000Z";"2025-12-31T00:00:00.000Z";"HR5524020061500147397";"HR01 55115482-80004-83"
"GRAD LABIN";"2025-12-31T00:00:00.000Z";"VODOVOD PULA-LABIN d.o.o-PodružnicaLABIN";"19798348108";"LABIN";;"EUR";"5.92";"R0364 Komunalne usluge za poslovne objekte";"400       01 UPRAVNI ODJEL ZA KOMUNALNO GOSPODARSTVO I UPRAVLJANJE IMOVINOM";"L01 4002A400002 Održavanje poslovnih prostora, štandova i privremenih priključaka";"1.1.001    1.OPĆI PRIHODI I PRIMICI";"323411 Opskrba vodom- osn. za priznati predporez";"0490 Ekonomski poslovi koji nisu drugdje svrstani";"55114252";"VODA ZA 11/25 - PRESIKA TRADE SAMACKI 25/0004243";"2025-11-30T00:00:00.000Z";"2025-12-31T00:00:00.000Z";"HR5524020061500147397";"HR01 55114252-80004-86"
"GRAD LABIN";"2025-12-31T00:00:00.000Z";"VODOVOD PULA-LABIN d.o.o-PodružnicaLABIN";"19798348108";"LABIN";;"EUR";"6.69";"R0350-40 Utrošak vode za zalijevanje javnih zelenih površina";"400       01 UPRAVNI ODJEL ZA KOMUNALNO GOSPODARSTVO I UPRAVLJANJE IMOVINOM";"L01 4001A400015 Održavanje javnih zelenih površina";"4.6.001    4. KOMUNALNA NAKNADA";"323410 Opskrba vodom";"0560 Poslovi i usluge zaštite okoliša koji nisu drugdje svrstani";"55114418";"VODA ZA 11/25 - SPOMENIK RUDARU KATURI 25/0004242";"2025-11-30T00:00:00.000Z";"2025-12-31T00:00:00.000Z";"HR5524020061500147397";"HR01 55114418-80004-87"
"GRAD LABIN";"2025-12-31T00:00:00.000Z";"VODOVOD PULA-LABIN d.o.o-PodružnicaLABIN";"19798348108";"LABIN";;"EUR";"8.55";"R0366-18 Komunalne usluge- utrošak vode, smeća";"400       01 UPRAVNI ODJEL ZA KOMUNALNO GOSPODARSTVO I UPRAVLJANJE IMOVINOM";"L01 4002A400010 Održavanje boćarske dvorane";"4.6.001    4. KOMUNALNA NAKNADA";"323410 Opskrba vodom";"0810 Službe rekreacije i sporta";"55114454";"VODA ZA 11/25 - BOĆARSKI KLUB 25/0004241";"2025-11-30T00:00:00.000Z";"2025-12-31T00:00:00.000Z";"HR5524020061500147397";"HR01 55114454-80004-83"
"GRAD LABIN";"2025-12-31T00:00:00.000Z";"VODOVOD PULA-LABIN d.o.o-PodružnicaLABIN";"19798348108";"LABIN";;"EUR";"5.45";"R0350-59 Utrošak vode za zalijevanje javnih zelenih površina";"400       01 UPRAVNI ODJEL ZA KOMUNALNO GOSPODARSTVO I UPRAVLJANJE IMOVINOM";"L01 4001A400016 Održavanje građevina, uređaja i predmeta javne namjene";"4.6.001    4. KOMUNALNA NAKNADA";"323410 Opskrba vodom";"0660 Rashodi vezani za stanovanje i kom. pogodnosti koji nisu drugdje svrstani";"55115042";"VODA ZA 11/25 - ZELENICE JAVNA ŠPINA IGRALIŠTE 25/0004240";"2025-11-30T00:00:00.000Z";"2025-12-31T00:00:00.000Z";"HR5524020061500147397";"HR01 55115042-80004-82"
"GRAD LABIN";"2025-12-31T00:00:00.000Z";"VODOVOD PULA-LABIN d.o.o-PodružnicaLABIN";"19798348108";"LABIN";;"EUR";"3.98";"R0350-40 Utrošak vode za zalijevanje javnih zelenih površina";"400       01 UPRAVNI ODJEL ZA KOMUNALNO GOSPODARSTVO I UPRAVLJANJE IMOVINOM";"L01 4001A400015 Održavanje javnih zelenih površina";"4.6.001    4. KOMUNALNA NAKNADA";"323410 Opskrba vodom";"0560 Poslovi i usluge zaštite okoliša koji nisu drugdje svrstani";"55115282";"VODA ZA 11/25 - ZALIJEVANJE IZNAD APOLLA 25/0004239";"2025-11-30T00:00:00.000Z";"2025-12-31T00:00:00.000Z";"HR5524020061500147397";"HR01 55115282-80004-81"
"GRAD LABIN";"2025-12-31T00:00:00.000Z";"VODOVOD PULA-LABIN d.o.o-PodružnicaLABIN";"19798348108";"LABIN";;"EUR";"6.69";"R0350-54 Utrošak vode za potrebe javnih sanitarnih čvorova";"400       01 UPRAVNI ODJEL ZA KOMUNALNO GOSPODARSTVO I UPRAVLJANJE IMOVINOM";"L01 4001A400016 Održavanje građevina, uređaja i predmeta javne namjene";"4.4.001    4.BORAVIŠNE PRISTOJBE";"323410 Opskrba vodom";"0660 Rashodi vezani za stanovanje i kom. pogodnosti koji nisu drugdje svrstani";"55115287";"VODA ZA 11/25 - JAVNI WC APOLO RABAC 25/0004238";"2025-11-30T00:00:00.000Z";"2025-12-31T00:00:00.000Z";"HR5524020061500147397";"HR01 55115287-80004-85"
"GRAD LABIN";"2025-12-31T00:00:00.000Z";"VODOVOD PULA-LABIN d.o.o-PodružnicaLABIN";"19798348108";"LABIN";;"EUR";"3.98";"R0366-10 Komunalne usluge";"400       01 UPRAVNI ODJEL ZA KOMUNALNO GOSPODARSTVO I UPRAVLJANJE IMOVINOM";"L01 4002A400008 Održavanje igrališta";"4.6.001    4. KOMUNALNA NAKNADA";"323410 Opskrba vodom";"0810 Službe rekreacije i sporta";"55115454";"VODA ZA 11/25 - TENIS KLUB PROHASKA 25/0004237";"2025-11-30T00:00:00.000Z";"2025-12-31T00:00:00.000Z";"HR5524020061500147397";"HR01 55115454-80004-83"
"GRAD LABIN";"2025-12-30T00:00:00.000Z";"Fizičke osobe";"GDPR";"";;"EUR";"1468.30";"R0487 Troškovi prijevoza";"500       01 UPRAVNI ODJEL ZA DRUŠTVENE DJELATNOSTI";"L01 5006A500004 Socijalna zaštita osoba s invaliditetom";"1.1.001    1.OPĆI PRIHODI I PRIMICI";"372190 Ostale naknade iz proračuna u novcu";"1012 Invaliditet";"";"";"2025-12-18T00:00:00.000Z";"2025-12-29T00:00:00.000Z";"";"HR99"
"GRAD LABIN";"2025-12-30T00:00:00.000Z";"Fizičke osobe";"GDPR";"";;"EUR";"1500.00";"R1154 Naknade građanima i kućanstvima u novcu";"600       01 UPRAVNI ODJEL ZA GOSPODARSTVO I EU PROJEKTE";"L01 6003A600001 Poticaj za korištenje obnovljivih izvora energije";"1.1.001    1.OPĆI PRIHODI I PRIMICI";"372190 Ostale naknade iz proračuna u novcu";"0620 Razvoj zajednice";"";"";"2025-12-18T00:00:00.000Z";"2025-12-29T00:00:00.000Z";"";"HR99"
"GRAD LABIN";"2025-12-30T00:00:00.000Z";"HEP ELEKTRA D.O.O.";"43965974818";"ZAGREB";" DJEČJI VRTIĆ PJERINA VERBANAC";"EUR";"4593.84";"R0541 Energija";"500       02        35812 DJEČJI VRTIĆ PJERINA VERBANAC";"L01 5001A500002 Odgojno, administrativno i tehničko osoblje";"4.9.000001 4.PRIHODI ZA POSEBNE NAMJENE - PRIHODI KORISNIKA";"322310 Električna energija";"0911 Predškolsko obrazovanje";"11-2025";"DV-EL ENERGIJA 11/2025";"2025-11-30T00:00:00.000Z";"2025-12-20T00:00:00.000Z";"HR4323900011500128056";"HR01 2300183271-251120-0"
"GRAD LABIN";"2025-12-30T00:00:00.000Z";"HEP ELEKTRA D.O.O.";"43965974818";"ZAGREB";" DJEČJI VRTIĆ PJERINA VERBANAC";"EUR";"1368.48";"R0529-6 Energija";"500       02        35812 DJEČJI VRTIĆ PJERINA VERBANAC";"L01 5001A500002 Odgojno, administrativno i tehničko osoblje";"1.1.001    1.OPĆI PRIHODI I PRIMICI";"322310 Električna energija";"0911 Predškolsko obrazovanje";"11-2025";"DV-EL ENERGIJA 11/2025";"2025-11-30T00:00:00.000Z";"2025-12-20T00:00:00.000Z";"HR4323900011500128056";"HR01 2300183271-251120-0"
"GRAD LABIN";"2025-12-30T00:00:00.000Z";"JEDINSTVO D.O.O.";"29947239127";"LABIN";"DOM ZA STARIJE OSOBE LABIN";"EUR";"249.88";"R1100-55 Materijal i sirovine (troškovi namirnica)";"500       05        53994 DOM ZA STARIJE OSOBE LABIN";"L01 5011A500003 Sufinanciranje programa pomoć u kući i organiziranje prijevoza";"4.9.000001 4.PRIHODI ZA POSEBNE NAMJENE - PRIHODI KORISNIKA";"322240 Namirnice";"1020 Starost";"2112-23-1";"DOM-Namirnice";"2025-12-23T00:00:00.000Z";"2026-01-12T00:00:00.000Z";"HR4924020061100387225";"HR01 02218-23102112-14"
"GRAD LABIN";"2025-12-30T00:00:00.000Z";"BRIONKA D.D.";"45422293596";"PULA";"DOM ZA STARIJE OSOBE LABIN";"EUR";"245.58";"R1100-15 Materijal i sirovine (troškovi namirnica)";"500       05        53994 DOM ZA STARIJE OSOBE LABIN";"L01 5011A500001 Socijalna zaštita starijih i nemoćnih osoba";"1.1.001    1.OPĆI PRIHODI I PRIMICI";"322240 Namirnice";"1020 Starost";"49881/1/1";"DOM-Namirnice";"2025-12-15T00:00:00.000Z";"2026-01-14T00:00:00.000Z";"HR8724850031100301635";"HR00 49881-1-1"
"GRAD LABIN";"2025-12-30T00:00:00.000Z";"ISTRAVETURA D.O.O.";"94988757852";"POREČ";"DOM ZA STARIJE OSOBE LABIN";"EUR";"29.00";"R1100-14 Uredski materijal i ostali materijalni rashodi";"500       05        53994 DOM ZA STARIJE OSOBE LABIN";"L01 5011A500001 Socijalna zaštita starijih i nemoćnih osoba";"1.1.001    1.OPĆI PRIHODI I PRIMICI";"322190 Ostali materijal za potrebe redovnog poslovanja";"1020 Starost";"605-1507-1";"DOM-Ostali materijal za potrebe redovnog poslovanja";"2025-12-23T00:00:00.000Z";"2025-12-31T00:00:00.000Z";"HR8723800061110009853";"HR99"
"GRAD LABIN";"2025-12-30T00:00:00.000Z";"EXTRA POINT D.O.O.";"97755222599";"Višnjan";"DOM ZA STARIJE OSOBE LABIN";"EUR";"118.13";"R1100-15 Materijal i sirovine (troškovi namirnica)";"500       05        53994 DOM ZA STARIJE OSOBE LABIN";"L01 5011A500001 Socijalna zaštita starijih i nemoćnih osoba";"1.1.001    1.OPĆI PRIHODI I PRIMICI";"322220 Pomoćni i sanitetski materijal";"1020 Starost";"2122/1/1 #1";"DOM-Sanitetski materijal";"2025-12-17T00:00:00.000Z";"2026-01-16T00:00:00.000Z";"HR2923600001102953092";"HR00 1200171-002122"
"GRAD LABIN";"2025-12-30T00:00:00.000Z";"EXTRA POINT D.O.O.";"97755222599";"Višnjan";"DOM ZA STARIJE OSOBE LABIN";"EUR";"1134.41";"R1100-14 Uredski materijal i ostali materijalni rashodi";"500       05        53994 DOM ZA STARIJE OSOBE LABIN";"L01 5011A500001 Socijalna zaštita starijih i nemoćnih osoba";"1.1.001    1.OPĆI PRIHODI I PRIMICI";"322190 Ostali materijal za potrebe redovnog poslovanja";"1020 Starost";"2141/1/1";"DOM-Ostali materijal za potrebe redovnog poslovanja";"2025-12-22T00:00:00.000Z";"2026-02-05T00:00:00.000Z";"HR2923600001102953092";"HR00 1200171-002141"
"GRAD LABIN";"2025-12-30T00:00:00.000Z";"EXTRA POINT D.O.O.";"97755222599";"Višnjan";"DOM ZA STARIJE OSOBE LABIN";"EUR";"649.63";"R1100-15 Materijal i sirovine (troškovi namirnica)";"500       05        53994 DOM ZA STARIJE OSOBE LABIN";"L01 5011A500001 Socijalna zaštita starijih i nemoćnih osoba";"1.1.001    1.OPĆI PRIHODI I PRIMICI";"322220 Pomoćni i sanitetski materijal";"1020 Starost";"2144/1/1";"DOM-Sanitetski materijal";"2025-12-22T00:00:00.000Z";"2026-02-05T00:00:00.000Z";"HR2923600001102953092";"HR00 00171-002144"
"GRAD LABIN";"2025-12-30T00:00:00.000Z";"PERT DOO ILOK, PODRUŽNICA RIJEKA";"42255248046";"RIJEKA";"DOM ZA STARIJE OSOBE LABIN";"EUR";"181.02";"R1100-15 Materijal i sirovine (troškovi namirnica)";"500       05        53994 DOM ZA STARIJE OSOBE LABIN";"L01 5011A500001 Socijalna zaštita starijih i nemoćnih osoba";"1.1.001    1.OPĆI PRIHODI I PRIMICI";"322240 Namirnice";"1020 Starost";"50830-1-80";"DOM-Namirnice";"2025-12-02T00:00:00.000Z";"2026-01-06T00:00:00.000Z";"HR5024020061100667440";"HR00 50830-1-80"
"GRAD LABIN";"2025-12-30T00:00:00.000Z";"PERT DOO ILOK, PODRUŽNICA RIJEKA";"42255248046";"RIJEKA";"DOM ZA STARIJE OSOBE LABIN";"EUR";"253.58";"R1100-15 Materijal i sirovine (troškovi namirnica)";"500       05        53994 DOM ZA STARIJE OSOBE LABIN";"L01 5011A500001 Socijalna zaštita starijih i nemoćnih osoba";"1.1.001    1.OPĆI PRIHODI I PRIMICI";"322240 Namirnice";"1020 Starost";"50827-1-80";"DOM-Namirnice";"2025-12-05T00:00:00.000Z";"2026-01-09T00:00:00.000Z";"HR5024020061100667440";"HR00 50827-1-80"
"GRAD LABIN";"2025-12-30T00:00:00.000Z";"PERT DOO ILOK, PODRUŽNICA RIJEKA";"42255248046";"RIJEKA";"DOM ZA STARIJE OSOBE LABIN";"EUR";"27.72";"R1100-15 Materijal i sirovine (troškovi namirnica)";"500       05        53994 DOM ZA STARIJE OSOBE LABIN";"L01 5011A500001 Socijalna zaštita starijih i nemoćnih osoba";"1.1.001    1.OPĆI PRIHODI I PRIMICI";"322240 Namirnice";"1020 Starost";"50828-1-80";"DOM-Namirnice";"2025-12-05T00:00:00.000Z";"2026-01-09T00:00:00.000Z";"HR5024020061100667440";"HR00 50828-1-80"
"GRAD LABIN";"2025-12-30T00:00:00.000Z";"PERT DOO ILOK, PODRUŽNICA RIJEKA";"42255248046";"RIJEKA";"DOM ZA STARIJE OSOBE LABIN";"EUR";"377.20";"R1100-15 Materijal i sirovine (troškovi namirnica)";"500       05        53994 DOM ZA STARIJE OSOBE LABIN";"L01 5011A500001 Socijalna zaštita starijih i nemoćnih osoba";"1.1.001    1.OPĆI PRIHODI I PRIMICI";"322240 Namirnice";"1020 Starost";"50587-1-80";"DOM-Namirnice";"2025-12-19T00:00:00.000Z";"2026-01-08T00:00:00.000Z";"HR5024020061100667440";"HR00 50587-1-80"
"GRAD LABIN";"2025-12-30T00:00:00.000Z";"PERT DOO ILOK, PODRUŽNICA RIJEKA";"42255248046";"RIJEKA";"DOM ZA STARIJE OSOBE LABIN";"EUR";"83.38";"R1100-55 Materijal i sirovine (troškovi namirnica)";"500       05        53994 DOM ZA STARIJE OSOBE LABIN";"L01 5011A500003 Sufinanciranje programa pomoć u kući i organiziranje prijevoza";"4.9.000001 4.PRIHODI ZA POSEBNE NAMJENE - PRIHODI KORISNIKA";"322240 Namirnice";"1020 Starost";"50523-1-80";"DOM-Namirnice";"2025-12-19T00:00:00.000Z";"2026-01-08T00:00:00.000Z";"HR5024020061100667440";"HR00 50523-1-80"
"GRAD LABIN";"2025-12-30T00:00:00.000Z";"PERT DOO ILOK, PODRUŽNICA RIJEKA";"42255248046";"RIJEKA";"DOM ZA STARIJE OSOBE LABIN";"EUR";"55.44";"R1100-50 Materijal i sirovine (troškovi namirnica)";"500       05        53994 DOM ZA STARIJE OSOBE LABIN";"L01 5011A500002 Sufinanciranje programa dnevnog boravka";"4.9.000001 4.PRIHODI ZA POSEBNE NAMJENE - PRIHODI KORISNIKA";"322240 Namirnice";"1020 Starost";"50527-1-80";"DOM-Namirnice";"2025-12-19T00:00:00.000Z";"2026-01-08T00:00:00.000Z";"HR5024020061100667440";"HR00 50527-1-80"
"GRAD LABIN";"2025-12-30T00:00:00.000Z";"PERT DOO ILOK, PODRUŽNICA RIJEKA";"42255248046";"RIJEKA";"DOM ZA STARIJE OSOBE LABIN";"EUR";"111.49";"R1100-15 Materijal i sirovine (troškovi namirnica)";"500       05        53994 DOM ZA STARIJE OSOBE LABIN";"L01 5011A500001 Socijalna zaštita starijih i nemoćnih osoba";"1.1.001    1.OPĆI PRIHODI I PRIMICI";"322240 Namirnice";"1020 Starost";"51063-1-80";"DOM-Namirnice";"2025-12-23T00:00:00.000Z";"2026-01-12T00:00:00.000Z";"HR5024020061100667440";"HR00 51063-1-80"
"GRAD LABIN";"2025-12-30T00:00:00.000Z";"PERT DOO ILOK, PODRUŽNICA RIJEKA";"42255248046";"RIJEKA";"DOM ZA STARIJE OSOBE LABIN";"EUR";"27.72";"R1100-15 Materijal i sirovine (troškovi namirnica)";"500       05        53994 DOM ZA STARIJE OSOBE LABIN";"L01 5011A500001 Socijalna zaštita starijih i nemoćnih osoba";"1.1.001    1.OPĆI PRIHODI I PRIMICI";"322240 Namirnice";"1020 Starost";"50829-1-80";"DOM-Namirnice";"2025-12-02T00:00:00.000Z";"2026-01-06T00:00:00.000Z";"HR5024020061100667440";"HR00 50829-1-80"
"GRAD LABIN";"2025-12-30T00:00:00.000Z";"PERT DOO ILOK, PODRUŽNICA RIJEKA";"42255248046";"RIJEKA";"DOM ZA STARIJE OSOBE LABIN";"EUR";"50.04";"R1100-15 Materijal i sirovine (troškovi namirnica)";"500       05        53994 DOM ZA STARIJE OSOBE LABIN";"L01 5011A500001 Socijalna zaštita starijih i nemoćnih osoba";"1.1.001    1.OPĆI PRIHODI I PRIMICI";"322240 Namirnice";"1020 Starost";"50528-1-80";"DOM-Namirnice";"2025-12-19T00:00:00.000Z";"2026-01-08T00:00:00.000Z";"HR5024020061100667440";"HR00 50528-1-80"
"GRAD LABIN";"2025-12-30T00:00:00.000Z";"PERT DOO ILOK, PODRUŽNICA RIJEKA";"42255248046";"RIJEKA";"DOM ZA STARIJE OSOBE LABIN";"EUR";"103.11";"R1100-15 Materijal i sirovine (troškovi namirnica)";"500       05        53994 DOM ZA STARIJE OSOBE LABIN";"L01 5011A500001 Socijalna zaštita starijih i nemoćnih osoba";"1.1.001    1.OPĆI PRIHODI I PRIMICI";"322240 Namirnice";"1020 Starost";"50529-1-80";"DOM-Nmairnice";"2025-12-19T00:00:00.000Z";"2026-01-08T00:00:00.000Z";"HR5024020061100667440";"HR00 50529-1-80"
"GRAD LABIN";"2025-12-30T00:00:00.000Z";"PERT DOO ILOK, PODRUŽNICA RIJEKA";"42255248046";"RIJEKA";"DOM ZA STARIJE OSOBE LABIN";"EUR";"11.50";"R1100-15 Materijal i sirovine (troškovi namirnica)";"500       05        53994 DOM ZA STARIJE OSOBE LABIN";"L01 5011A500001 Socijalna zaštita starijih i nemoćnih osoba";"1.1.001    1.OPĆI PRIHODI I PRIMICI";"322240 Namirnice";"1020 Starost";"50542-1-80";"DOM-Namirnice";"2025-12-16T00:00:00.000Z";"2026-01-05T00:00:00.000Z";"HR5024020061100667440";"HR00 50542-1-80"
"GRAD LABIN";"2025-12-30T00:00:00.000Z";"PERT DOO ILOK, PODRUŽNICA RIJEKA";"42255248046";"RIJEKA";"DOM ZA STARIJE OSOBE LABIN";"EUR";"97.11";"R1100-15 Materijal i sirovine (troškovi namirnica)";"500       05        53994 DOM ZA STARIJE OSOBE LABIN";"L01 5011A500001 Socijalna zaštita starijih i nemoćnih osoba";"1.1.001    1.OPĆI PRIHODI I PRIMICI";"322240 Namirnice";"1020 Starost";"50450-1-80";"DOM-Namirnice";"2025-12-12T00:00:00.000Z";"2026-01-06T00:00:00.000Z";"HR5024020061100667440";"HR00 50450-1-80"
"GRAD LABIN";"2025-12-30T00:00:00.000Z";"PERT DOO ILOK, PODRUŽNICA RIJEKA";"42255248046";"RIJEKA";"DOM ZA STARIJE OSOBE LABIN";"EUR";"34.65";"R1100-50 Materijal i sirovine (troškovi namirnica)";"500       05        53994 DOM ZA STARIJE OSOBE LABIN";"L01 5011A500002 Sufinanciranje programa dnevnog boravka";"4.9.000001 4.PRIHODI ZA POSEBNE NAMJENE - PRIHODI KORISNIKA";"322240 Namirnice";"1020 Starost";"50452-1-80";"DOM-Namirnice";"2025-12-12T00:00:00.000Z";"2026-01-06T00:00:00.000Z";"HR5024020061100667440";"HR00 50452-1-80"
"GRAD LABIN";"2025-12-30T00:00:00.000Z";"PERT DOO ILOK, PODRUŽNICA RIJEKA";"42255248046";"RIJEKA";"DOM ZA STARIJE OSOBE LABIN";"EUR";"37.63";"R1100-50 Materijal i sirovine (troškovi namirnica)";"500       05        53994 DOM ZA STARIJE OSOBE LABIN";"L01 5011A500002 Sufinanciranje programa dnevnog boravka";"4.9.000001 4.PRIHODI ZA POSEBNE NAMJENE - PRIHODI KORISNIKA";"322240 Namirnice";"1020 Starost";"50453-1-80";"DOM-Namirnice";"2025-12-12T00:00:00.000Z";"2026-01-06T00:00:00.000Z";"HR5024020061100667440";"HR00 50453-1-80"
"GRAD LABIN";"2025-12-30T00:00:00.000Z";"INFORMA d.o.o.";"55750503039";"LABIN";"DOM ZA STARIJE OSOBE LABIN";"EUR";"62.50";"R1100-14 Uredski materijal i ostali materijalni rashodi";"500       05        53994 DOM ZA STARIJE OSOBE LABIN";"L01 5011A500001 Socijalna zaštita starijih i nemoćnih osoba";"1.1.001    1.OPĆI PRIHODI I PRIMICI";"322190 Ostali materijal za potrebe redovnog poslovanja";"1020 Starost";"25235-1-1";"DOM-Oprema i usluga konfiguracije računala";"2025-12-29T00:00:00.000Z";"2025-12-31T00:00:00.000Z";"HR1624020061100384909";"HR00 25235-1-1"
"GRAD LABIN";"2025-12-30T00:00:00.000Z";"INFORMA d.o.o.";"55750503039";"LABIN";"DOM ZA STARIJE OSOBE LABIN";"EUR";"750.00";"R1100-22 Računalne usluge";"500       05        53994 DOM ZA STARIJE OSOBE LABIN";"L01 5011A500001 Socijalna zaštita starijih i nemoćnih osoba";"1.1.001    1.OPĆI PRIHODI I PRIMICI";"323890 Ostale računalne usluge";"1020 Starost";"25235-1-1";"DOM-Oprema i usluga konfiguracije računala";"2025-12-29T00:00:00.000Z";"2025-12-31T00:00:00.000Z";"HR1624020061100384909";"HR00 25235-1-1"
"GRAD LABIN";"2025-12-30T00:00:00.000Z";"INFORMA d.o.o.";"55750503039";"LABIN";"DOM ZA STARIJE OSOBE LABIN";"EUR";"618.75";"R1100-49 Uređaji, strojevi i oprema za ostale namjene";"500       05        53994 DOM ZA STARIJE OSOBE LABIN";"L01 5011A500001 Socijalna zaštita starijih i nemoćnih osoba";"4.9.000001 4.PRIHODI ZA POSEBNE NAMJENE - PRIHODI KORISNIKA";"422730 Oprema";"1020 Starost";"25235-1-1";"DOM-Oprema i usluga konfiguracije računala";"2025-12-29T00:00:00.000Z";"2025-12-31T00:00:00.000Z";"HR1624020061100384909";"HR00 25235-1-1"
"GRAD LABIN";"2025-12-30T00:00:00.000Z";"INFORMA d.o.o.";"55750503039";"LABIN";"DOM ZA STARIJE OSOBE LABIN";"EUR";"412.50";"R1100-17 Sitni inventar i auto gume";"500       05        53994 DOM ZA STARIJE OSOBE LABIN";"L01 5011A500001 Socijalna zaštita starijih i nemoćnih osoba";"1.1.001    1.OPĆI PRIHODI I PRIMICI";"322510 Sitni inventar";"1020 Starost";"25235-1-1";"DOM-Oprema i usluga konfiguracije računala";"2025-12-29T00:00:00.000Z";"2025-12-31T00:00:00.000Z";"HR1624020061100384909";"HR00 25235-1-1"
"GRAD LABIN";"2025-12-30T00:00:00.000Z";"FRUTIS TRGOVAČKI OBRT";"GDPR";"";"DOM ZA STARIJE OSOBE LABIN";"EUR";"1185.59";"R1100-55 Materijal i sirovine (troškovi namirnica)";"500       05        53994 DOM ZA STARIJE OSOBE LABIN";"L01 5011A500003 Sufinanciranje programa pomoć u kući i organiziranje prijevoza";"4.9.000001 4.PRIHODI ZA POSEBNE NAMJENE - PRIHODI KORISNIKA";"322240 Namirnice";"1020 Starost";"25785/0001/1";"DOM-Namirnice";"2025-12-27T00:00:00.000Z";"2026-01-26T00:00:00.000Z";"";"HR99"
"GRAD LABIN";"2025-12-30T00:00:00.000Z";"MORAL MESNICA OBRT - BURULČIĆ  MORENO";"GDPR";"";"DOM ZA STARIJE OSOBE LABIN";"EUR";"544.07";"R1100-55 Materijal i sirovine (troškovi namirnica)";"500       05        53994 DOM ZA STARIJE OSOBE LABIN";"L01 5011A500003 Sufinanciranje programa pomoć u kući i organiziranje prijevoza";"4.9.000001 4.PRIHODI ZA POSEBNE NAMJENE - PRIHODI KORISNIKA";"322240 Namirnice";"1020 Starost";"537/77/1";"DOM-Namirnice";"2025-12-28T00:00:00.000Z";"2026-01-21T00:00:00.000Z";"";"HR99"
"GRAD LABIN";"2025-12-30T00:00:00.000Z";"MORAL MESNICA OBRT - BURULČIĆ  MORENO";"GDPR";"";"DOM ZA STARIJE OSOBE LABIN";"EUR";"132.09";"R1100-15 Materijal i sirovine (troškovi namirnica)";"500       05        53994 DOM ZA STARIJE OSOBE LABIN";"L01 5011A500001 Socijalna zaštita starijih i nemoćnih osoba";"1.1.001    1.OPĆI PRIHODI I PRIMICI";"322240 Namirnice";"1020 Starost";"538/77/1";"DOM-Namirnice";"2025-12-28T00:00:00.000Z";"2026-01-21T00:00:00.000Z";"";"HR99"
"GRAD LABIN";"2025-12-30T00:00:00.000Z";"VIDACOMMERC D.O.O.";"31860053829";"LABIN";"DOM ZA STARIJE OSOBE LABIN";"EUR";"114.38";"R1100-17 Sitni inventar i auto gume";"500       05        53994 DOM ZA STARIJE OSOBE LABIN";"L01 5011A500001 Socijalna zaštita starijih i nemoćnih osoba";"1.1.001    1.OPĆI PRIHODI I PRIMICI";"322510 Sitni inventar";"1020 Starost";"3116-01-91";"DOM-Sitan inventar";"2025-12-18T00:00:00.000Z";"2026-01-07T00:00:00.000Z";"HR3824020061100209622";"HR00 3116"
"GRAD LABIN";"2025-12-30T00:00:00.000Z";"DUKAT MLIJEČNA INDUSTRIJA D.D.";"25457712630";"ZAGREB";"DOM ZA STARIJE OSOBE LABIN";"EUR";"202.76";"R1100-55 Materijal i sirovine (troškovi namirnica)";"500       05        53994 DOM ZA STARIJE OSOBE LABIN";"L01 5011A500003 Sufinanciranje programa pomoć u kući i organiziranje prijevoza";"4.9.000001 4.PRIHODI ZA POSEBNE NAMJENE - PRIHODI KORISNIKA";"322240 Namirnice";"1020 Starost";"538130-16-1";"DOM-Namirnice";"2025-12-23T00:00:00.000Z";"2026-01-24T00:00:00.000Z";"HR7023600001102649132";"HR11 1564005-998392812"
"GRAD LABIN";"2025-12-30T00:00:00.000Z";"DUKAT MLIJEČNA INDUSTRIJA D.D.";"25457712630";"ZAGREB";"DOM ZA STARIJE OSOBE LABIN";"EUR";"422.35";"R1100-15 Materijal i sirovine (troškovi namirnica)";"500       05        53994 DOM ZA STARIJE OSOBE LABIN";"L01 5011A500001 Socijalna zaštita starijih i nemoćnih osoba";"1.1.001    1.OPĆI PRIHODI I PRIMICI";"322240 Namirnice";"1020 Starost";"533351-16-1";"DOM-Namirnice";"2025-12-16T00:00:00.000Z";"2026-01-19T00:00:00.000Z";"HR7023600001102649132";"HR11 1564005-998342998"
"GRAD LABIN";"2025-12-30T00:00:00.000Z";"ŽUVELA D.O.O.";"67047530380";"Hvar";"DOM ZA STARIJE OSOBE LABIN";"EUR";"92.38";"R1100-55 Materijal i sirovine (troškovi namirnica)";"500       05        53994 DOM ZA STARIJE OSOBE LABIN";"L01 5011A500003 Sufinanciranje programa pomoć u kući i organiziranje prijevoza";"4.9.000001 4.PRIHODI ZA POSEBNE NAMJENE - PRIHODI KORISNIKA";"322240 Namirnice";"1020 Starost";"15898/800/1";"DOM-Namirnice";"2025-12-22T00:00:00.000Z";"2026-01-06T00:00:00.000Z";"HR2924020061100760744";"HR00 15898-922385-8001"
"GRAD LABIN";"2025-12-30T00:00:00.000Z";"FUSIO d.o.o.";"95345244091";"POREČ";"DOM ZA STARIJE OSOBE LABIN";"EUR";"549.59";"R1100-98 Usluge tekućeg i investicijskog održavanja";"500       05        53994 DOM ZA STARIJE OSOBE LABIN";"L01 5011A500001 Socijalna zaštita starijih i nemoćnih osoba";"1.1.001    1.OPĆI PRIHODI I PRIMICI";"323220 Usluge tekućeg i investicijskog održavanja postrojenja i opreme";"1020 Starost";"1270-1-19";"DOM-Održavanje opreme";"2025-12-24T00:00:00.000Z";"2026-01-08T00:00:00.000Z";"HR9423800061110008563";"HR00 25-394-001270"
"GRAD LABIN";"2025-12-30T00:00:00.000Z";"TRIO I D.O.O.";"47572307588";"BUZET";"DOM ZA STARIJE OSOBE LABIN";"EUR";"14.31";"R1100-14 Uredski materijal i ostali materijalni rashodi";"500       05        53994 DOM ZA STARIJE OSOBE LABIN";"L01 5011A500001 Socijalna zaštita starijih i nemoćnih osoba";"1.1.001    1.OPĆI PRIHODI I PRIMICI";"322190 Ostali materijal za potrebe redovnog poslovanja";"1020 Starost";"1030-0014-88";"DOM-Ostali materijal za potrebe redovnog poslovanja";"2025-12-30T00:00:00.000Z";"2026-01-18T00:00:00.000Z";"HR2424020061100396017";"HR11 10308-72575-83"
"GRAD LABIN";"2025-12-30T00:00:00.000Z";"CROATIA osiguranje d.d.";"26187994862";"ZAGREB";"DOM ZA STARIJE OSOBE LABIN";"EUR";"776.39";"R1100-47 Premije osiguranja";"500       05        53994 DOM ZA STARIJE OSOBE LABIN";"L01 5011A500001 Socijalna zaštita starijih i nemoćnih osoba";"4.9.000001 4.PRIHODI ZA POSEBNE NAMJENE - PRIHODI KORISNIKA";"329230 Premije osiguranja zaposlenih";"1020 Starost";"991486436/25";"DOM-Osiguranje od odgovornosti i nezgode";"2025-12-17T00:00:00.000Z";"2026-01-02T00:00:00.000Z";"HR9123400091400555110";"HR01 99427-1486436254"
"GRAD LABIN";"2025-12-30T00:00:00.000Z";"CROATIA osiguranje d.d.";"26187994862";"ZAGREB";"DOM ZA STARIJE OSOBE LABIN";"EUR";"170.99";"R1100-23 Premije osiguranja";"500       05        53994 DOM ZA STARIJE OSOBE LABIN";"L01 5011A500001 Socijalna zaštita starijih i nemoćnih osoba";"1.1.001    1.OPĆI PRIHODI I PRIMICI";"329230 Premije osiguranja zaposlenih";"1020 Starost";"991486436/25";"DOM-Osiguranje od odgovornosti i nezgode";"2025-12-17T00:00:00.000Z";"2026-01-02T00:00:00.000Z";"HR9123400091400555110";"HR01 99427-1486436254"
"GRAD LABIN";"2025-12-30T00:00:00.000Z";"STUDI ASM D.O.O";"70462170880";"RIJEKA";" DJEČJI VRTIĆ PJERINA VERBANAC";"EUR";"88.02";"R0544 Službena, radna i zaštitna odjeća i obuća";"500       02        35812 DJEČJI VRTIĆ PJERINA VERBANAC";"L01 5001A500002 Odgojno, administrativno i tehničko osoblje";"4.9.000001 4.PRIHODI ZA POSEBNE NAMJENE - PRIHODI KORISNIKA";"322710 Službena, radna i zaštitna odjeća i obuća";"0911 Predškolsko obrazovanje";"452-01-91";"DV-HIG MATERIJAL I RADNA OBUĆA";"2025-11-21T00:00:00.000Z";"2025-12-06T00:00:00.000Z";"HR0324070001100349569";"HR00 44121572-427"
"GRAD LABIN";"2025-12-30T00:00:00.000Z";"STUDI ASM D.O.O";"70462170880";"RIJEKA";" DJEČJI VRTIĆ PJERINA VERBANAC";"EUR";"234.81";"R0539 Uredski materijal i ostali materijalni rashodi";"500       02        35812 DJEČJI VRTIĆ PJERINA VERBANAC";"L01 5001A500002 Odgojno, administrativno i tehničko osoblje";"4.9.000001 4.PRIHODI ZA POSEBNE NAMJENE - PRIHODI KORISNIKA";"322160 Materijal za higijenske potrebe i njegu";"0911 Predškolsko obrazovanje";"452-01-91";"DV-HIG MATERIJAL I RADNA OBUĆA";"2025-11-21T00:00:00.000Z";"2025-12-06T00:00:00.000Z";"HR0324070001100349569";"HR00 44121572-427"
"GRAD LABIN";"2025-12-30T00:00:00.000Z";"DINOP d.o.o.";"00042324329";"SESVETE";" DJEČJI VRTIĆ PJERINA VERBANAC";"EUR";"836.27";"R0541 Energija";"500       02        35812 DJEČJI VRTIĆ PJERINA VERBANAC";"L01 5001A500002 Odgojno, administrativno i tehničko osoblje";"4.9.000001 4.PRIHODI ZA POSEBNE NAMJENE - PRIHODI KORISNIKA";"322390 Ostali materijali za proizvodnju energije (ugljen, drva, teško ulje)";"0911 Predškolsko obrazovanje";"555/M4/4";"DV-PELET PO VINEŽ-15KG*210VR";"2025-11-24T00:00:00.000Z";"2025-12-24T00:00:00.000Z";"HR4224020061100283173";"HR00 2234"
"GRAD LABIN";"2025-12-30T00:00:00.000Z";"1.MAJ LABIN D.O.O. LABIN";"23557321379";"LABIN";" DJEČJI VRTIĆ PJERINA VERBANAC";"EUR";"350.00";"R0529-7 Komunalne usluge";"500       02        35812 DJEČJI VRTIĆ PJERINA VERBANAC";"L01 5001A500002 Odgojno, administrativno i tehničko osoblje";"1.1.001    1.OPĆI PRIHODI I PRIMICI";"323420 Iznošenje i odvoz smeća";"0911 Predškolsko obrazovanje";"25/0115014-27-7";"DV-ODVOZ GLOMAZNI OTPAD PO JASLICE";"2025-09-30T00:00:00.000Z";"2025-10-30T00:00:00.000Z";"HR3224020061100387143";"HR00 16056302-0129275-09254"
"GRAD LABIN";"2025-12-30T00:00:00.000Z";"ISTARSKI DOMOVI ZDRAVLJA ISP.LABIN-IDZ";"99092064857";"PULA";" DJEČJI VRTIĆ PJERINA VERBANAC";"EUR";"144.65";"R0529-4 Uredski materijal i ostali materijalni rashodi";"500       02        35812 DJEČJI VRTIĆ PJERINA VERBANAC";"L01 5001A500002 Odgojno, administrativno i tehničko osoblje";"1.1.001    1.OPĆI PRIHODI I PRIMICI";"322160 Materijal za higijenske potrebe i njegu";"0911 Predškolsko obrazovanje";"2025680000407";"DV-HIGIJENSKI MATERIJAL";"2025-11-28T00:00:00.000Z";"2025-12-13T00:00:00.000Z";"HR5823800061132003185";"HR00 2025-680000407"
"GRAD LABIN";"2025-12-30T00:00:00.000Z";"DINO COMMERCE D.O.O.";"19176145523";"LABIN";" DJEČJI VRTIĆ PJERINA VERBANAC";"EUR";"173.60";"R0533 Materijal i dijelovi za tekuće i investicijsko održavanje";"500       02        35812 DJEČJI VRTIĆ PJERINA VERBANAC";"L01 5001A500002 Odgojno, administrativno i tehničko osoblje";"3.9.000001 3.VLASTITI PRIHODI - PRIHODI KORISNIKA";"322430 Materijal i dijelovi za tekuće i investicijsko održavanje transportnih sredstava";"0911 Predškolsko obrazovanje";"1493/POSL1/2";"DV-MATERIJAL ODRŽAVANJE PIAGGIO";"2025-11-28T00:00:00.000Z";"2025-12-13T00:00:00.000Z";"HR5524020061100050430";"HR00 1529-2501493"
"GRAD LABIN";"2025-12-30T00:00:00.000Z";"IDEAL N&B D.O.O.";"82087356192";"LABIN";" DJEČJI VRTIĆ PJERINA VERBANAC";"EUR";"3.00";"R0533 Materijal i dijelovi za tekuće i investicijsko održavanje";"500       02        35812 DJEČJI VRTIĆ PJERINA VERBANAC";"L01 5001A500002 Odgojno, administrativno i tehničko osoblje";"3.9.000001 3.VLASTITI PRIHODI - PRIHODI KORISNIKA";"322440 Ostali materijal i dijelovi za tekuće i investicijsko održavanje";"0911 Predškolsko obrazovanje";"870-01-91";"DV-MATERIJAL ODRŽAVANJE";"2025-11-19T00:00:00.000Z";"2025-12-14T00:00:00.000Z";"HR0924840081101066296";"HR00 4405121803-1561"
"GRAD LABIN";"2025-12-30T00:00:00.000Z";"SENAR OBRT ZA USLUGE";"GDPR";"";" DJEČJI VRTIĆ PJERINA VERBANAC";"EUR";"320.00";"R0529-2 Usluge tekućeg i investicijskog održavanja";"500       02        35812 DJEČJI VRTIĆ PJERINA VERBANAC";"L01 5001A500002 Odgojno, administrativno i tehničko osoblje";"1.1.001    1.OPĆI PRIHODI I PRIMICI";"323220 Usluge tekućeg i investicijskog održavanja postrojenja i opreme";"0911 Predškolsko obrazovanje";"67/1/3";"DV-POPRAVAK RASVJETA NAPA KUHINJA CV";"2025-11-28T00:00:00.000Z";"2025-12-28T00:00:00.000Z";"";"HR99"
"GRAD LABIN";"2025-12-30T00:00:00.000Z";"TERMO ALBONA OBRT VL. NEVEN MILETA";"GDPR";"";" DJEČJI VRTIĆ PJERINA VERBANAC";"EUR";"500.00";"R0529-2 Usluge tekućeg i investicijskog održavanja";"500       02        35812 DJEČJI VRTIĆ PJERINA VERBANAC";"L01 5001A500002 Odgojno, administrativno i tehničko osoblje";"1.1.001    1.OPĆI PRIHODI I PRIMICI";"323210 Usluge tekućeg i investicijskog održavanja građevinskih objekata";"0911 Predškolsko obrazovanje";"16/1/1";"DV-SANACIJA CIJEVI PO LABIN DONJI";"2025-11-30T00:00:00.000Z";"2025-12-30T00:00:00.000Z";"";"HR99"
"GRAD LABIN";"2025-12-30T00:00:00.000Z";"FILIR DOO";"66118697525";"VUKOVAR";" DJEČJI VRTIĆ PJERINA VERBANAC";"EUR";"1562.88";"R0540 Materijal i sirovine";"500       02        35812 DJEČJI VRTIĆ PJERINA VERBANAC";"L01 5001A500002 Odgojno, administrativno i tehničko osoblje";"4.9.000001 4.PRIHODI ZA POSEBNE NAMJENE - PRIHODI KORISNIKA";"322240 Namirnice";"0911 Predškolsko obrazovanje";"254279/2/1";"DV-NAMIRNICE-";"2025-11-26T00:00:00.000Z";"2025-11-26T00:00:00.000Z";"HR9523400091100222765";"HR00 254279-2-1"
"GRAD LABIN";"2025-12-30T00:00:00.000Z";"OUTBACK CIRCLE VL. ĐAPIĆ ANDREJ";"76052022309";"LABIN";" DJEČJI VRTIĆ PJERINA VERBANAC";"EUR";"750.00";"R0551 Intelektualne i osobne usluge";"500       02        35812 DJEČJI VRTIĆ PJERINA VERBANAC";"L01 5001A500002 Odgojno, administrativno i tehničko osoblje";"4.9.000001 4.PRIHODI ZA POSEBNE NAMJENE - PRIHODI KORISNIKA";"323790 Ostale intelektualne usluge";"0911 Predškolsko obrazovanje";"16-1-1";"DV-IZRADA ERASMUS NATJEČAJNE DKUMENTACIJE";"2025-08-10T00:00:00.000Z";"2025-08-14T00:00:00.000Z";"HR2724020061140450076";"HR00 4-16-2025"
"GRAD LABIN";"2025-12-30T00:00:00.000Z";"JADRANSKO OSIGURANJE d.d.";"94472454976";"PULA";" DJEČJI VRTIĆ PJERINA VERBANAC";"EUR";"400.61";"R0554 Premije osiguranja";"500       02        35812 DJEČJI VRTIĆ PJERINA VERBANAC";"L01 5001A500002 Odgojno, administrativno i tehničko osoblje";"4.9.000001 4.PRIHODI ZA POSEBNE NAMJENE - PRIHODI KORISNIKA";"329230 Premije osiguranja zaposlenih";"0911 Predškolsko obrazovanje";"86112518275";"DV-OSIGURANJE NEZGODA 7/10";"2025-11-24T00:00:00.000Z";"2025-12-21T00:00:00.000Z";"HR9724810001411000034";"HR02 86112518275-27"
"GRAD LABIN";"2025-12-30T00:00:00.000Z";"JADRANSKO OSIGURANJE d.d.";"94472454976";"PULA";" DJEČJI VRTIĆ PJERINA VERBANAC";"EUR";"202.50";"R0554 Premije osiguranja";"500       02        35812 DJEČJI VRTIĆ PJERINA VERBANAC";"L01 5001A500002 Odgojno, administrativno i tehničko osoblje";"4.9.000001 4.PRIHODI ZA POSEBNE NAMJENE - PRIHODI KORISNIKA";"329230 Premije osiguranja zaposlenih";"0911 Predškolsko obrazovanje";"86112518276";"DV-OSIGURANJE ODGOVORNOST 7/10";"2025-11-24T00:00:00.000Z";"2025-12-20T00:00:00.000Z";"HR9724810001411000034";"HR02 86112518276-27"
"GRAD LABIN";"2025-12-30T00:00:00.000Z";"JADRANSKO OSIGURANJE d.d.";"94472454976";"PULA";" DJEČJI VRTIĆ PJERINA VERBANAC";"EUR";"366.59";"R0554 Premije osiguranja";"500       02        35812 DJEČJI VRTIĆ PJERINA VERBANAC";"L01 5001A500002 Odgojno, administrativno i tehničko osoblje";"4.9.000001 4.PRIHODI ZA POSEBNE NAMJENE - PRIHODI KORISNIKA";"329220 Premije osiguranja ostale imovine";"0911 Predškolsko obrazovanje";"86112518277";"DV-OSIGURANJE IMOVINE 7/10";"2025-11-24T00:00:00.000Z";"2025-12-20T00:00:00.000Z";"HR9724810001411000034";"HR02 86112518277-27"
"GRAD LABIN";"2025-12-30T00:00:00.000Z";"JEDINSTVO D.O.O.";"29947239127";"LABIN";" DJEČJI VRTIĆ PJERINA VERBANAC";"EUR";"71.86";"R0540 Materijal i sirovine";"500       02        35812 DJEČJI VRTIĆ PJERINA VERBANAC";"L01 5001A500002 Odgojno, administrativno i tehničko osoblje";"4.9.000001 4.PRIHODI ZA POSEBNE NAMJENE - PRIHODI KORISNIKA";"322240 Namirnice";"0911 Predškolsko obrazovanje";"1824-23-1";"DV-NAMIRNICE";"2025-11-15T00:00:00.000Z";"2025-12-15T00:00:00.000Z";"HR4924020061100387225";"HR01 02150-23101824-17"
"GRAD LABIN";"2025-12-30T00:00:00.000Z";"JEDINSTVO D.O.O.";"29947239127";"LABIN";" DJEČJI VRTIĆ PJERINA VERBANAC";"EUR";"129.62";"R0540 Materijal i sirovine";"500       02        35812 DJEČJI VRTIĆ PJERINA VERBANAC";"L01 5001A500002 Odgojno, administrativno i tehničko osoblje";"4.9.000001 4.PRIHODI ZA POSEBNE NAMJENE - PRIHODI KORISNIKA";"322240 Namirnice";"0911 Predškolsko obrazovanje";"1825-23-1";"DV-NAMIRNICE";"2025-11-15T00:00:00.000Z";"2025-12-15T00:00:00.000Z";"HR4924020061100387225";"HR01 02150-23101825-14"
"GRAD LABIN";"2025-12-30T00:00:00.000Z";"PERT DOO ILOK, PODRUŽNICA RIJEKA";"42255248046";"RIJEKA";" DJEČJI VRTIĆ PJERINA VERBANAC";"EUR";"255.96";"R0540 Materijal i sirovine";"500       02        35812 DJEČJI VRTIĆ PJERINA VERBANAC";"L01 5001A500002 Odgojno, administrativno i tehničko osoblje";"4.9.000001 4.PRIHODI ZA POSEBNE NAMJENE - PRIHODI KORISNIKA";"322240 Namirnice";"0911 Predškolsko obrazovanje";"45417-1-80";"DV-NAMIRNICE";"2025-11-11T00:00:00.000Z";"2025-12-11T00:00:00.000Z";"HR5024020061100667440";"HR00 45417-1-80"
"GRAD LABIN";"2025-12-30T00:00:00.000Z";"PERT DOO ILOK, PODRUŽNICA RIJEKA";"42255248046";"RIJEKA";" DJEČJI VRTIĆ PJERINA VERBANAC";"EUR";"18.25";"R0540 Materijal i sirovine";"500       02        35812 DJEČJI VRTIĆ PJERINA VERBANAC";"L01 5001A500002 Odgojno, administrativno i tehničko osoblje";"4.9.000001 4.PRIHODI ZA POSEBNE NAMJENE - PRIHODI KORISNIKA";"322240 Namirnice";"0911 Predškolsko obrazovanje";"45419-1-80";"DV-NAMIRNICE";"2025-11-11T00:00:00.000Z";"2025-12-11T00:00:00.000Z";"HR5024020061100667440";"HR00 45419-1-80"
"GRAD LABIN";"2025-12-30T00:00:00.000Z";"INFORMA d.o.o.";"55750503039";"LABIN";" DJEČJI VRTIĆ PJERINA VERBANAC";"EUR";"1037.50";"R0572 Uređaji, strojevi i oprema za ostale namjene";"500       02        35812 DJEČJI VRTIĆ PJERINA VERBANAC";"L01 5001A500003 Opremanje ustanove";"4.9.000001 4.PRIHODI ZA POSEBNE NAMJENE - PRIHODI KORISNIKA";"422730 Oprema";"0911 Predškolsko obrazovanje";"25229-1-1";"DV-NOT LENOVO V15 G4 15.5""";"2025-12-03T00:00:00.000Z";"2025-12-24T00:00:00.000Z";"HR1624020061100384909";"HR00 25229-1-1"
"GRAD LABIN";"2025-12-30T00:00:00.000Z";"INFORMA d.o.o.";"55750503039";"LABIN";" DJEČJI VRTIĆ PJERINA VERBANAC";"EUR";"1237.50";"R0572 Uređaji, strojevi i oprema za ostale namjene";"500       02        35812 DJEČJI VRTIĆ PJERINA VERBANAC";"L01 5001A500003 Opremanje ustanove";"4.9.000001 4.PRIHODI ZA POSEBNE NAMJENE - PRIHODI KORISNIKA";"422730 Oprema";"0911 Predškolsko obrazovanje";"25230-1-1";"DV-AIO LENOVO RAČUNALO";"2025-12-03T00:00:00.000Z";"2025-12-24T00:00:00.000Z";"HR1624020061100384909";"HR00 25230-1-1"
"GRAD LABIN";"2025-12-30T00:00:00.000Z";"Hrvatski Telekom d.d.";"81793146560";"ZAGREB";" DJEČJI VRTIĆ PJERINA VERBANAC";"EUR";"46.40";"R0545 Usluge telefona, pošte i prijevoza";"500       02        35812 DJEČJI VRTIĆ PJERINA VERBANAC";"L01 5001A500002 Odgojno, administrativno i tehničko osoblje";"4.9.000001 4.PRIHODI ZA POSEBNE NAMJENE - PRIHODI KORISNIKA";"323190 Ostale usluge za komunikaciju i prijevoz";"0911 Predškolsko obrazovanje";"01823517524000251201";"DV-USLUGA TELEFONIJE 11/25";"2025-11-30T00:00:00.000Z";"2025-12-19T00:00:00.000Z";"HR7723400091510473628";"HR01 823517524000-251201-3"
"GRAD LABIN";"2025-12-30T00:00:00.000Z";"Hrvatski Telekom d.d.";"81793146560";"ZAGREB";" DJEČJI VRTIĆ PJERINA VERBANAC";"EUR";"381.43";"R0545 Usluge telefona, pošte i prijevoza";"500       02        35812 DJEČJI VRTIĆ PJERINA VERBANAC";"L01 5001A500002 Odgojno, administrativno i tehničko osoblje";"4.9.000001 4.PRIHODI ZA POSEBNE NAMJENE - PRIHODI KORISNIKA";"323190 Ostale usluge za komunikaciju i prijevoz";"0911 Predškolsko obrazovanje";"01823517526000251201";"DV-USLUGA TELEFONIJE 11/25";"2025-11-30T00:00:00.000Z";"2025-12-19T00:00:00.000Z";"HR7723400091510473628";"HR01 823517526000-251201-3"
"GRAD LABIN";"2025-12-30T00:00:00.000Z";"Hrvatski Telekom d.d.";"81793146560";"ZAGREB";" DJEČJI VRTIĆ PJERINA VERBANAC";"EUR";"53.70";"R0545 Usluge telefona, pošte i prijevoza";"500       02        35812 DJEČJI VRTIĆ PJERINA VERBANAC";"L01 5001A500002 Odgojno, administrativno i tehničko osoblje";"4.9.000001 4.PRIHODI ZA POSEBNE NAMJENE - PRIHODI KORISNIKA";"323110 Usluge telefona, telefaksa";"0911 Predškolsko obrazovanje";"5030604428-315-5";"DV-USLUGA TELEFONIJE 11/25";"2025-11-30T00:00:00.000Z";"2025-12-16T00:00:00.000Z";"HR7723400091510473628";"HR01 5030604428-315-5"
"GRAD LABIN";"2025-12-30T00:00:00.000Z";"Hrvatski Telekom d.d.";"81793146560";"ZAGREB";" DJEČJI VRTIĆ PJERINA VERBANAC";"EUR";"93.82";"R0545 Usluge telefona, pošte i prijevoza";"500       02        35812 DJEČJI VRTIĆ PJERINA VERBANAC";"L01 5001A500002 Odgojno, administrativno i tehničko osoblje";"4.9.000001 4.PRIHODI ZA POSEBNE NAMJENE - PRIHODI KORISNIKA";"323110 Usluge telefona, telefaksa";"0911 Predškolsko obrazovanje";"5030604456-315-8";"DV-USLUGA TELEFONIJE 11/25";"2025-11-30T00:00:00.000Z";"2025-12-16T00:00:00.000Z";"HR7723400091510473628";"HR01 5030604456-315-8"
"GRAD LABIN";"2025-12-30T00:00:00.000Z";"Hrvatski Telekom d.d.";"81793146560";"ZAGREB";" DJEČJI VRTIĆ PJERINA VERBANAC";"EUR";"42.41";"R0545 Usluge telefona, pošte i prijevoza";"500       02        35812 DJEČJI VRTIĆ PJERINA VERBANAC";"L01 5001A500002 Odgojno, administrativno i tehničko osoblje";"4.9.000001 4.PRIHODI ZA POSEBNE NAMJENE - PRIHODI KORISNIKA";"323110 Usluge telefona, telefaksa";"0911 Predškolsko obrazovanje";"5005512386-315-6";"DV-USLUGA TELEFONIJE 11/25";"2025-11-30T00:00:00.000Z";"2025-12-16T00:00:00.000Z";"HR7723400091510473628";"HR01 5005512386-315-6"
"GRAD LABIN";"2025-12-30T00:00:00.000Z";"Hrvatski Telekom d.d.";"81793146560";"ZAGREB";" DJEČJI VRTIĆ PJERINA VERBANAC";"EUR";"29.11";"R0545 Usluge telefona, pošte i prijevoza";"500       02        35812 DJEČJI VRTIĆ PJERINA VERBANAC";"L01 5001A500002 Odgojno, administrativno i tehničko osoblje";"4.9.000001 4.PRIHODI ZA POSEBNE NAMJENE - PRIHODI KORISNIKA";"323110 Usluge telefona, telefaksa";"0911 Predškolsko obrazovanje";"5030604439-315-5";"DV-USLUGA TELEFONIJE 11/25";"2025-11-30T00:00:00.000Z";"2025-12-16T00:00:00.000Z";"HR7723400091510473628";"HR01 5030604439-315-5"
"GRAD LABIN";"2025-12-30T00:00:00.000Z";"Hrvatski Telekom d.d.";"81793146560";"ZAGREB";" DJEČJI VRTIĆ PJERINA VERBANAC";"EUR";"42.41";"R0545 Usluge telefona, pošte i prijevoza";"500       02        35812 DJEČJI VRTIĆ PJERINA VERBANAC";"L01 5001A500002 Odgojno, administrativno i tehničko osoblje";"4.9.000001 4.PRIHODI ZA POSEBNE NAMJENE - PRIHODI KORISNIKA";"323110 Usluge telefona, telefaksa";"0911 Predškolsko obrazovanje";"5005505003-315-9";"DV-USLUGA TELEFONIJE 11/25";"2025-11-30T00:00:00.000Z";"2025-12-16T00:00:00.000Z";"HR7723400091510473628";"HR01 5005505003-315-9"
"GRAD LABIN";"2025-12-30T00:00:00.000Z";"Hrvatski Telekom d.d.";"81793146560";"ZAGREB";" DJEČJI VRTIĆ PJERINA VERBANAC";"EUR";"42.88";"R0545 Usluge telefona, pošte i prijevoza";"500       02        35812 DJEČJI VRTIĆ PJERINA VERBANAC";"L01 5001A500002 Odgojno, administrativno i tehničko osoblje";"4.9.000001 4.PRIHODI ZA POSEBNE NAMJENE - PRIHODI KORISNIKA";"323110 Usluge telefona, telefaksa";"0911 Predškolsko obrazovanje";"5005511518-315-0";"DV-USLUGA TELEFONIJE 11/25";"2025-11-30T00:00:00.000Z";"2025-12-16T00:00:00.000Z";"HR7723400091510473628";"HR01 5005511518-315-0"
"GRAD LABIN";"2025-12-30T00:00:00.000Z";"Hrvatski Telekom d.d.";"81793146560";"ZAGREB";" DJEČJI VRTIĆ PJERINA VERBANAC";"EUR";"13.28";"R0545 Usluge telefona, pošte i prijevoza";"500       02        35812 DJEČJI VRTIĆ PJERINA VERBANAC";"L01 5001A500002 Odgojno, administrativno i tehničko osoblje";"4.9.000001 4.PRIHODI ZA POSEBNE NAMJENE - PRIHODI KORISNIKA";"323110 Usluge telefona, telefaksa";"0911 Predškolsko obrazovanje";"01830324934001251201";"DV-USLUGA TELEFONIJE 11/25";"2025-11-30T00:00:00.000Z";"2025-12-16T00:00:00.000Z";"HR7723400091510473628";"HR01 830324934001-251201-1"
"GRAD LABIN";"2025-12-30T00:00:00.000Z";"OTP LEASING D.D.";"23780250353";"ZAGREB";"OŠ ""IVO LOLA RIBAR"" LABIN";"EUR";"290.12";"R0742-1 Zakupnine i najamnine";"500       03        10590 OSNOVNA ŠKOLA IVO LOLA RIBAR LABIN";"L01 5002A500004 Produženi boravak";"4.9.000001 4.PRIHODI ZA POSEBNE NAMJENE - PRIHODI KORISNIKA";"323550 Zakupnine i najamnine za prijevozna sredstva";"0912 Osnovno obrazovanje";"286514-1-1 20250286514";"ILR 1694-0168866 - Plaćanje 5. LEASING OBROK";"2025-12-01T00:00:00.000Z";"2026-01-09T00:00:00.000Z";"HR3224070001100162613";"HR01 999-059033-01045502"
"GRAD LABIN";"2025-12-30T00:00:00.000Z";"OTP LEASING D.D.";"23780250353";"ZAGREB";"OŠ ""IVO LOLA RIBAR"" LABIN";"EUR";"47.23";"R0710 Zakupnine i najamnine";"500       03        10590 OSNOVNA ŠKOLA IVO LOLA RIBAR LABIN";"L01 5002A500003 Financiranje djelatnosti osnovnog školstva";"5.1.001 5. POTPORE ZA DECENTRALIZIRANE FUNKCIJE OSNOVNOG OBRAZOVANJA";"323550 Zakupnine i najamnine za prijevozna sredstva";"0912 Osnovno obrazovanje";"286514-1-1 20250286514";"ILR 1694-0168866 - Plaćanje 5. LEASING OBROK";"2025-12-01T00:00:00.000Z";"2026-01-09T00:00:00.000Z";"HR3224070001100162613";"HR01 999-059033-01045502"
"GRAD LABIN";"2025-12-30T00:00:00.000Z";"B.ELEKTRONIKA D.O.O.";"06144393646";"RIJEKA";"OŠ ""IVO LOLA RIBAR"" LABIN";"EUR";"13.29";"R0710 Zakupnine i najamnine";"500       03        10590 OSNOVNA ŠKOLA IVO LOLA RIBAR LABIN";"L01 5002A500003 Financiranje djelatnosti osnovnog školstva";"5.1.001 5. POTPORE ZA DECENTRALIZIRANE FUNKCIJE OSNOVNOG OBRAZOVANJA";"323530 Zakupnine i najamnine za opremu";"0912 Osnovno obrazovanje";"1287/VP/1";"ILR 1757-1635 - NAJAM KOPIRNOG MATIČNA";"2025-12-11T00:00:00.000Z";"2026-01-10T00:00:00.000Z";"HR8124840081101099241";"HR00 1287-2025-11571"
"GRAD LABIN";"2025-12-30T00:00:00.000Z";"B.ELEKTRONIKA D.O.O.";"06144393646";"RIJEKA";"OŠ ""IVO LOLA RIBAR"" LABIN";"EUR";"672.75";"R0742-1 Zakupnine i najamnine";"500       03        10590 OSNOVNA ŠKOLA IVO LOLA RIBAR LABIN";"L01 5002A500004 Produženi boravak";"4.9.000001 4.PRIHODI ZA POSEBNE NAMJENE - PRIHODI KORISNIKA";"323530 Zakupnine i najamnine za opremu";"0912 Osnovno obrazovanje";"1287/VP/1";"ILR 1757-1635 - NAJAM KOPIRNOG MATIČNA";"2025-12-11T00:00:00.000Z";"2026-01-10T00:00:00.000Z";"HR8124840081101099241";"HR00 1287-2025-11571"
"GRAD LABIN";"2025-12-30T00:00:00.000Z";"ALCA ZAGREB D.O.O.";"58353015102";"ZAGREB";"OŠ ""IVO LOLA RIBAR"" LABIN";"EUR";"66.45";"R0738 Uredski materijal i ostali materijalni rashodi";"500       03        10590 OSNOVNA ŠKOLA IVO LOLA RIBAR LABIN";"L01 5002A500004 Produženi boravak";"4.9.000001 4.PRIHODI ZA POSEBNE NAMJENE - PRIHODI KORISNIKA";"322140 Materijal i sredstva za čišćenje i održavanje";"0912 Osnovno obrazovanje";"129258/711100/1";"ILR 1764-84832 - MAT ZA ČIŠĆENJE";"2025-12-16T00:00:00.000Z";"2026-01-15T00:00:00.000Z";"HR7123900011100926671";"HR00 1250-23122685-25"
"GRAD LABIN";"2025-12-30T00:00:00.000Z";"INA INDUSTRIJA NAFTE D.D.";"27759560625";"ZAGREB";"OŠ ""IVO LOLA RIBAR"" LABIN";"EUR";"68.87";"R0702 Energija";"500       03        10590 OSNOVNA ŠKOLA IVO LOLA RIBAR LABIN";"L01 5002A500003 Financiranje djelatnosti osnovnog školstva";"5.1.001 5. POTPORE ZA DECENTRALIZIRANE FUNKCIJE OSNOVNOG OBRAZOVANJA";"322340 Motorni benzin i dizel gorivo";"0912 Osnovno obrazovanje";"145742/IK/1";"ILR 1691-140 - GORIVO 11-2025";"2025-11-30T00:00:00.000Z";"2026-01-02T00:00:00.000Z";"HR4723400091400010083";"HR01 327051-555051292957-5"
"GRAD LABIN";"2025-12-30T00:00:00.000Z";"JEDINSTVO D.O.O.";"29947239127";"LABIN";"OŠ ""IVO LOLA RIBAR"" LABIN";"EUR";"44.81";"R0717-1 Materijal i sirovine";"500       03        10590 OSNOVNA ŠKOLA IVO LOLA RIBAR LABIN";"L01 5002A500003 Financiranje djelatnosti osnovnog školstva";"5.9.000001 5. POMOĆI - PRIHODI KORISNIKA GL 02";"322240 Namirnice";"0912 Osnovno obrazovanje";"2329-11-1";"ILR 1749-108 - HRANA VOZILIĆI 11102329";"2025-12-01T00:00:00.000Z";"2026-01-09T00:00:00.000Z";"HR4924020061100387225";"HR01 03490-11102329-14"
"GRAD LABIN";"2025-12-30T00:00:00.000Z";"JEDINSTVO D.O.O.";"29947239127";"LABIN";"OŠ ""IVO LOLA RIBAR"" LABIN";"EUR";"51.95";"R0717-1 Materijal i sirovine";"500       03        10590 OSNOVNA ŠKOLA IVO LOLA RIBAR LABIN";"L01 5002A500003 Financiranje djelatnosti osnovnog školstva";"5.9.000001 5. POMOĆI - PRIHODI KORISNIKA GL 02";"322240 Namirnice";"0912 Osnovno obrazovanje";"1988-23-1";"ILR 1778-108 - HRANA MATIČNA 3101988";"2025-12-09T00:00:00.000Z";"2026-01-08T00:00:00.000Z";"HR4924020061100387225";"HR01 03490-23101988-18"
"GRAD LABIN";"2025-12-30T00:00:00.000Z";"JEDINSTVO D.O.O.";"29947239127";"LABIN";"OŠ ""IVO LOLA RIBAR"" LABIN";"EUR";"19.56";"R0717-1 Materijal i sirovine";"500       03        10590 OSNOVNA ŠKOLA IVO LOLA RIBAR LABIN";"L01 5002A500003 Financiranje djelatnosti osnovnog školstva";"5.9.000001 5. POMOĆI - PRIHODI KORISNIKA GL 02";"322240 Namirnice";"0912 Osnovno obrazovanje";"1986-23-1";"ILR 1777-108 - HRANA  MATIČNA 23101986";"2025-12-08T00:00:00.000Z";"2026-01-07T00:00:00.000Z";"HR4924020061100387225";"HR01 03490-23101986-13"
"GRAD LABIN";"2025-12-30T00:00:00.000Z";"JEDINSTVO D.O.O.";"29947239127";"LABIN";"OŠ ""IVO LOLA RIBAR"" LABIN";"EUR";"107.18";"R0717-1 Materijal i sirovine";"500       03        10590 OSNOVNA ŠKOLA IVO LOLA RIBAR LABIN";"L01 5002A500003 Financiranje djelatnosti osnovnog školstva";"5.9.000001 5. POMOĆI - PRIHODI KORISNIKA GL 02";"322240 Namirnice";"0912 Osnovno obrazovanje";"1970-23-1";"ILR 1776-108 - HRANA VINEŽ 23101970";"2025-12-06T00:00:00.000Z";"2026-01-05T00:00:00.000Z";"HR4924020061100387225";"HR01 03490-23101970-13"
"GRAD LABIN";"2025-12-30T00:00:00.000Z";"JEDINSTVO D.O.O.";"29947239127";"LABIN";"OŠ ""IVO LOLA RIBAR"" LABIN";"EUR";"58.57";"R0717-1 Materijal i sirovine";"500       03        10590 OSNOVNA ŠKOLA IVO LOLA RIBAR LABIN";"L01 5002A500003 Financiranje djelatnosti osnovnog školstva";"5.9.000001 5. POMOĆI - PRIHODI KORISNIKA GL 02";"322240 Namirnice";"0912 Osnovno obrazovanje";"1978-23-1";"ILR 1775-108 - HRANA VOZILIĆI  23101978";"2025-12-06T00:00:00.000Z";"2026-01-05T00:00:00.000Z";"HR4924020061100387225";"HR01 03490-23101978-11"
"GRAD LABIN";"2025-12-30T00:00:00.000Z";"JEDINSTVO D.O.O.";"29947239127";"LABIN";"OŠ ""IVO LOLA RIBAR"" LABIN";"EUR";"266.24";"R0717-1 Materijal i sirovine";"500       03        10590 OSNOVNA ŠKOLA IVO LOLA RIBAR LABIN";"L01 5002A500003 Financiranje djelatnosti osnovnog školstva";"5.9.000001 5. POMOĆI - PRIHODI KORISNIKA GL 02";"322240 Namirnice";"0912 Osnovno obrazovanje";"1979-23-1";"ILR 1774-108 - HRANA MATIČNA  23101979";"2025-12-06T00:00:00.000Z";"2026-01-05T00:00:00.000Z";"HR4924020061100387225";"HR01 03490-23101979-19"
"GRAD LABIN";"2025-12-30T00:00:00.000Z";"JEDINSTVO D.O.O.";"29947239127";"LABIN";"OŠ ""IVO LOLA RIBAR"" LABIN";"EUR";"321.05";"R0717-1 Materijal i sirovine";"500       03        10590 OSNOVNA ŠKOLA IVO LOLA RIBAR LABIN";"L01 5002A500003 Financiranje djelatnosti osnovnog školstva";"5.9.000001 5. POMOĆI - PRIHODI KORISNIKA GL 02";"322240 Namirnice";"0912 Osnovno obrazovanje";"2018-23-1";"ILR 1812-108 - HRANA MATIČNA PLACANJE RACUNA 23102018";"2025-12-15T00:00:00.000Z";"2026-01-14T00:00:00.000Z";"HR4924020061100387225";"HR01 03490-23102018-19"
"GRAD LABIN";"2025-12-30T00:00:00.000Z";"JEDINSTVO D.O.O.";"29947239127";"LABIN";"OŠ ""IVO LOLA RIBAR"" LABIN";"EUR";"107.30";"R0717-1 Materijal i sirovine";"500       03        10590 OSNOVNA ŠKOLA IVO LOLA RIBAR LABIN";"L01 5002A500003 Financiranje djelatnosti osnovnog školstva";"5.9.000001 5. POMOĆI - PRIHODI KORISNIKA GL 02";"322240 Namirnice";"0912 Osnovno obrazovanje";"2019-23-1";"ILR 1811-108 - HRANA VINEŽ - PLACANJE RACUNA 23102019";"2025-12-15T00:00:00.000Z";"2026-01-14T00:00:00.000Z";"HR4924020061100387225";"HR01 03490-23102019-16"
"GRAD LABIN";"2025-12-30T00:00:00.000Z";"JEDINSTVO D.O.O.";"29947239127";"LABIN";"OŠ ""IVO LOLA RIBAR"" LABIN";"EUR";"30.05";"R0717-1 Materijal i sirovine";"500       03        10590 OSNOVNA ŠKOLA IVO LOLA RIBAR LABIN";"L01 5002A500003 Financiranje djelatnosti osnovnog školstva";"5.9.000001 5. POMOĆI - PRIHODI KORISNIKA GL 02";"322240 Namirnice";"0912 Osnovno obrazovanje";"2020-23-1";"ILR 1810-108 - HRANA VOZILIĆI - PLACANJE RACUNA 23102020";"2025-12-15T00:00:00.000Z";"2026-01-14T00:00:00.000Z";"HR4924020061100387225";"HR01 03490-23102020-17"
"GRAD LABIN";"2025-12-30T00:00:00.000Z";"JEDINSTVO D.O.O.";"29947239127";"LABIN";"OŠ ""IVO LOLA RIBAR"" LABIN";"EUR";"134.65";"R0717-1 Materijal i sirovine";"500       03        10590 OSNOVNA ŠKOLA IVO LOLA RIBAR LABIN";"L01 5002A500003 Financiranje djelatnosti osnovnog školstva";"5.9.000001 5. POMOĆI - PRIHODI KORISNIKA GL 02";"322240 Namirnice";"0912 Osnovno obrazovanje";"2021-23-1";"ILR 1809-108 - HRANA KATURE PLACANJE RACUNA 23102021";"2025-12-15T00:00:00.000Z";"2026-01-14T00:00:00.000Z";"HR4924020061100387225";"HR01 03490-23102021-14"
"GRAD LABIN";"2025-12-30T00:00:00.000Z";"JEDINSTVO D.O.O.";"29947239127";"LABIN";"OŠ ""IVO LOLA RIBAR"" LABIN";"EUR";"85.46";"R0717-1 Materijal i sirovine";"500       03        10590 OSNOVNA ŠKOLA IVO LOLA RIBAR LABIN";"L01 5002A500003 Financiranje djelatnosti osnovnog školstva";"5.9.000001 5. POMOĆI - PRIHODI KORISNIKA GL 02";"322240 Namirnice";"0912 Osnovno obrazovanje";"2004-23-1";"ILR 1801-108 - HRANA MATIČNA PLACANJE RACUNA 23102004";"2025-12-11T00:00:00.000Z";"2026-01-10T00:00:00.000Z";"HR4924020061100387225";"HR01 03490-23102004-13"
"GRAD LABIN";"2025-12-30T00:00:00.000Z";"JEDINSTVO D.O.O.";"29947239127";"LABIN";"OŠ ""IVO LOLA RIBAR"" LABIN";"EUR";"131.99";"R0717-1 Materijal i sirovine";"500       03        10590 OSNOVNA ŠKOLA IVO LOLA RIBAR LABIN";"L01 5002A500003 Financiranje djelatnosti osnovnog školstva";"5.9.000001 5. POMOĆI - PRIHODI KORISNIKA GL 02";"322240 Namirnice";"0912 Osnovno obrazovanje";"2328-11-1";"ILR 1750-108 - HRANA VINEŽ 11102328";"2025-12-01T00:00:00.000Z";"2026-01-09T00:00:00.000Z";"HR4924020061100387225";"HR01 03490-11102328-17"
"GRAD LABIN";"2025-12-30T00:00:00.000Z";"JEDINSTVO D.O.O.";"29947239127";"LABIN";"OŠ ""IVO LOLA RIBAR"" LABIN";"EUR";"79.28";"R0717-1 Materijal i sirovine";"500       03        10590 OSNOVNA ŠKOLA IVO LOLA RIBAR LABIN";"L01 5002A500003 Financiranje djelatnosti osnovnog školstva";"5.9.000001 5. POMOĆI - PRIHODI KORISNIKA GL 02";"322240 Namirnice";"0912 Osnovno obrazovanje";"2364-11-1";"ILR 1802-108 - HRANA VINEŽ PLACANJE RACUNA 11102364";"2025-12-12T00:00:00.000Z";"2026-01-19T00:00:00.000Z";"HR4924020061100387225";"HR01 03490-11102364-13"
"GRAD LABIN";"2025-12-30T00:00:00.000Z";"JEDINSTVO D.O.O.";"29947239127";"LABIN";"OŠ ""IVO LOLA RIBAR"" LABIN";"EUR";"52.90";"R0717-1 Materijal i sirovine";"500       03        10590 OSNOVNA ŠKOLA IVO LOLA RIBAR LABIN";"L01 5002A500003 Financiranje djelatnosti osnovnog školstva";"5.9.000001 5. POMOĆI - PRIHODI KORISNIKA GL 02";"322240 Namirnice";"0912 Osnovno obrazovanje";"2365-11-1";"ILR 1800-108 - HRANA VOZILIĆI PLACANJE RACUNA 11102365";"2025-12-11T00:00:00.000Z";"2026-01-19T00:00:00.000Z";"HR4924020061100387225";"HR01 03490-11102365-10"
"GRAD LABIN";"2025-12-30T00:00:00.000Z";"JEDINSTVO D.O.O.";"29947239127";"LABIN";"OŠ ""IVO LOLA RIBAR"" LABIN";"EUR";"105.52";"R0717-1 Materijal i sirovine";"500       03        10590 OSNOVNA ŠKOLA IVO LOLA RIBAR LABIN";"L01 5002A500003 Financiranje djelatnosti osnovnog školstva";"5.9.000001 5. POMOĆI - PRIHODI KORISNIKA GL 02";"322240 Namirnice";"0912 Osnovno obrazovanje";"1980-23-1";"ILR 1773-108 - HRANA KATURE";"2025-12-06T00:00:00.000Z";"2026-01-05T00:00:00.000Z";"HR4924020061100387225";"HR01 03490-23101980-10"
"GRAD LABIN";"2025-12-30T00:00:00.000Z";"JEDINSTVO D.O.O.";"29947239127";"LABIN";"OŠ ""IVO LOLA RIBAR"" LABIN";"EUR";"14.84";"R0717-1 Materijal i sirovine";"500       03        10590 OSNOVNA ŠKOLA IVO LOLA RIBAR LABIN";"L01 5002A500003 Financiranje djelatnosti osnovnog školstva";"5.9.000001 5. POMOĆI - PRIHODI KORISNIKA GL 02";"322240 Namirnice";"0912 Osnovno obrazovanje";"1959-23-1";"ILR 1736-108 - HRANA MATIČNA  23101959";"2025-12-04T00:00:00.000Z";"2026-01-03T00:00:00.000Z";"HR4924020061100387225";"HR01 03490-23101959-16"
"GRAD LABIN";"2025-12-30T00:00:00.000Z";"JEDINSTVO D.O.O.";"29947239127";"LABIN";"OŠ ""IVO LOLA RIBAR"" LABIN";"EUR";"20.06";"R0717-1 Materijal i sirovine";"500       03        10590 OSNOVNA ŠKOLA IVO LOLA RIBAR LABIN";"L01 5002A500003 Financiranje djelatnosti osnovnog školstva";"5.9.000001 5. POMOĆI - PRIHODI KORISNIKA GL 02";"322240 Namirnice";"0912 Osnovno obrazovanje";"1951-23-1";"ILR 1735-108 - HRANA KATURE 23101951";"2025-12-03T00:00:00.000Z";"2026-01-02T00:00:00.000Z";"HR4924020061100387225";"HR01 03490-23101951-18"
"GRAD LABIN";"2025-12-30T00:00:00.000Z";"JEDINSTVO D.O.O.";"29947239127";"LABIN";"OŠ ""IVO LOLA RIBAR"" LABIN";"EUR";"2.98";"R0717-1 Materijal i sirovine";"500       03        10590 OSNOVNA ŠKOLA IVO LOLA RIBAR LABIN";"L01 5002A500003 Financiranje djelatnosti osnovnog školstva";"5.9.000001 5. POMOĆI - PRIHODI KORISNIKA GL 02";"322240 Namirnice";"0912 Osnovno obrazovanje";"1950-23-1";"ILR 1734-108 - HRANA MATIČNA  23101950";"2025-12-03T00:00:00.000Z";"2026-01-02T00:00:00.000Z";"HR4924020061100387225";"HR01 03490-23101950-10"
"GRAD LABIN";"2025-12-30T00:00:00.000Z";"JEDINSTVO D.O.O.";"29947239127";"LABIN";"OŠ ""IVO LOLA RIBAR"" LABIN";"EUR";"25.42";"R0717-1 Materijal i sirovine";"500       03        10590 OSNOVNA ŠKOLA IVO LOLA RIBAR LABIN";"L01 5002A500003 Financiranje djelatnosti osnovnog školstva";"5.9.000001 5. POMOĆI - PRIHODI KORISNIKA GL 02";"322240 Namirnice";"0912 Osnovno obrazovanje";"1945-23-1";"ILR 1733-108 - HRANA VOZILIĆI 23101945";"2025-12-02T00:00:00.000Z";"2026-01-01T00:00:00.000Z";"HR4924020061100387225";"HR01 03490-23101945-10"
"GRAD LABIN";"2025-12-30T00:00:00.000Z";"JEDINSTVO D.O.O.";"29947239127";"LABIN";"OŠ ""IVO LOLA RIBAR"" LABIN";"EUR";"180.89";"R0717-1 Materijal i sirovine";"500       03        10590 OSNOVNA ŠKOLA IVO LOLA RIBAR LABIN";"L01 5002A500003 Financiranje djelatnosti osnovnog školstva";"5.9.000001 5. POMOĆI - PRIHODI KORISNIKA GL 02";"322240 Namirnice";"0912 Osnovno obrazovanje";"1946-23-1";"ILR 1732-108 - HRANA MATIČNA  23101946";"2025-12-02T00:00:00.000Z";"2026-01-01T00:00:00.000Z";"HR4924020061100387225";"HR01 03490-23101946-18"
"GRAD LABIN";"2025-12-30T00:00:00.000Z";"BRIONKA D.D.";"45422293596";"PULA";"OŠ ""IVO LOLA RIBAR"" LABIN";"EUR";"479.22";"R0717-1 Materijal i sirovine";"500       03        10590 OSNOVNA ŠKOLA IVO LOLA RIBAR LABIN";"L01 5002A500003 Financiranje djelatnosti osnovnog školstva";"5.9.000001 5. POMOĆI - PRIHODI KORISNIKA GL 02";"322240 Namirnice";"0912 Osnovno obrazovanje";"48909/1/1";"ILR 1808-187607 - HRANA MATIČNA";"2025-12-15T00:00:00.000Z";"2026-01-14T00:00:00.000Z";"HR8724850031100301635";"HR00 48909-1-1"
"GRAD LABIN";"2025-12-30T00:00:00.000Z";"BRIONKA D.D.";"45422293596";"PULA";"OŠ ""IVO LOLA RIBAR"" LABIN";"EUR";"10.71";"R0717-1 Materijal i sirovine";"500       03        10590 OSNOVNA ŠKOLA IVO LOLA RIBAR LABIN";"L01 5002A500003 Financiranje djelatnosti osnovnog školstva";"5.9.000001 5. POMOĆI - PRIHODI KORISNIKA GL 02";"322240 Namirnice";"0912 Osnovno obrazovanje";"48911/1/1";"ILR 1807-187607 - HREANA MATIČNA";"2025-12-15T00:00:00.000Z";"2026-01-14T00:00:00.000Z";"HR8724850031100301635";"HR00 48911-1-1"
"GRAD LABIN";"2025-12-30T00:00:00.000Z";"BRIONKA D.D.";"45422293596";"PULA";"OŠ ""IVO LOLA RIBAR"" LABIN";"EUR";"154.37";"R0717-1 Materijal i sirovine";"500       03        10590 OSNOVNA ŠKOLA IVO LOLA RIBAR LABIN";"L01 5002A500003 Financiranje djelatnosti osnovnog školstva";"5.9.000001 5. POMOĆI - PRIHODI KORISNIKA GL 02";"322240 Namirnice";"0912 Osnovno obrazovanje";"48910/1/1";"ILR 1806-187607 - HRANA KATURE";"2025-12-15T00:00:00.000Z";"2026-01-14T00:00:00.000Z";"HR8724850031100301635";"HR00 48910-1-1"
"GRAD LABIN";"2025-12-30T00:00:00.000Z";"BRIONKA D.D.";"45422293596";"PULA";"OŠ ""IVO LOLA RIBAR"" LABIN";"EUR";"74.33";"R0717-1 Materijal i sirovine";"500       03        10590 OSNOVNA ŠKOLA IVO LOLA RIBAR LABIN";"L01 5002A500003 Financiranje djelatnosti osnovnog školstva";"5.9.000001 5. POMOĆI - PRIHODI KORISNIKA GL 02";"322240 Namirnice";"0912 Osnovno obrazovanje";"49984/1/1";"ILR 1805-187607 - HRANA MATIČNA";"2025-12-15T00:00:00.000Z";"2026-01-14T00:00:00.000Z";"HR8724850031100301635";"HR00 49984-1-1"
"GRAD LABIN";"2025-12-30T00:00:00.000Z";"BRIONKA D.D.";"45422293596";"PULA";"OŠ ""IVO LOLA RIBAR"" LABIN";"EUR";"78.28";"R0717-1 Materijal i sirovine";"500       03        10590 OSNOVNA ŠKOLA IVO LOLA RIBAR LABIN";"L01 5002A500003 Financiranje djelatnosti osnovnog školstva";"5.9.000001 5. POMOĆI - PRIHODI KORISNIKA GL 02";"322240 Namirnice";"0912 Osnovno obrazovanje";"50671/1/1";"ILR 1804-187607 - HRANA VINEŽ";"2025-12-15T00:00:00.000Z";"2026-01-14T00:00:00.000Z";"HR8724850031100301635";"HR00 50671-1-1"
"GRAD LABIN";"2025-12-30T00:00:00.000Z";"DINOP d.o.o.";"00042324329";"SESVETE";"OŠ ""IVO LOLA RIBAR"" LABIN";"EUR";"2889.32";"R0702 Energija";"500       03        10590 OSNOVNA ŠKOLA IVO LOLA RIBAR LABIN";"L01 5002A500003 Financiranje djelatnosti osnovnog školstva";"5.1.001 5. POTPORE ZA DECENTRALIZIRANE FUNKCIJE OSNOVNOG OBRAZOVANJA";"322390 Ostali materijali za proizvodnju energije (ugljen, drva, teško ulje)";"0912 Osnovno obrazovanje";"620/M4/4";"ILR 1813-75523 - PELETI";"2025-12-16T00:00:00.000Z";"2026-01-15T00:00:00.000Z";"HR4224020061100283173";"HR00 2611"
"GRAD LABIN";"2025-12-30T00:00:00.000Z";"RADE INSTALACIJE D.O.O.";"22956679886";"LABIN";"OŠ ""IVO LOLA RIBAR"" LABIN";"EUR";"346.67";"R0681-3 Usluge tekućeg i investicijskog održavanja";"500       03        10590 OSNOVNA ŠKOLA IVO LOLA RIBAR LABIN";"L01 5002A500003 Financiranje djelatnosti osnovnog školstva";"1.1.001    1.OPĆI PRIHODI I PRIMICI";"323210 Usluge tekućeg i investicijskog održavanja građevinskih objekata";"0912 Osnovno obrazovanje";"63/USL/1";"ILR 1746-88030 - USLUGE INV. ODRŽAVANJA - MATIČNA - KEMIJA";"2025-12-10T00:00:00.000Z";"2026-01-09T00:00:00.000Z";"HR1423400091110521064";"HR00 294-63-10"
"GRAD LABIN";"2025-12-30T00:00:00.000Z";"RADE INSTALACIJE D.O.O.";"22956679886";"LABIN";"OŠ ""IVO LOLA RIBAR"" LABIN";"EUR";"1222.08";"R0708 Usluge tekućeg i investicijskog održavanja";"500       03        10590 OSNOVNA ŠKOLA IVO LOLA RIBAR LABIN";"L01 5002A500003 Financiranje djelatnosti osnovnog školstva";"5.1.001 5. POTPORE ZA DECENTRALIZIRANE FUNKCIJE OSNOVNOG OBRAZOVANJA";"323210 Usluge tekućeg i investicijskog održavanja građevinskih objekata";"0912 Osnovno obrazovanje";"63/USL/1";"ILR 1746-88030 - USLUGE INV. ODRŽAVANJA - MATIČNA - KEMIJA";"2025-12-10T00:00:00.000Z";"2026-01-09T00:00:00.000Z";"HR1423400091110521064";"HR00 294-63-10"
"GRAD LABIN";"2025-12-30T00:00:00.000Z";"RADE INSTALACIJE D.O.O.";"22956679886";"LABIN";"OŠ ""IVO LOLA RIBAR"" LABIN";"EUR";"1687.50";"R0708 Usluge tekućeg i investicijskog održavanja";"500       03        10590 OSNOVNA ŠKOLA IVO LOLA RIBAR LABIN";"L01 5002A500003 Financiranje djelatnosti osnovnog školstva";"5.1.001 5. POTPORE ZA DECENTRALIZIRANE FUNKCIJE OSNOVNOG OBRAZOVANJA";"323210 Usluge tekućeg i investicijskog održavanja građevinskih objekata";"0912 Osnovno obrazovanje";"60/USL/1";"ILR 1731-88030 - USLUGE INV. ODRŽAVANJA PŠ VOZILIĆI";"2025-12-08T00:00:00.000Z";"2026-01-07T00:00:00.000Z";"HR1423400091110521064";"HR00 294-60-10"
"GRAD LABIN";"2025-12-30T00:00:00.000Z";"MOND COMMERCE D.O.O.";"32308289749";"LABIN";"OŠ ""IVO LOLA RIBAR"" LABIN";"EUR";"133.36";"R0741 Sitni inventar i auto gume";"500       03        10590 OSNOVNA ŠKOLA IVO LOLA RIBAR LABIN";"L01 5002A500004 Produženi boravak";"4.9.000001 4.PRIHODI ZA POSEBNE NAMJENE - PRIHODI KORISNIKA";"322510 Sitni inventar";"0912 Osnovno obrazovanje";"51/MP5/4";"ILR 1781-1627 - SI MATIČNA";"2025-12-09T00:00:00.000Z";"2026-01-08T00:00:00.000Z";"HR4324020061100393153";"HR00 51-4"
"GRAD LABIN";"2025-12-30T00:00:00.000Z";"MOND COMMERCE D.O.O.";"32308289749";"LABIN";"OŠ ""IVO LOLA RIBAR"" LABIN";"EUR";"2.63";"R0685-2 Sitni inventar i auto gume";"500       03        10590 OSNOVNA ŠKOLA IVO LOLA RIBAR LABIN";"L01 5002A500003 Financiranje djelatnosti osnovnog školstva";"3.9.000002 3.VLASTITI PRIHODI--REZULTAT";"322510 Sitni inventar";"0912 Osnovno obrazovanje";"51/MP5/4";"ILR 1781-1627 - SI MATIČNA";"2025-12-09T00:00:00.000Z";"2026-01-08T00:00:00.000Z";"HR4324020061100393153";"HR00 51-4"
"GRAD LABIN";"2025-12-30T00:00:00.000Z";"MOND COMMERCE D.O.O.";"32308289749";"LABIN";"OŠ ""IVO LOLA RIBAR"" LABIN";"EUR";"2.00";"R0703 Materijal i dijelovi za tekuće i investicijsko održavanje";"500       03        10590 OSNOVNA ŠKOLA IVO LOLA RIBAR LABIN";"L01 5002A500003 Financiranje djelatnosti osnovnog školstva";"5.1.001 5. POTPORE ZA DECENTRALIZIRANE FUNKCIJE OSNOVNOG OBRAZOVANJA";"322410 Materijal i dijelovi za tekuće i investicijsko održavanje građevinskih objekata";"0912 Osnovno obrazovanje";"665/MP6/12";"ILR 1830-1627 - MAT. ZA ODRŽAVANJE";"2025-12-16T00:00:00.000Z";"2026-01-15T00:00:00.000Z";"HR4324020061100393153";"HR00 665-12"
"GRAD LABIN";"2025-12-30T00:00:00.000Z";"LEPRINKA d.o.o";"27332507825";"Ičići";"OŠ ""IVO LOLA RIBAR"" LABIN";"EUR";"50.00";"R0681-1 Računalne usluge";"500       03        10590 OSNOVNA ŠKOLA IVO LOLA RIBAR LABIN";"L01 5002A500003 Financiranje djelatnosti osnovnog školstva";"1.1.001    1.OPĆI PRIHODI I PRIMICI";"323810 Usluge ažuriranja računalnih baza";"0912 Osnovno obrazovanje";"1796/1/1";"ILR 1762-81582 - LEPRINKA 12-2025";"2025-12-10T00:00:00.000Z";"2026-01-09T00:00:00.000Z";"HR4023800061161001465";"HR00 1796"
"GRAD LABIN";"2025-12-30T00:00:00.000Z";"LEPRINKA d.o.o";"27332507825";"Ičići";"OŠ ""IVO LOLA RIBAR"" LABIN";"EUR";"50.00";"R0681-1 Računalne usluge";"500       03        10590 OSNOVNA ŠKOLA IVO LOLA RIBAR LABIN";"L01 5002A500003 Financiranje djelatnosti osnovnog školstva";"1.1.001    1.OPĆI PRIHODI I PRIMICI";"323810 Usluge ažuriranja računalnih baza";"0912 Osnovno obrazovanje";"1646/1/1";"ILR 1693-81582 - LEPRINKA 11-2025";"2025-11-30T00:00:00.000Z";"2025-12-31T00:00:00.000Z";"HR4023800061161001465";"HR00 1646"
"GRAD LABIN";"2025-12-30T00:00:00.000Z";"PERT DOO ILOK, PODRUŽNICA RIJEKA";"42255248046";"RIJEKA";"OŠ ""IVO LOLA RIBAR"" LABIN";"EUR";"25.88";"R0717-1 Materijal i sirovine";"500       03        10590 OSNOVNA ŠKOLA IVO LOLA RIBAR LABIN";"L01 5002A500003 Financiranje djelatnosti osnovnog školstva";"5.9.000001 5. POMOĆI - PRIHODI KORISNIKA GL 02";"322240 Namirnice";"0912 Osnovno obrazovanje";"51306-1-80";"ILR 1827-185426 - HRANA VINEŽ";"2025-12-12T00:00:00.000Z";"2026-01-11T00:00:00.000Z";"HR5024020061100667440";"HR00 51306-1-80"
"GRAD LABIN";"2025-12-30T00:00:00.000Z";"PERT DOO ILOK, PODRUŽNICA RIJEKA";"42255248046";"RIJEKA";"OŠ ""IVO LOLA RIBAR"" LABIN";"EUR";"164.16";"R0717-1 Materijal i sirovine";"500       03        10590 OSNOVNA ŠKOLA IVO LOLA RIBAR LABIN";"L01 5002A500003 Financiranje djelatnosti osnovnog školstva";"5.9.000001 5. POMOĆI - PRIHODI KORISNIKA GL 02";"322240 Namirnice";"0912 Osnovno obrazovanje";"51307-1-80";"ILR 1826-185426 - HRANA KATURE";"2025-12-12T00:00:00.000Z";"2026-01-11T00:00:00.000Z";"HR5024020061100667440";"HR00 51307-1-80"
"GRAD LABIN";"2025-12-30T00:00:00.000Z";"PERT DOO ILOK, PODRUŽNICA RIJEKA";"42255248046";"RIJEKA";"OŠ ""IVO LOLA RIBAR"" LABIN";"EUR";"154.18";"R0717-1 Materijal i sirovine";"500       03        10590 OSNOVNA ŠKOLA IVO LOLA RIBAR LABIN";"L01 5002A500003 Financiranje djelatnosti osnovnog školstva";"5.9.000001 5. POMOĆI - PRIHODI KORISNIKA GL 02";"322240 Namirnice";"0912 Osnovno obrazovanje";"51308-1-80";"ILR 1825-185426 - HRANA KATURE";"2025-12-12T00:00:00.000Z";"2026-01-11T00:00:00.000Z";"HR5024020061100667440";"HR00 51308-1-80"
"GRAD LABIN";"2025-12-30T00:00:00.000Z";"PERT DOO ILOK, PODRUŽNICA RIJEKA";"42255248046";"RIJEKA";"OŠ ""IVO LOLA RIBAR"" LABIN";"EUR";"59.66";"R0717-1 Materijal i sirovine";"500       03        10590 OSNOVNA ŠKOLA IVO LOLA RIBAR LABIN";"L01 5002A500003 Financiranje djelatnosti osnovnog školstva";"5.9.000001 5. POMOĆI - PRIHODI KORISNIKA GL 02";"322240 Namirnice";"0912 Osnovno obrazovanje";"50982-1-80";"ILR 1803-185426 - HREANA VINEŽ";"2025-12-12T00:00:00.000Z";"2026-01-11T00:00:00.000Z";"HR5024020061100667440";"HR00 50982-1-80"
"GRAD LABIN";"2025-12-30T00:00:00.000Z";"PERT DOO ILOK, PODRUŽNICA RIJEKA";"42255248046";"RIJEKA";"OŠ ""IVO LOLA RIBAR"" LABIN";"EUR";"96.55";"R0717-1 Materijal i sirovine";"500       03        10590 OSNOVNA ŠKOLA IVO LOLA RIBAR LABIN";"L01 5002A500003 Financiranje djelatnosti osnovnog školstva";"5.9.000001 5. POMOĆI - PRIHODI KORISNIKA GL 02";"322240 Namirnice";"0912 Osnovno obrazovanje";"49664-1-80";"ILR 1780-185426 - HRANA MATIČNA";"2025-12-09T00:00:00.000Z";"2026-01-08T00:00:00.000Z";"HR5024020061100667440";"HR00 49664-1-80"
"GRAD LABIN";"2025-12-30T00:00:00.000Z";"PERT DOO ILOK, PODRUŽNICA RIJEKA";"42255248046";"RIJEKA";"OŠ ""IVO LOLA RIBAR"" LABIN";"EUR";"111.50";"R0717-1 Materijal i sirovine";"500       03        10590 OSNOVNA ŠKOLA IVO LOLA RIBAR LABIN";"L01 5002A500003 Financiranje djelatnosti osnovnog školstva";"5.9.000001 5. POMOĆI - PRIHODI KORISNIKA GL 02";"322240 Namirnice";"0912 Osnovno obrazovanje";"49665-1-80";"ILR 1779-185426 - HRANA MATIČNA";"2025-12-09T00:00:00.000Z";"2026-01-08T00:00:00.000Z";"HR5024020061100667440";"HR00 49665-1-80"
"GRAD LABIN";"2025-12-30T00:00:00.000Z";"PERT DOO ILOK, PODRUŽNICA RIJEKA";"42255248046";"RIJEKA";"OŠ ""IVO LOLA RIBAR"" LABIN";"EUR";"180.00";"R0717-1 Materijal i sirovine";"500       03        10590 OSNOVNA ŠKOLA IVO LOLA RIBAR LABIN";"L01 5002A500003 Financiranje djelatnosti osnovnog školstva";"5.9.000001 5. POMOĆI - PRIHODI KORISNIKA GL 02";"322240 Namirnice";"0912 Osnovno obrazovanje";"51309-1-80";"ILR 1831-185426 - HRANA MATIČNA";"2025-12-23T00:00:00.000Z";"2026-01-22T00:00:00.000Z";"HR5024020061100667440";"HR00 51309-1-80"
"GRAD LABIN";"2025-12-30T00:00:00.000Z";"PERT DOO ILOK, PODRUŽNICA RIJEKA";"42255248046";"RIJEKA";"OŠ ""IVO LOLA RIBAR"" LABIN";"EUR";"80.21";"R0717-1 Materijal i sirovine";"500       03        10590 OSNOVNA ŠKOLA IVO LOLA RIBAR LABIN";"L01 5002A500003 Financiranje djelatnosti osnovnog školstva";"5.9.000001 5. POMOĆI - PRIHODI KORISNIKA GL 02";"322240 Namirnice";"0912 Osnovno obrazovanje";"50983-1-80";"ILR 1815-185426 - HRANA MATIČNA";"2025-12-19T00:00:00.000Z";"2026-01-18T00:00:00.000Z";"HR5024020061100667440";"HR00 50983-1-80"
"GRAD LABIN";"2025-12-30T00:00:00.000Z";"PERT DOO ILOK, PODRUŽNICA RIJEKA";"42255248046";"RIJEKA";"OŠ ""IVO LOLA RIBAR"" LABIN";"EUR";"20.00";"R0717-1 Materijal i sirovine";"500       03        10590 OSNOVNA ŠKOLA IVO LOLA RIBAR LABIN";"L01 5002A500003 Financiranje djelatnosti osnovnog školstva";"5.9.000001 5. POMOĆI - PRIHODI KORISNIKA GL 02";"322240 Namirnice";"0912 Osnovno obrazovanje";"50984-1-80";"ILR 1814-185426 - HRANA MATIČNA";"2025-12-19T00:00:00.000Z";"2026-01-18T00:00:00.000Z";"HR5024020061100667440";"HR00 50984-1-80"
"GRAD LABIN";"2025-12-30T00:00:00.000Z";"PERT DOO ILOK, PODRUŽNICA RIJEKA";"42255248046";"RIJEKA";"OŠ ""IVO LOLA RIBAR"" LABIN";"EUR";"23.00";"R0717-1 Materijal i sirovine";"500       03        10590 OSNOVNA ŠKOLA IVO LOLA RIBAR LABIN";"L01 5002A500003 Financiranje djelatnosti osnovnog školstva";"5.9.000001 5. POMOĆI - PRIHODI KORISNIKA GL 02";"322240 Namirnice";"0912 Osnovno obrazovanje";"51304-1-80";"ILR 1829-185426 - HRANA MATIČNA";"2025-12-12T00:00:00.000Z";"2026-01-11T00:00:00.000Z";"HR5024020061100667440";"HR00 51304-1-80"
"GRAD LABIN";"2025-12-30T00:00:00.000Z";"PERT DOO ILOK, PODRUŽNICA RIJEKA";"42255248046";"RIJEKA";"OŠ ""IVO LOLA RIBAR"" LABIN";"EUR";"221.43";"R0717-1 Materijal i sirovine";"500       03        10590 OSNOVNA ŠKOLA IVO LOLA RIBAR LABIN";"L01 5002A500003 Financiranje djelatnosti osnovnog školstva";"5.9.000001 5. POMOĆI - PRIHODI KORISNIKA GL 02";"322240 Namirnice";"0912 Osnovno obrazovanje";"51305-1-80";"ILR 1828-185426 - HRANA MATIČNA";"2025-12-12T00:00:00.000Z";"2026-01-11T00:00:00.000Z";"HR5024020061100667440";"HR00 51305-1-80"
"GRAD LABIN";"2025-12-30T00:00:00.000Z";"PERT DOO ILOK, PODRUŽNICA RIJEKA";"42255248046";"RIJEKA";"OŠ ""IVO LOLA RIBAR"" LABIN";"EUR";"55.75";"R0717-1 Materijal i sirovine";"500       03        10590 OSNOVNA ŠKOLA IVO LOLA RIBAR LABIN";"L01 5002A500003 Financiranje djelatnosti osnovnog školstva";"5.9.000001 5. POMOĆI - PRIHODI KORISNIKA GL 02";"322240 Namirnice";"0912 Osnovno obrazovanje";"49660-1-80";"ILR 1772-185426 - HRANA KATURE";"2025-12-05T00:00:00.000Z";"2026-01-04T00:00:00.000Z";"HR5024020061100667440";"HR00 49660-1-80"
"GRAD LABIN";"2025-12-30T00:00:00.000Z";"PERT DOO ILOK, PODRUŽNICA RIJEKA";"42255248046";"RIJEKA";"OŠ ""IVO LOLA RIBAR"" LABIN";"EUR";"81.63";"R0717-1 Materijal i sirovine";"500       03        10590 OSNOVNA ŠKOLA IVO LOLA RIBAR LABIN";"L01 5002A500003 Financiranje djelatnosti osnovnog školstva";"5.9.000001 5. POMOĆI - PRIHODI KORISNIKA GL 02";"322240 Namirnice";"0912 Osnovno obrazovanje";"49661-1-80";"ILR 1771-185426 - HRANA VINEŽ";"2025-12-05T00:00:00.000Z";"2026-01-04T00:00:00.000Z";"HR5024020061100667440";"HR00 49661-1-80"
"GRAD LABIN";"2025-12-30T00:00:00.000Z";"PERT DOO ILOK, PODRUŽNICA RIJEKA";"42255248046";"RIJEKA";"OŠ ""IVO LOLA RIBAR"" LABIN";"EUR";"25.94";"R0717-1 Materijal i sirovine";"500       03        10590 OSNOVNA ŠKOLA IVO LOLA RIBAR LABIN";"L01 5002A500003 Financiranje djelatnosti osnovnog školstva";"5.9.000001 5. POMOĆI - PRIHODI KORISNIKA GL 02";"322240 Namirnice";"0912 Osnovno obrazovanje";"49662-1-80";"ILR 1770-185426 - HRANA KATURE";"2025-12-05T00:00:00.000Z";"2026-01-04T00:00:00.000Z";"HR5024020061100667440";"HR00 49662-1-80"
"GRAD LABIN";"2025-12-30T00:00:00.000Z";"PERT DOO ILOK, PODRUŽNICA RIJEKA";"42255248046";"RIJEKA";"OŠ ""IVO LOLA RIBAR"" LABIN";"EUR";"91.38";"R0717-1 Materijal i sirovine";"500       03        10590 OSNOVNA ŠKOLA IVO LOLA RIBAR LABIN";"L01 5002A500003 Financiranje djelatnosti osnovnog školstva";"5.9.000001 5. POMOĆI - PRIHODI KORISNIKA GL 02";"322240 Namirnice";"0912 Osnovno obrazovanje";"49663-1-80";"ILR 1769-185426 - HRANA VINEŽ";"2025-12-05T00:00:00.000Z";"2026-01-04T00:00:00.000Z";"HR5024020061100667440";"HR00 49663-1-80"
"GRAD LABIN";"2025-12-30T00:00:00.000Z";"PERT DOO ILOK, PODRUŽNICA RIJEKA";"42255248046";"RIJEKA";"OŠ ""IVO LOLA RIBAR"" LABIN";"EUR";"309.84";"R0717-1 Materijal i sirovine";"500       03        10590 OSNOVNA ŠKOLA IVO LOLA RIBAR LABIN";"L01 5002A500003 Financiranje djelatnosti osnovnog školstva";"5.9.000001 5. POMOĆI - PRIHODI KORISNIKA GL 02";"322240 Namirnice";"0912 Osnovno obrazovanje";"49657-1-80";"ILR 1768-185426 - HRANA MATIČNA";"2025-12-02T00:00:00.000Z";"2026-01-01T00:00:00.000Z";"HR5024020061100667440";"HR00 49657-1-80"
"GRAD LABIN";"2025-12-30T00:00:00.000Z";"PERT DOO ILOK, PODRUŽNICA RIJEKA";"42255248046";"RIJEKA";"OŠ ""IVO LOLA RIBAR"" LABIN";"EUR";"99.95";"R0717-1 Materijal i sirovine";"500       03        10590 OSNOVNA ŠKOLA IVO LOLA RIBAR LABIN";"L01 5002A500003 Financiranje djelatnosti osnovnog školstva";"5.9.000001 5. POMOĆI - PRIHODI KORISNIKA GL 02";"322240 Namirnice";"0912 Osnovno obrazovanje";"49659-1-80";"ILR 1767-185426 - HRANA MATIČNA";"2025-12-02T00:00:00.000Z";"2026-01-01T00:00:00.000Z";"HR5024020061100667440";"HR00 49659-1-80"
"GRAD LABIN";"2025-12-30T00:00:00.000Z";"PRISTAV D.O.O. DISKONT KRŠAN";"08557050839";"KRŠAN";"OŠ ""IVO LOLA RIBAR"" LABIN";"EUR";"110.33";"R0717-1 Materijal i sirovine";"500       03        10590 OSNOVNA ŠKOLA IVO LOLA RIBAR LABIN";"L01 5002A500003 Financiranje djelatnosti osnovnog školstva";"5.9.000001 5. POMOĆI - PRIHODI KORISNIKA GL 02";"322240 Namirnice";"0912 Osnovno obrazovanje";"10849-90-1";"ILR 1817-2577 - HRANA MATIČNA PLACANJE RACUNA 90110849";"2025-12-22T00:00:00.000Z";"2026-01-06T00:00:00.000Z";"HR3524020061100031972";"HR01 1202502-90110849-19"
"GRAD LABIN";"2025-12-30T00:00:00.000Z";"PRISTAV D.O.O. DISKONT KRŠAN";"08557050839";"KRŠAN";"OŠ ""IVO LOLA RIBAR"" LABIN";"EUR";"81.00";"R0702 Energija";"500       03        10590 OSNOVNA ŠKOLA IVO LOLA RIBAR LABIN";"L01 5002A500003 Financiranje djelatnosti osnovnog školstva";"5.1.001 5. POTPORE ZA DECENTRALIZIRANE FUNKCIJE OSNOVNOG OBRAZOVANJA";"322330 Plin";"0912 Osnovno obrazovanje";"10848-90-1";"ILR 1816-2577 - PLIN - PLACANJE RACUNA 90110848";"2025-12-22T00:00:00.000Z";"2026-01-06T00:00:00.000Z";"HR3524020061100031972";"HR01 1202502-90110848-11"
"GRAD LABIN";"2025-12-30T00:00:00.000Z";"PRISTAV D.O.O. DISKONT KRŠAN";"08557050839";"KRŠAN";"OŠ ""IVO LOLA RIBAR"" LABIN";"EUR";"121.50";"R0702 Energija";"500       03        10590 OSNOVNA ŠKOLA IVO LOLA RIBAR LABIN";"L01 5002A500003 Financiranje djelatnosti osnovnog školstva";"5.1.001 5. POTPORE ZA DECENTRALIZIRANE FUNKCIJE OSNOVNOG OBRAZOVANJA";"322330 Plin";"0912 Osnovno obrazovanje";"10766-90-1";"PLACANJE RACUNA 90110766";"2025-12-18T00:00:00.000Z";"2026-01-02T00:00:00.000Z";"HR3524020061100031972";"HR01 1202502-90110766-14"
"GRAD LABIN";"2025-12-30T00:00:00.000Z";"PRISTAV D.O.O. DISKONT KRŠAN";"08557050839";"KRŠAN";"OŠ ""IVO LOLA RIBAR"" LABIN";"EUR";"368.89";"R0717-1 Materijal i sirovine";"500       03        10590 OSNOVNA ŠKOLA IVO LOLA RIBAR LABIN";"L01 5002A500003 Financiranje djelatnosti osnovnog školstva";"5.9.000001 5. POMOĆI - PRIHODI KORISNIKA GL 02";"322240 Namirnice";"0912 Osnovno obrazovanje";"10741-90-1";"ILR 1791-2577 - HRANA MATIČNA 90110741";"2025-12-17T00:00:00.000Z";"2026-01-01T00:00:00.000Z";"HR3524020061100031972";"HR01 1202502-90110741-15"
"GRAD LABIN";"2025-12-30T00:00:00.000Z";"PRISTAV D.O.O. DISKONT KRŠAN";"08557050839";"KRŠAN";"OŠ ""IVO LOLA RIBAR"" LABIN";"EUR";"35.00";"R0717-1 Materijal i sirovine";"500       03        10590 OSNOVNA ŠKOLA IVO LOLA RIBAR LABIN";"L01 5002A500003 Financiranje djelatnosti osnovnog školstva";"5.9.000001 5. POMOĆI - PRIHODI KORISNIKA GL 02";"322240 Namirnice";"0912 Osnovno obrazovanje";"10700-90-1";"ILR 1787-2577 - HRANA VOZILIĆI  90110700";"2025-12-16T00:00:00.000Z";"2025-12-31T00:00:00.000Z";"HR3524020061100031972";"HR01 1202502-90110700-12"
"GRAD LABIN";"2025-12-30T00:00:00.000Z";"OMI OBRT ZA PRIJ. PUTNIKA I ROBE-MUŽUL MUŽUL ORLANDO";"93350898928";"KRŠAN";"OŠ ""IVO LOLA RIBAR"" LABIN";"EUR";"1331.10";"R0681-5 Usluge prijevoza";"500       03        10590 OSNOVNA ŠKOLA IVO LOLA RIBAR LABIN";"L01 5002A500003 Financiranje djelatnosti osnovnog školstva";"1.1.001    1.OPĆI PRIHODI I PRIMICI";"323190 Ostale usluge za komunikaciju i prijevoz";"0912 Osnovno obrazovanje";"16-2025";"ILR 1833-86070 - PRIJEVOZ UČENIKA OMI 12-2025 Račun 16-2025";"2025-12-29T00:00:00.000Z";"2026-01-15T00:00:00.000Z";"HR3824020061100363173";"HR00 16-2025"
"GRAD LABIN";"2025-12-30T00:00:00.000Z";"VESELICA EDI, VL. OBRTA REMANDEL";"89176533016";"LABIN";"OŠ ""IVO LOLA RIBAR"" LABIN";"EUR";"77.20";"R0714 Ostale usluge";"500       03        10590 OSNOVNA ŠKOLA IVO LOLA RIBAR LABIN";"L01 5002A500003 Financiranje djelatnosti osnovnog školstva";"5.1.001 5. POTPORE ZA DECENTRALIZIRANE FUNKCIJE OSNOVNOG OBRAZOVANJA";"323990 Ostale nespomenute usluge";"0912 Osnovno obrazovanje";"2425/SKL1//2";"ILR 1820-172200 - IZRADA KLJUČEVA";"2025-12-27T00:00:00.000Z";"2026-01-30T00:00:00.000Z";"HR3924020061100013373";"HR00 2425-1-2"
"GRAD LABIN";"2025-12-30T00:00:00.000Z";"MORAL MESNICA OBRT - BURULČIĆ  MORENO";"GDPR";"";"OŠ ""IVO LOLA RIBAR"" LABIN";"EUR";"572.22";"R0717-1 Materijal i sirovine";"500       03        10590 OSNOVNA ŠKOLA IVO LOLA RIBAR LABIN";"L01 5002A500003 Financiranje djelatnosti osnovnog školstva";"5.9.000001 5. POMOĆI - PRIHODI KORISNIKA GL 02";"322240 Namirnice";"0912 Osnovno obrazovanje";"543/77/1";"ILR 1822-1147 - MESO 12-20205 - PŠ VINEŽ";"2025-12-28T00:00:00.000Z";"2026-01-21T00:00:00.000Z";"";"HR99"
"GRAD LABIN";"2025-12-30T00:00:00.000Z";"MORAL MESNICA OBRT - BURULČIĆ  MORENO";"GDPR";"";"OŠ ""IVO LOLA RIBAR"" LABIN";"EUR";"220.27";"R0717-1 Materijal i sirovine";"500       03        10590 OSNOVNA ŠKOLA IVO LOLA RIBAR LABIN";"L01 5002A500003 Financiranje djelatnosti osnovnog školstva";"5.9.000001 5. POMOĆI - PRIHODI KORISNIKA GL 02";"322240 Namirnice";"0912 Osnovno obrazovanje";"544/77/1";"ILR 1821-1147 - MESO 12-2025 - PŠ VOZILIĆI";"2025-12-28T00:00:00.000Z";"2026-01-21T00:00:00.000Z";"";"HR99"
"GRAD LABIN";"2025-12-30T00:00:00.000Z";"MORAL MESNICA OBRT - BURULČIĆ  MORENO";"GDPR";"";"OŠ ""IVO LOLA RIBAR"" LABIN";"EUR";"677.89";"R0717-1 Materijal i sirovine";"500       03        10590 OSNOVNA ŠKOLA IVO LOLA RIBAR LABIN";"L01 5002A500003 Financiranje djelatnosti osnovnog školstva";"5.9.000001 5. POMOĆI - PRIHODI KORISNIKA GL 02";"322240 Namirnice";"0912 Osnovno obrazovanje";"541/77/1";"ILR 1824-1147 - MESO 12-20256 - PŠ KATURE";"2025-12-28T00:00:00.000Z";"2026-01-19T00:00:00.000Z";"";"HR99"
"GRAD LABIN";"2025-12-30T00:00:00.000Z";"MORAL MESNICA OBRT - BURULČIĆ  MORENO";"GDPR";"";"OŠ ""IVO LOLA RIBAR"" LABIN";"EUR";"2498.83";"R0717-1 Materijal i sirovine";"500       03        10590 OSNOVNA ŠKOLA IVO LOLA RIBAR LABIN";"L01 5002A500003 Financiranje djelatnosti osnovnog školstva";"5.9.000001 5. POMOĆI - PRIHODI KORISNIKA GL 02";"322240 Namirnice";"0912 Osnovno obrazovanje";"542/77/1";"ILR 1823-1147 - MESO 12-20205 - MATIČNA";"2025-12-28T00:00:00.000Z";"2026-01-19T00:00:00.000Z";"";"HR99"
"GRAD LABIN";"2025-12-30T00:00:00.000Z";"VIDACOMMERC D.O.O.";"31860053829";"LABIN";"OŠ ""IVO LOLA RIBAR"" LABIN";"EUR";"312.83";"R0685-2 Sitni inventar i auto gume";"500       03        10590 OSNOVNA ŠKOLA IVO LOLA RIBAR LABIN";"L01 5002A500003 Financiranje djelatnosti osnovnog školstva";"3.9.000002 3.VLASTITI PRIHODI--REZULTAT";"322510 Sitni inventar";"0912 Osnovno obrazovanje";"2865-01-91";"ILR 1689-1228 - SI I MAT. ZA ODRŽAVANJE";"2025-11-30T00:00:00.000Z";"2026-01-14T00:00:00.000Z";"HR3824020061100209622";"HR00 2865-01-91"
"GRAD LABIN";"2025-12-30T00:00:00.000Z";"VIDACOMMERC D.O.O.";"31860053829";"LABIN";"OŠ ""IVO LOLA RIBAR"" LABIN";"EUR";"154.58";"R0703 Materijal i dijelovi za tekuće i investicijsko održavanje";"500       03        10590 OSNOVNA ŠKOLA IVO LOLA RIBAR LABIN";"L01 5002A500003 Financiranje djelatnosti osnovnog školstva";"5.1.001 5. POTPORE ZA DECENTRALIZIRANE FUNKCIJE OSNOVNOG OBRAZOVANJA";"322420 Materijal i dijelovi za tekuće i investicijsko održavanje postrojenja i opreme";"0912 Osnovno obrazovanje";"2865-01-91";"ILR 1689-1228 - SI I MAT. ZA ODRŽAVANJE";"2025-11-30T00:00:00.000Z";"2026-01-14T00:00:00.000Z";"HR3824020061100209622";"HR00 2865-01-91"
"GRAD LABIN";"2025-12-30T00:00:00.000Z";"DUKAT MLIJEČNA INDUSTRIJA D.D.";"25457712630";"ZAGREB";"OŠ ""IVO LOLA RIBAR"" LABIN";"EUR";"111.06";"R0717-1 Materijal i sirovine";"500       03        10590 OSNOVNA ŠKOLA IVO LOLA RIBAR LABIN";"L01 5002A500003 Financiranje djelatnosti osnovnog školstva";"5.9.000001 5. POMOĆI - PRIHODI KORISNIKA GL 02";"322240 Namirnice";"0912 Osnovno obrazovanje";"523523-16-1";"ILR 1783-171603 - HRANA VINEŽ";"2025-12-15T00:00:00.000Z";"2026-01-14T00:00:00.000Z";"HR7023600001102649132";"HR11 1043820-998241377"
"GRAD LABIN";"2025-12-30T00:00:00.000Z";"DUKAT MLIJEČNA INDUSTRIJA D.D.";"25457712630";"ZAGREB";"OŠ ""IVO LOLA RIBAR"" LABIN";"EUR";"221.22";"R0717-1 Materijal i sirovine";"500       03        10590 OSNOVNA ŠKOLA IVO LOLA RIBAR LABIN";"L01 5002A500003 Financiranje djelatnosti osnovnog školstva";"5.9.000001 5. POMOĆI - PRIHODI KORISNIKA GL 02";"322240 Namirnice";"0912 Osnovno obrazovanje";"526121-16-1";"ILR 1786-171603 - HRANA MATIČNA";"2025-12-16T00:00:00.000Z";"2026-01-15T00:00:00.000Z";"HR7023600001102649132";"HR11 1043820-998267996"
"GRAD LABIN";"2025-12-30T00:00:00.000Z";"DUKAT MLIJEČNA INDUSTRIJA D.D.";"25457712630";"ZAGREB";"OŠ ""IVO LOLA RIBAR"" LABIN";"EUR";"126.69";"R0717-1 Materijal i sirovine";"500       03        10590 OSNOVNA ŠKOLA IVO LOLA RIBAR LABIN";"L01 5002A500003 Financiranje djelatnosti osnovnog školstva";"5.9.000001 5. POMOĆI - PRIHODI KORISNIKA GL 02";"322240 Namirnice";"0912 Osnovno obrazovanje";"526122-16-1";"ILR 1785-171603 - HRANA KATURE";"2025-12-16T00:00:00.000Z";"2026-01-15T00:00:00.000Z";"HR7023600001102649132";"HR11 1043820-998268003"
"GRAD LABIN";"2025-12-30T00:00:00.000Z";"DUKAT MLIJEČNA INDUSTRIJA D.D.";"25457712630";"ZAGREB";"OŠ ""IVO LOLA RIBAR"" LABIN";"EUR";"131.96";"R0717-1 Materijal i sirovine";"500       03        10590 OSNOVNA ŠKOLA IVO LOLA RIBAR LABIN";"L01 5002A500003 Financiranje djelatnosti osnovnog školstva";"5.9.000001 5. POMOĆI - PRIHODI KORISNIKA GL 02";"322240 Namirnice";"0912 Osnovno obrazovanje";"516133-16-1";"ILR 1752-171603 - HRANA KATURE";"2025-12-09T00:00:00.000Z";"2026-01-08T00:00:00.000Z";"HR7023600001102649132";"HR11 1043820-998164496"
"GRAD LABIN";"2025-12-30T00:00:00.000Z";"DUKAT MLIJEČNA INDUSTRIJA D.D.";"25457712630";"ZAGREB";"OŠ ""IVO LOLA RIBAR"" LABIN";"EUR";"64.46";"R0717-1 Materijal i sirovine";"500       03        10590 OSNOVNA ŠKOLA IVO LOLA RIBAR LABIN";"L01 5002A500003 Financiranje djelatnosti osnovnog školstva";"5.9.000001 5. POMOĆI - PRIHODI KORISNIKA GL 02";"322240 Namirnice";"0912 Osnovno obrazovanje";"514169-16-1";"ILR 1744-171603 - HRANA VINEŽ";"2025-12-08T00:00:00.000Z";"2026-01-07T00:00:00.000Z";"HR7023600001102649132";"HR11 1043820-998144061"
"GRAD LABIN";"2025-12-30T00:00:00.000Z";"DUKAT MLIJEČNA INDUSTRIJA D.D.";"25457712630";"ZAGREB";"OŠ ""IVO LOLA RIBAR"" LABIN";"EUR";"162.43";"R0717-1 Materijal i sirovine";"500       03        10590 OSNOVNA ŠKOLA IVO LOLA RIBAR LABIN";"L01 5002A500003 Financiranje djelatnosti osnovnog školstva";"5.9.000001 5. POMOĆI - PRIHODI KORISNIKA GL 02";"322240 Namirnice";"0912 Osnovno obrazovanje";"514168-16-1";"ILR 1743-171603 - HRANA MATIČNA";"2025-12-08T00:00:00.000Z";"2026-01-07T00:00:00.000Z";"HR7023600001102649132";"HR11 1043820-998144053"
"GRAD LABIN";"2025-12-30T00:00:00.000Z";"DUKAT MLIJEČNA INDUSTRIJA D.D.";"25457712630";"ZAGREB";"OŠ ""IVO LOLA RIBAR"" LABIN";"EUR";"163.58";"R0717-1 Materijal i sirovine";"500       03        10590 OSNOVNA ŠKOLA IVO LOLA RIBAR LABIN";"L01 5002A500003 Financiranje djelatnosti osnovnog školstva";"5.9.000001 5. POMOĆI - PRIHODI KORISNIKA GL 02";"322240 Namirnice";"0912 Osnovno obrazovanje";"506690-16-1";"ILR 1699-171603 - HRANA MATIČNA";"2025-12-02T00:00:00.000Z";"2026-01-01T00:00:00.000Z";"HR7023600001102649132";"HR11 1043820-998065870"
"GRAD LABIN";"2025-12-30T00:00:00.000Z";"DUKAT MLIJEČNA INDUSTRIJA D.D.";"25457712630";"ZAGREB";"OŠ ""IVO LOLA RIBAR"" LABIN";"EUR";"114.09";"R0717-1 Materijal i sirovine";"500       03        10590 OSNOVNA ŠKOLA IVO LOLA RIBAR LABIN";"L01 5002A500003 Financiranje djelatnosti osnovnog školstva";"5.9.000001 5. POMOĆI - PRIHODI KORISNIKA GL 02";"322240 Namirnice";"0912 Osnovno obrazovanje";"506691-16-1";"ILR 1698-1716503 - HRANA KATURE";"2025-12-02T00:00:00.000Z";"2026-01-01T00:00:00.000Z";"HR7023600001102649132";"HR11 1043820-998065889"
"GRAD LABIN";"2025-12-30T00:00:00.000Z";"DUKAT MLIJEČNA INDUSTRIJA D.D.";"25457712630";"ZAGREB";"OŠ ""IVO LOLA RIBAR"" LABIN";"EUR";"82.46";"R0717-1 Materijal i sirovine";"500       03        10590 OSNOVNA ŠKOLA IVO LOLA RIBAR LABIN";"L01 5002A500003 Financiranje djelatnosti osnovnog školstva";"5.9.000001 5. POMOĆI - PRIHODI KORISNIKA GL 02";"322240 Namirnice";"0912 Osnovno obrazovanje";"504969-16-1";"ILR 1696-171603 - HRANA VINEŽ";"2025-12-01T00:00:00.000Z";"2025-12-31T00:00:00.000Z";"HR7023600001102649132";"HR11 1043820-998047724"
"GRAD LABIN";"2025-12-30T00:00:00.000Z";"AUTOTRANS D.D.";"19819724166";"Cres";"OŠ ""IVO LOLA RIBAR"" LABIN";"EUR";"5549.62";"R0707 Usluge prijevoza";"500       03        10590 OSNOVNA ŠKOLA IVO LOLA RIBAR LABIN";"L01 5002A500003 Financiranje djelatnosti osnovnog školstva";"5.1.001 5. POTPORE ZA DECENTRALIZIRANE FUNKCIJE OSNOVNOG OBRAZOVANJA";"323191 Ostale usluge za prijevoz - Autotrans - Rijeka";"0912 Osnovno obrazovanje";"8145-132-1-25";"ILR 1818-183 - PRIJEVOZ UČENIKA 12-2025 - ARRIVA";"2025-12-23T00:00:00.000Z";"2026-01-22T00:00:00.000Z";"HR1023400091110238381";"HR00 8145-132-125"
"GRAD LABIN";"2025-12-30T00:00:00.000Z";"AUTOTRANS D.D.";"19819724166";"Cres";"OŠ ""IVO LOLA RIBAR"" LABIN";"EUR";"525.12";"R0681-5 Usluge prijevoza";"500       03        10590 OSNOVNA ŠKOLA IVO LOLA RIBAR LABIN";"L01 5002A500003 Financiranje djelatnosti osnovnog školstva";"1.1.001    1.OPĆI PRIHODI I PRIMICI";"323191 Ostale usluge za prijevoz - Autotrans - Rijeka";"0912 Osnovno obrazovanje";"8145-132-1-25";"ILR 1818-183 - PRIJEVOZ UČENIKA 12-2025 - ARRIVA";"2025-12-23T00:00:00.000Z";"2026-01-22T00:00:00.000Z";"HR1023400091110238381";"HR00 8145-132-125"
"GRAD LABIN";"2025-12-30T00:00:00.000Z";"TRIO I D.O.O.";"47572307588";"BUZET";"OŠ ""IVO LOLA RIBAR"" LABIN";"EUR";"132.68";"R0703 Materijal i dijelovi za tekuće i investicijsko održavanje";"500       03        10590 OSNOVNA ŠKOLA IVO LOLA RIBAR LABIN";"L01 5002A500003 Financiranje djelatnosti osnovnog školstva";"5.1.001 5. POTPORE ZA DECENTRALIZIRANE FUNKCIJE OSNOVNOG OBRAZOVANJA";"322410 Materijal i dijelovi za tekuće i investicijsko održavanje građevinskih objekata";"0912 Osnovno obrazovanje";"1010-0014-88";"ILR 1819-52604 - MAT. ZA ODRŽAVANJE";"2025-12-23T00:00:00.000Z";"2026-01-12T00:00:00.000Z";"HR2424020061100396017";"HR11 10103-45713-83"
"GRAD LABIN";"2025-12-30T00:00:00.000Z";"MEDIATERM-OBRT ZA INSTALACIJE";"GDPR";"";"OŠ ""IVO LOLA RIBAR"" LABIN";"EUR";"946.25";"R0772 Uređaji, strojevi i oprema za ostale namjene";"500       03        10590 OSNOVNA ŠKOLA IVO LOLA RIBAR LABIN";"L01 5002K500001 Kapitalna ulaganja osnovnog školstva";"5.1.001 5. POTPORE ZA DECENTRALIZIRANE FUNKCIJE OSNOVNOG OBRAZOVANJA";"422710 Uređaji";"0912 Osnovno obrazovanje";"69-1-2";"ILR 1832-182281 - KLIMA UREĐAJ - PSIHOLOG";"2025-12-29T00:00:00.000Z";"2026-01-08T00:00:00.000Z";"";"HR99"
"GRAD LABIN";"2025-12-30T00:00:00.000Z";"B.ELEKTRONIKA D.O.O.";"06144393646";"RIJEKA";"OŠ ""IVO LOLA RIBAR"" LABIN";"EUR";"33.18";"R0710 Zakupnine i najamnine";"500       03        10590 OSNOVNA ŠKOLA IVO LOLA RIBAR LABIN";"L01 5002A500003 Financiranje djelatnosti osnovnog školstva";"5.1.001 5. POTPORE ZA DECENTRALIZIRANE FUNKCIJE OSNOVNOG OBRAZOVANJA";"323530 Zakupnine i najamnine za opremu";"0912 Osnovno obrazovanje";"1288/VP/1";"ILR 1756-1635 - NAJAM KOPIRNOG PŠ VINEŽ 11-2025";"2025-12-11T00:00:00.000Z";"2026-01-10T00:00:00.000Z";"HR8124840081101099241";"HR00 1288-2025-11571"
"GRAD LABIN";"2025-12-30T00:00:00.000Z";"B.ELEKTRONIKA D.O.O.";"06144393646";"RIJEKA";"OŠ ""IVO LOLA RIBAR"" LABIN";"EUR";"33.18";"R0710 Zakupnine i najamnine";"500       03        10590 OSNOVNA ŠKOLA IVO LOLA RIBAR LABIN";"L01 5002A500003 Financiranje djelatnosti osnovnog školstva";"5.1.001 5. POTPORE ZA DECENTRALIZIRANE FUNKCIJE OSNOVNOG OBRAZOVANJA";"323530 Zakupnine i najamnine za opremu";"0912 Osnovno obrazovanje";"1289/VP/1";"ILR 1755-1635 - NAJAM KOPIRNOG 11-2025 - PŠ VOZILIĆI";"2025-12-11T00:00:00.000Z";"2026-01-10T00:00:00.000Z";"HR8124840081101099241";"HR00 1289-2025-11571"
"GRAD LABIN";"2025-12-30T00:00:00.000Z";"B.ELEKTRONIKA D.O.O.";"06144393646";"RIJEKA";"OŠ ""IVO LOLA RIBAR"" LABIN";"EUR";"163.24";"R0710 Zakupnine i najamnine";"500       03        10590 OSNOVNA ŠKOLA IVO LOLA RIBAR LABIN";"L01 5002A500003 Financiranje djelatnosti osnovnog školstva";"5.1.001 5. POTPORE ZA DECENTRALIZIRANE FUNKCIJE OSNOVNOG OBRAZOVANJA";"323530 Zakupnine i najamnine za opremu";"0912 Osnovno obrazovanje";"1290/VP/1";"ILR 1754-1635 - NAJAM KOPIRNOG KATURE 11-2025";"2025-12-11T00:00:00.000Z";"2026-01-10T00:00:00.000Z";"HR8124840081101099241";"HR00 1290-2025-11571"
"GRAD LABIN";"2025-12-30T00:00:00.000Z";"I.VEM D.O.O.";"74964279599";"PULA";"OŠ ""IVO LOLA RIBAR"" LABIN";"EUR";"217.70";"R0738 Uredski materijal i ostali materijalni rashodi";"500       03        10590 OSNOVNA ŠKOLA IVO LOLA RIBAR LABIN";"L01 5002A500004 Produženi boravak";"4.9.000001 4.PRIHODI ZA POSEBNE NAMJENE - PRIHODI KORISNIKA";"322110 Uredski materijal";"0912 Osnovno obrazovanje";"3629/1/1";"ILR 1761-760 - UREDSKI MATERIJAL";"2025-12-12T00:00:00.000Z";"2026-01-26T00:00:00.000Z";"HR7123600001101268804";"HR05 27-1662-003629"
"GRAD LABIN";"2025-12-30T00:00:00.000Z";"I.VEM D.O.O.";"74964279599";"PULA";"OŠ ""IVO LOLA RIBAR"" LABIN";"EUR";"722.54";"R0738 Uredski materijal i ostali materijalni rashodi";"500       03        10590 OSNOVNA ŠKOLA IVO LOLA RIBAR LABIN";"L01 5002A500004 Produženi boravak";"4.9.000001 4.PRIHODI ZA POSEBNE NAMJENE - PRIHODI KORISNIKA";"322160 Materijal za higijenske potrebe i njegu";"0912 Osnovno obrazovanje";"3628/1/1";"ILR 1760-760 - MAT. ZA HIG. POTREBE I NJEGU";"2025-12-12T00:00:00.000Z";"2026-01-26T00:00:00.000Z";"HR7123600001101268804";"HR05 27-1662-003628"
"GRAD LABIN";"2025-12-30T00:00:00.000Z";"I.VEM D.O.O.";"74964279599";"PULA";"OŠ ""IVO LOLA RIBAR"" LABIN";"EUR";"113.34";"R0738 Uredski materijal i ostali materijalni rashodi";"500       03        10590 OSNOVNA ŠKOLA IVO LOLA RIBAR LABIN";"L01 5002A500004 Produženi boravak";"4.9.000001 4.PRIHODI ZA POSEBNE NAMJENE - PRIHODI KORISNIKA";"322190 Ostali materijal za potrebe redovnog poslovanja";"0912 Osnovno obrazovanje";"3557/1/1";"ILR 1740-760 - OSTALI MATERIJALI Plaćanje po računu 3557/1/1";"2025-12-09T00:00:00.000Z";"2026-01-23T00:00:00.000Z";"HR7123600001101268804";"HR05 27-1662-003557"
"GRAD LABIN";"2025-12-30T00:00:00.000Z";"TEB POSLOVNO SAVJETOVANJE D.O.O.";"99944170669";"ZAGREB";"OŠ MATIJE VLAČIĆA LABIN";"EUR";"42.00";"R0650-1 Uredski materijal i ostali materijalni rashodi";"500       03        10581 OSNOVNA ŠKOLA MATIJE VLAČIĆA LABIN";"L01 5002A500005 Dodatne aktivnosti učenika i osoblja u školi";"5.9.000001 5. POMOĆI - PRIHODI KORISNIKA GL 02";"322120 Literatura (publikacije, časopisi, glasila, knjige i ostalo)";"0912 Osnovno obrazovanje";"2025";"MV-ured.mat";"2025-12-29T00:00:00.000Z";"2025-12-29T00:00:00.000Z";"HR5623400091100180787";"HR00 51006"
"GRAD LABIN";"2025-12-30T00:00:00.000Z";"JEDINSTVO D.O.O.";"29947239127";"LABIN";"OŠ MATIJE VLAČIĆA LABIN";"EUR";"89.95";"R0636 Uredski materijal i ostali materijalni rashodi";"500       03        10581 OSNOVNA ŠKOLA MATIJE VLAČIĆA LABIN";"L01 5002A500004 Produženi boravak";"4.9.000001 4.PRIHODI ZA POSEBNE NAMJENE - PRIHODI KORISNIKA";"322140 Materijal i sredstva za čišćenje i održavanje";"0912 Osnovno obrazovanje";"80100337";"mv-sred.čiš-ur888";"2025-12-18T00:00:00.000Z";"2026-01-17T00:00:00.000Z";"HR4924020061100387225";"HR01 05280-80100337-10"
"GRAD LABIN";"2025-12-30T00:00:00.000Z";"JEDINSTVO D.O.O.";"29947239127";"LABIN";"OŠ MATIJE VLAČIĆA LABIN";"EUR";"485.11";"R0619-1 Materijal i sirovine";"500       03        10581 OSNOVNA ŠKOLA MATIJE VLAČIĆA LABIN";"L01 5002A500003 Financiranje djelatnosti osnovnog školstva";"5.9.000001 5. POMOĆI - PRIHODI KORISNIKA GL 02";"322240 Namirnice";"0912 Osnovno obrazovanje";"11102371";"mv-prehrana-ur886";"2025-12-11T00:00:00.000Z";"2026-01-19T00:00:00.000Z";"HR4924020061100387225";"HR01 05280-11102371-17"
"GRAD LABIN";"2025-12-30T00:00:00.000Z";"POSLOVNI EDUKATOR D.O.O.";"45065170578";"Kaštel Kambelovac";"OŠ MATIJE VLAČIĆA LABIN";"EUR";"180.00";"R0650-1 Uredski materijal i ostali materijalni rashodi";"500       03        10581 OSNOVNA ŠKOLA MATIJE VLAČIĆA LABIN";"L01 5002A500005 Dodatne aktivnosti učenika i osoblja u školi";"5.9.000001 5. POMOĆI - PRIHODI KORISNIKA GL 02";"322120 Literatura (publikacije, časopisi, glasila, knjige i ostalo)";"0912 Osnovno obrazovanje";"2025";"MV-ured.mat";"2025-12-30T00:00:00.000Z";"2025-12-30T00:00:00.000Z";"HR3824070001100635768";"HR00 2026-01-29"
"GRAD LABIN";"2025-12-30T00:00:00.000Z";"POSLOVNI EDUKATOR D.O.O.";"45065170578";"Kaštel Kambelovac";"OŠ MATIJE VLAČIĆA LABIN";"EUR";"63.00";"R0650-1 Uredski materijal i ostali materijalni rashodi";"500       03        10581 OSNOVNA ŠKOLA MATIJE VLAČIĆA LABIN";"L01 5002A500005 Dodatne aktivnosti učenika i osoblja u školi";"5.9.000001 5. POMOĆI - PRIHODI KORISNIKA GL 02";"322120 Literatura (publikacije, časopisi, glasila, knjige i ostalo)";"0912 Osnovno obrazovanje";"2025";"MV-ured.mat-UR892";"2025-12-30T00:00:00.000Z";"2025-12-30T00:00:00.000Z";"HR3824070001100635768";"HR00 1319-01-251"
"GRAD LABIN";"2025-12-30T00:00:00.000Z";"NAKLADA ARKA VL. ŠTEBIH DRAŽEN";"70299832055";"SAMOBOR";"OŠ MATIJE VLAČIĆA LABIN";"EUR";"710.00";"R0657-5 Ostali nespomenuti rashodi poslovanja";"500       03        10581 OSNOVNA ŠKOLA MATIJE VLAČIĆA LABIN";"L01 5002A500005 Dodatne aktivnosti učenika i osoblja u školi";"5.9.000004 5. POMOĆI - PRIHODI KORISNIKA -REZULTAT 5.9.000001";"329990 Ostali nespomenuti rashodi poslovanja";"0912 Osnovno obrazovanje";"2-1-251";"MV-OST.USLUGE";"2025-12-10T00:00:00.000Z";"2025-12-10T00:00:00.000Z";"HR6923600003119843399";"HR00 2-1-251"
"GRAD LABIN";"2025-12-30T00:00:00.000Z";"NAKLADA ARKA VL. ŠTEBIH DRAŽEN";"70299832055";"SAMOBOR";"OŠ MATIJE VLAČIĆA LABIN";"EUR";"290.00";"R0654 Ostali nespomenuti rashodi poslovanja";"500       03        10581 OSNOVNA ŠKOLA MATIJE VLAČIĆA LABIN";"L01 5002A500005 Dodatne aktivnosti učenika i osoblja u školi";"5.9.000001 5. POMOĆI - PRIHODI KORISNIKA GL 02";"329990 Ostali nespomenuti rashodi poslovanja";"0912 Osnovno obrazovanje";"2-1-251";"MV-OST.USLUGE";"2025-12-10T00:00:00.000Z";"2025-12-10T00:00:00.000Z";"HR6923600003119843399";"HR00 2-1-251"
"GRAD LABIN";"2025-12-30T00:00:00.000Z";"LIBER DOMINI D.O.O.";"64324811611";"LABIN";"OŠ MATIJE VLAČIĆA LABIN";"EUR";"0.33";"R0674-0 Uredski materijal i ostali materijalni rashodi";"500       03        10581 OSNOVNA ŠKOLA MATIJE VLAČIĆA LABIN";"L01 5002A500007 Financiranje izvannastavnih projekata i drugo";"5.9.000004 5. POMOĆI - PRIHODI KORISNIKA -REZULTAT 5.9.000001";"322110 Uredski materijal";"0912 Osnovno obrazovanje";"3100-VP1-1";"Plaćanje po računu";"2025-12-22T00:00:00.000Z";"2026-01-21T00:00:00.000Z";"HR5423800061148000982";"HR01 202546-001001-31005"
"GRAD LABIN";"2025-12-30T00:00:00.000Z";"LIBER DOMINI D.O.O.";"64324811611";"LABIN";"OŠ MATIJE VLAČIĆA LABIN";"EUR";"160.68";"R0650-1 Uredski materijal i ostali materijalni rashodi";"500       03        10581 OSNOVNA ŠKOLA MATIJE VLAČIĆA LABIN";"L01 5002A500005 Dodatne aktivnosti učenika i osoblja u školi";"5.9.000001 5. POMOĆI - PRIHODI KORISNIKA GL 02";"322110 Uredski materijal";"0912 Osnovno obrazovanje";"3100-VP1-1";"Plaćanje po računu";"2025-12-22T00:00:00.000Z";"2026-01-21T00:00:00.000Z";"HR5423800061148000982";"HR01 202546-001001-31005"
"GRAD LABIN";"2025-12-30T00:00:00.000Z";"PERT DOO ILOK, PODRUŽNICA RIJEKA";"42255248046";"RIJEKA";"OŠ MATIJE VLAČIĆA LABIN";"EUR";"267.80";"R0619-1 Materijal i sirovine";"500       03        10581 OSNOVNA ŠKOLA MATIJE VLAČIĆA LABIN";"L01 5002A500003 Financiranje djelatnosti osnovnog školstva";"5.9.000001 5. POMOĆI - PRIHODI KORISNIKA GL 02";"322240 Namirnice";"0912 Osnovno obrazovanje";"50991-1-80";"mv-prehrana-ur887";"2025-12-16T00:00:00.000Z";"2025-12-31T00:00:00.000Z";"HR5024020061100667440";"HR00 50991-1-80"
"GRAD LABIN";"2025-12-30T00:00:00.000Z";"HRVATSKA ZAJED.RAČUNOV.I FINANC.DJELAT";"75508100288";"ZAGREB";"OŠ MATIJE VLAČIĆA LABIN";"EUR";"235.00";"R0650-1 Uredski materijal i ostali materijalni rashodi";"500       03        10581 OSNOVNA ŠKOLA MATIJE VLAČIĆA LABIN";"L01 5002A500005 Dodatne aktivnosti učenika i osoblja u školi";"5.9.000001 5. POMOĆI - PRIHODI KORISNIKA GL 02";"322120 Literatura (publikacije, časopisi, glasila, knjige i ostalo)";"0912 Osnovno obrazovanje";"2025";"MV-ured.mat";"2025-12-29T00:00:00.000Z";"2025-12-29T00:00:00.000Z";"HR1423600001101241118";"HR01 11021-5736-558"
"GRAD LABIN";"2025-12-30T00:00:00.000Z";"VESELICA EDI, VL. OBRTA REMANDEL";"89176533016";"LABIN";"OŠ MATIJE VLAČIĆA LABIN";"EUR";"71.40";"R0638 Materijal i dijelovi za tekuće i investicijsko održavanje";"500       03        10581 OSNOVNA ŠKOLA MATIJE VLAČIĆA LABIN";"L01 5002A500004 Produženi boravak";"4.9.000001 4.PRIHODI ZA POSEBNE NAMJENE - PRIHODI KORISNIKA";"322440 Ostali materijal i dijelovi za tekuće i investicijsko održavanje";"0912 Osnovno obrazovanje";"2424/SKL1/2";"mv-ost.mat-ur890";"2025-12-29T00:00:00.000Z";"2026-01-31T00:00:00.000Z";"HR3924020061100013373";"HR00 2424"
"GRAD LABIN";"2025-12-30T00:00:00.000Z";"MORAL MESNICA OBRT - BURULČIĆ  MORENO";"GDPR";"";"OŠ MATIJE VLAČIĆA LABIN";"EUR";"1421.36";"R0619-1 Materijal i sirovine";"500       03        10581 OSNOVNA ŠKOLA MATIJE VLAČIĆA LABIN";"L01 5002A500003 Financiranje djelatnosti osnovnog školstva";"5.9.000001 5. POMOĆI - PRIHODI KORISNIKA GL 02";"322240 Namirnice";"0912 Osnovno obrazovanje";"539/77/1";"mv-prehrana-ur889";"2025-12-28T00:00:00.000Z";"2026-01-19T00:00:00.000Z";"";"HR99"
"GRAD LABIN";"2025-12-30T00:00:00.000Z";"VIDACOMMERC D.O.O.";"31860053829";"LABIN";"OŠ MATIJE VLAČIĆA LABIN";"EUR";"2.48";"R0638 Materijal i dijelovi za tekuće i investicijsko održavanje";"500       03        10581 OSNOVNA ŠKOLA MATIJE VLAČIĆA LABIN";"L01 5002A500004 Produženi boravak";"4.9.000001 4.PRIHODI ZA POSEBNE NAMJENE - PRIHODI KORISNIKA";"322440 Ostali materijal i dijelovi za tekuće i investicijsko održavanje";"0912 Osnovno obrazovanje";"3211-01-91";"mv-mat.održ-ur885";"2025-12-01T00:00:00.000Z";"2026-01-13T00:00:00.000Z";"HR3824020061100209622";"HR00 3211-01-91"
"GRAD LABIN";"2025-12-30T00:00:00.000Z";"LABIN 2000 D.O.O.";"93779491456";"LABIN";"OŠ MATIJE VLAČIĆA LABIN";"EUR";"627.20";"R0614 Ostale usluge";"500       03        10581 OSNOVNA ŠKOLA MATIJE VLAČIĆA LABIN";"L01 5002A500003 Financiranje djelatnosti osnovnog školstva";"5.1.001 5. POTPORE ZA DECENTRALIZIRANE FUNKCIJE OSNOVNOG OBRAZOVANJA";"323990 Ostale nespomenute usluge";"0912 Osnovno obrazovanje";"315/1/1 JN gorivo";"MV-javna nabava goriva-ur884";"2025-11-30T00:00:00.000Z";"2025-12-30T00:00:00.000Z";"HR2023400091110367599";"HR00 1142-315-10"
"GRAD LABIN";"2025-12-30T00:00:00.000Z";"I.VEM D.O.O.";"74964279599";"PULA";"OŠ MATIJE VLAČIĆA LABIN";"EUR";"1492.81";"R0660-1 Uredska oprema i namještaj";"500       03        10581 OSNOVNA ŠKOLA MATIJE VLAČIĆA LABIN";"L01 5002A500005 Dodatne aktivnosti učenika i osoblja u školi";"6.9.000001 6.DONACIJE - PRIHODI KORISNIKA";"422120 Uredski namještaj";"0912 Osnovno obrazovanje";"3801";"MV-URED.NAMJŠT-UR891";"2025-12-30T00:00:00.000Z";"2025-12-30T00:00:00.000Z";"HR7123600001101268804";"HR05 27-1669-003801"
"GRAD LABIN";"2025-12-30T00:00:00.000Z";"KOORDINACIJA SRBA U ISTRI";"84491989671";"PULA";"VIJEĆE SRPSKE NACIONALNE MANJINE";"EUR";"600.00";"R0108 Intelektualne i osobne usluge";"100       02        47756 VIJEĆE SRPSKE NACIONALNE MANJINE U GRADU LABINU";"L01 1004A100001 Poslovi redovne djelatnosti nacionalnih manjina";"1.1.001    1.OPĆI PRIHODI I PRIMICI";"323790 Ostale intelektualne usluge";"0840 Religijske i druge službe zajednice";"3-25-1";"VSNM/USL. OBAV. PRAVIH,ADMIN. I TEHN. POSLOVA/0166235-25/0000123";"2025-12-11T00:00:00.000Z";"2025-12-31T00:00:00.000Z";"HR2223800061131000659";"HR00 3-25-1"
"GRAD LABIN";"2025-12-30T00:00:00.000Z";"DORINA OBRT ZA UGOSTITELJSTVO";"GDPR";"";"VIJEĆE SRPSKE NACIONALNE MANJINE";"EUR";"297.00";"R0110 Reprezentacija";"100       02        47756 VIJEĆE SRPSKE NACIONALNE MANJINE U GRADU LABINU";"L01 1004A100001 Poslovi redovne djelatnosti nacionalnih manjina";"1.1.001    1.OPĆI PRIHODI I PRIMICI";"329310 Reprezentacija";"0840 Religijske i druge službe zajednice";"7831-1-1";"VSNM/UGOST.USLUGA/102296-122 25/0000122";"2025-12-22T00:00:00.000Z";"2025-12-31T00:00:00.000Z";"";"HR99"
"GRAD LABIN";"2025-12-30T00:00:00.000Z";"MEHURČEK D.O.O.";"19041331726";"LJUBLJANA , SLOVENIJA";"JAVNA VATROGASNA POSTROJBA LABIN";"EUR";"173.19";"R0126-1 Ostale usluge";"100       03        35837 JAVNA VATROGASNA POSTROJBA LABIN";"L01 1003A100004 Financiranje Javne vatrogasne postrojbe Labin";"3.9.000001 3.VLASTITI PRIHODI - PRIHODI KORISNIKA";"323990 Ostale nespomenute usluge";"0320 Usluge protupožarne zaštite";"2025-001056";"HR002025-001056 JVP - usluga popravka vatr.odijela    438/0210676";"2025-12-08T00:00:00.000Z";"2026-01-07T00:00:00.000Z";"SI56028430263431616";"HR99"
"GRAD LABIN";"2025-12-30T00:00:00.000Z";"FINA FINANCIJSKA AGENCIJA";"85821130368";"ZAGREB";" DJEČJI VRTIĆ PJERINA VERBANAC";"EUR";"1.66";"R0552 Računalne usluge";"500       02        35812 DJEČJI VRTIĆ PJERINA VERBANAC";"L01 5001A500002 Odgojno, administrativno i tehničko osoblje";"4.9.000001 4.PRIHODI ZA POSEBNE NAMJENE - PRIHODI KORISNIKA";"323890 Ostale računalne usluge";"0911 Predškolsko obrazovanje";"25-1025-0630489";"DV USL.E RAČ.";"2025-10-31T00:00:00.000Z";"2025-11-25T00:00:00.000Z";"HR4223900011100017042";"HR03 256-10251-06304893"
"GRAD LABIN";"2025-12-30T00:00:00.000Z";"MOND COMMERCE D.O.O.";"32308289749";"LABIN";" DJEČJI VRTIĆ PJERINA VERBANAC";"EUR";"4.20";"R0542 Materijal i dijelovi za tekuće i investicijsko održavanje";"500       02        35812 DJEČJI VRTIĆ PJERINA VERBANAC";"L01 5001A500002 Odgojno, administrativno i tehničko osoblje";"4.9.000001 4.PRIHODI ZA POSEBNE NAMJENE - PRIHODI KORISNIKA";"322440 Ostali materijal i dijelovi za tekuće i investicijsko održavanje";"0911 Predškolsko obrazovanje";"577/MP6/12";"DV-MATERIJAL ODRŽAVANJE";"2025-10-28T00:00:00.000Z";"2025-11-27T00:00:00.000Z";"HR4324020061100393153";"HR00 577-12"
"GRAD LABIN";"2025-12-30T00:00:00.000Z";"TRIO I D.O.O.";"47572307588";"BUZET";" DJEČJI VRTIĆ PJERINA VERBANAC";"EUR";"5.18";"R0533 Materijal i dijelovi za tekuće i investicijsko održavanje";"500       02        35812 DJEČJI VRTIĆ PJERINA VERBANAC";"L01 5001A500002 Odgojno, administrativno i tehničko osoblje";"3.9.000001 3.VLASTITI PRIHODI - PRIHODI KORISNIKA";"322440 Ostali materijal i dijelovi za tekuće i investicijsko održavanje";"0911 Predškolsko obrazovanje";"879-0014-88";"DV-MAT ODRŽAVANJE";"2025-10-31T00:00:00.000Z";"2025-11-15T00:00:00.000Z";"HR2424020061100396017";"HR11 8796-80845-83"
"GRAD LABIN";"2025-12-30T00:00:00.000Z";"GRAD LABIN";"19041331726";"LABIN";"VIJEĆE SRPSKE NACIONALNE MANJINE";"EUR";"5.29";"R0103 Energija";"100       02        47756 VIJEĆE SRPSKE NACIONALNE MANJINE U GRADU LABINU";"L01 1004A100001 Poslovi redovne djelatnosti nacionalnih manjina";"1.1.001    1.OPĆI PRIHODI I PRIMICI";"322310 Električna energija";"0840 Religijske i druge službe zajednice";"25-99";"VSNM/TROŠAK STRUJE ZA11 MJ/120 25/0000120";"2025-11-30T00:00:00.000Z";"2025-12-30T00:00:00.000Z";"HR4523400091822200000";"HR24 7706-0071870-2599"
"GRAD LABIN";"2025-12-30T00:00:00.000Z";"DUKAT MLIJEČNA INDUSTRIJA D.D.";"25457712630";"ZAGREB";"OŠ MATIJE VLAČIĆA LABIN";"EUR";"8.61";"R0577 Materijal i sirovine- shema šk. voće i mlijeko";"500       03        10581 OSNOVNA ŠKOLA MATIJE VLAČIĆA LABIN";"L01 5002A500003 Financiranje djelatnosti osnovnog školstva";"1.1.001    1.OPĆI PRIHODI I PRIMICI";"322240 Namirnice";"0912 Osnovno obrazovanje";"518786-16-1";"mv-shema -ur870";"2025-12-10T00:00:00.000Z";"2026-01-09T00:00:00.000Z";"HR7023600001102649132";"HR11 1188160-998191906"
"GRAD LABIN";"2025-12-30T00:00:00.000Z";"DINO COMMERCE D.O.O.";"19176145523";"LABIN";" DJEČJI VRTIĆ PJERINA VERBANAC";"EUR";"9.60";"R0542 Materijal i dijelovi za tekuće i investicijsko održavanje";"500       02        35812 DJEČJI VRTIĆ PJERINA VERBANAC";"L01 5001A500002 Odgojno, administrativno i tehničko osoblje";"4.9.000001 4.PRIHODI ZA POSEBNE NAMJENE - PRIHODI KORISNIKA";"322440 Ostali materijal i dijelovi za tekuće i investicijsko održavanje";"0911 Predškolsko obrazovanje";"1382/POSL1/2";"DV OST.MATERIJAL";"2025-11-12T00:00:00.000Z";"2025-11-27T00:00:00.000Z";"HR5524020061100050430";"HR00 1529-2501382"
"GRAD LABIN";"2025-12-30T00:00:00.000Z";"DINO COMMERCE D.O.O.";"19176145523";"LABIN";" DJEČJI VRTIĆ PJERINA VERBANAC";"EUR";"10.20";"R0533 Materijal i dijelovi za tekuće i investicijsko održavanje";"500       02        35812 DJEČJI VRTIĆ PJERINA VERBANAC";"L01 5001A500002 Odgojno, administrativno i tehničko osoblje";"3.9.000001 3.VLASTITI PRIHODI - PRIHODI KORISNIKA";"322430 Materijal i dijelovi za tekuće i investicijsko održavanje transportnih sredstava";"0911 Predškolsko obrazovanje";"1345/POSL1/2";"DV-MAT ODRŽAVANJE AUTO";"2025-10-31T00:00:00.000Z";"2025-11-15T00:00:00.000Z";"HR5524020061100050430";"HR00 1529-2501345"
"GRAD LABIN";"2025-12-30T00:00:00.000Z";"VODOVOD PULA-LABIN d.o.o-PodružnicaLABIN";"19798348108";"LABIN";"JAVNA VATROGASNA POSTROJBA LABIN";"EUR";"10.22";"R0120 Komunalne usluge";"100       03        35837 JAVNA VATROGASNA POSTROJBA LABIN";"L01 1003A100004 Financiranje Javne vatrogasne postrojbe Labin";"1.1.001    1.OPĆI PRIHODI I PRIMICI";"323410 Opskrba vodom";"0320 Usluge protupožarne zaštite";"55121804";"JVP - Rn voda potr. na Dubrovi  432-1000";"2025-11-30T00:00:00.000Z";"2025-12-31T00:00:00.000Z";"HR5524020061500147397";"HR01 55121804-00892-84"
"GRAD LABIN";"2025-12-30T00:00:00.000Z";"JEDINSTVO D.O.O.";"29947239127";"LABIN";"CENTAR ""LIČE FARAGUNA"" LABIN";"EUR";"13.35";"R0824 Materijal za školsku kuhinju";"500       03        10645 CENTAR LIČE FARAGUNA LABIN";"L01 5002A500008 Sufinanciranje boravka djece";"5.9.000001 5. POMOĆI - PRIHODI KORISNIKA GL 02";"322240 Namirnice";"0912 Osnovno obrazovanje";"2376-11-1";"CLF-467/0000108 NAMIRNICE";"2025-12-11T00:00:00.000Z";"2026-01-04T00:00:00.000Z";"HR4924020061100387225";"HR01 06635-11102376-18"
"GRAD LABIN";"2025-12-30T00:00:00.000Z";"HEP ELEKTRA D.O.O.";"43965974818";"ZAGREB";"VIJEĆE SRPSKE NACIONALNE MANJINE";"EUR";"13.42";"R0103 Energija";"100       02        47756 VIJEĆE SRPSKE NACIONALNE MANJINE U GRADU LABINU";"L01 1004A100001 Poslovi redovne djelatnosti nacionalnih manjina";"1.1.001    1.OPĆI PRIHODI I PRIMICI";"322310 Električna energija";"0840 Religijske i druge službe zajednice";"109012633328";"VSNM/POT. EL. ENERG. ZA11 MJ/117-135895 25/0000117";"2025-11-30T00:00:00.000Z";"2025-12-05T00:00:00.000Z";"HR4323900011500128056";"HR01 2301064698-251120-8"
"GRAD LABIN";"2025-12-30T00:00:00.000Z";"PERT DOO ILOK, PODRUŽNICA RIJEKA";"42255248046";"RIJEKA";" DJEČJI VRTIĆ PJERINA VERBANAC";"EUR";"14.40";"R0529-5 Materijal i sirovine";"500       02        35812 DJEČJI VRTIĆ PJERINA VERBANAC";"L01 5001A500002 Odgojno, administrativno i tehničko osoblje";"1.1.001    1.OPĆI PRIHODI I PRIMICI";"322240 Namirnice";"0911 Predškolsko obrazovanje";"45410-1-80";"DV NAMIRNICE";"2025-11-04T00:00:00.000Z";"2025-12-04T00:00:00.000Z";"HR5024020061100667440";"HR00 45410-1-80"
"GRAD LABIN";"2025-12-30T00:00:00.000Z";"JEDINSTVO D.O.O.";"29947239127";"LABIN";" DJEČJI VRTIĆ PJERINA VERBANAC";"EUR";"14.98";"R0539 Uredski materijal i ostali materijalni rashodi";"500       02        35812 DJEČJI VRTIĆ PJERINA VERBANAC";"L01 5001A500002 Odgojno, administrativno i tehničko osoblje";"4.9.000001 4.PRIHODI ZA POSEBNE NAMJENE - PRIHODI KORISNIKA";"322140 Materijal i sredstva za čišćenje i održavanje";"0911 Predškolsko obrazovanje";"287-80-1";"DV MAT.ZA ČIŠĆENJE";"2025-11-04T00:00:00.000Z";"2025-12-04T00:00:00.000Z";"HR4924020061100387225";"HR01 02150-80100287-10"
"GRAD LABIN";"2025-12-30T00:00:00.000Z";"PERT DOO ILOK, PODRUŽNICA RIJEKA";"42255248046";"RIJEKA";" DJEČJI VRTIĆ PJERINA VERBANAC";"EUR";"15.75";"R0529-5 Materijal i sirovine";"500       02        35812 DJEČJI VRTIĆ PJERINA VERBANAC";"L01 5001A500002 Odgojno, administrativno i tehničko osoblje";"1.1.001    1.OPĆI PRIHODI I PRIMICI";"322240 Namirnice";"0911 Predškolsko obrazovanje";"44119-1-80";"DV NAMIRNICE";"2025-10-31T00:00:00.000Z";"2025-11-30T00:00:00.000Z";"HR5024020061100667440";"HR00 44119-1-80"
"GRAD LABIN";"2025-12-30T00:00:00.000Z";"VODOVOD PULA-LABIN d.o.o-PodružnicaLABIN";"19798348108";"LABIN";"VIJEĆE BOŠNJAČKE NACIONALNE MANJINE";"EUR";"19.07";"R0088 Komunalne usluge";"100       02        45470 VIJEĆE BOŠNJAČKE NACIONALNE MANJINE U GRADU LABINU";"L01 1004A100001 Poslovi redovne djelatnosti nacionalnih manjina";"1.1.001    1.OPĆI PRIHODI I PRIMICI";"323410 Opskrba vodom";"0840 Religijske i druge službe zajednice";"55121229";"VBNM/USL. VODE ZA 11MJ/95 25/0000095";"2025-11-30T00:00:00.000Z";"2025-12-31T00:00:00.000Z";"HR5524020061500147397";"HR01 55121229-59804-82"
"GRAD LABIN";"2025-12-30T00:00:00.000Z";"STYRIA MEDIJSKI SERVISI D.O.O.";"29005509482";"Zagreb-Sloboština";"GRADSKA KNJIŽNICA LABIN";"EUR";"19.51";"R1074 Uredski materijal i ostali materijalni rashodi";"500       04        42266 GRADSKA KNJIŽNICA LABIN";"L01 5004A500013 Financiranje redovne djelatnosti knjižnice";"4.9.000001 4.PRIHODI ZA POSEBNE NAMJENE - PRIHODI KORISNIKA";"322120 Literatura (publikacije, časopisi, glasila, knjige i ostalo)";"0820 Službe kulture";"221612-VLPO-6";"GK-periodika-685";"2025-12-25T00:00:00.000Z";"2026-01-04T00:00:00.000Z";"HR7824840081104330753";"HR06 20233392-40066480043"
"GRAD LABIN";"2025-12-30T00:00:00.000Z";"JEDINSTVO D.O.O.";"29947239127";"LABIN";"OŠ MATIJE VLAČIĆA LABIN";"EUR";"19.95";"R0636 Uredski materijal i ostali materijalni rashodi";"500       03        10581 OSNOVNA ŠKOLA MATIJE VLAČIĆA LABIN";"L01 5002A500004 Produženi boravak";"4.9.000001 4.PRIHODI ZA POSEBNE NAMJENE - PRIHODI KORISNIKA";"322140 Materijal i sredstva za čišćenje i održavanje";"0912 Osnovno obrazovanje";"80100325";"MV-SRED.ČIŠ-UR869";"2025-12-10T00:00:00.000Z";"2026-01-09T00:00:00.000Z";"HR4924020061100387225";"HR01 05280-80100325-10"
"GRAD LABIN";"2025-12-30T00:00:00.000Z";"JEDINSTVO D.O.O.";"29947239127";"LABIN";" DJEČJI VRTIĆ PJERINA VERBANAC";"EUR";"21.83";"R0529-5 Materijal i sirovine";"500       02        35812 DJEČJI VRTIĆ PJERINA VERBANAC";"L01 5001A500002 Odgojno, administrativno i tehničko osoblje";"1.1.001    1.OPĆI PRIHODI I PRIMICI";"322240 Namirnice";"0911 Predškolsko obrazovanje";"1699-23-1";"DV NAMIRNICE";"2025-10-28T00:00:00.000Z";"2025-11-27T00:00:00.000Z";"HR4924020061100387225";"HR01 02150-23101699-17"
"GRAD LABIN";"2025-12-30T00:00:00.000Z";"VIDALIĆ FABIO";"GDPR";"";"OŠ MATIJE VLAČIĆA LABIN";"EUR";"24.50";"R0597 Službena putovanja";"500       03        10581 OSNOVNA ŠKOLA MATIJE VLAČIĆA LABIN";"L01 5002A500003 Financiranje djelatnosti osnovnog školstva";"5.1.001 5. POTPORE ZA DECENTRALIZIRANE FUNKCIJE OSNOVNOG OBRAZOVANJA";"321150 Naknade za prijevoz na službenom putu u zemlji";"0912 Osnovno obrazovanje";"LOKO 12";"MV-LOKO PŠ RABAC-UR877";"2025-12-22T00:00:00.000Z";"2026-01-01T00:00:00.000Z";"";"HR99"
"GRAD LABIN";"2025-12-30T00:00:00.000Z";"KRŠULJA GORDANA, VL. OBRTA MARCILNICA";"GDPR";"";"JAVNA VATROGASNA POSTROJBA LABIN";"EUR";"25.00";"R0121 Ostale usluge";"100       03        35837 JAVNA VATROGASNA POSTROJBA LABIN";"L01 1003A100004 Financiranje Javne vatrogasne postrojbe Labin";"1.1.001    1.OPĆI PRIHODI I PRIMICI";"323950 Usluge čišćenja, pranja i slično";"0320 Usluge protupožarne zaštite";"12/1/2";"JVP - usl.kemijskog čišćenja sklužb.odij.       440-0716162";"2025-12-17T00:00:00.000Z";"2025-12-31T00:00:00.000Z";"";"HR99"
"GRAD LABIN";"2025-12-30T00:00:00.000Z";"IDEAL N&B D.O.O.";"82087356192";"LABIN";" DJEČJI VRTIĆ PJERINA VERBANAC";"EUR";"25.55";"R0542 Materijal i dijelovi za tekuće i investicijsko održavanje";"500       02        35812 DJEČJI VRTIĆ PJERINA VERBANAC";"L01 5001A500002 Odgojno, administrativno i tehničko osoblje";"4.9.000001 4.PRIHODI ZA POSEBNE NAMJENE - PRIHODI KORISNIKA";"322440 Ostali materijal i dijelovi za tekuće i investicijsko održavanje";"0911 Predškolsko obrazovanje";"787-01-91";"DV OST.MATERIJAL";"2025-10-31T00:00:00.000Z";"2025-11-17T00:00:00.000Z";"HR0924840081101066296";"HR00 4409120787-1561"
"GRAD LABIN";"2025-12-30T00:00:00.000Z";"1.MAJ LABIN D.O.O. LABIN";"23557321379";"LABIN";"VIJEĆE BOŠNJAČKE NACIONALNE MANJINE";"EUR";"26.61";"R0088 Komunalne usluge";"100       02        45470 VIJEĆE BOŠNJAČKE NACIONALNE MANJINE U GRADU LABINU";"L01 1004A100001 Poslovi redovne djelatnosti nacionalnih manjina";"1.1.001    1.OPĆI PRIHODI I PRIMICI";"323420 Iznošenje i odvoz smeća";"0840 Religijske i druge službe zajednice";"28-1905-25";"VBNM/USL. ODV. SMEĆA ZA11 MJ/94 25/0000094";"2025-11-30T00:00:00.000Z";"2025-12-30T00:00:00.000Z";"HR3224020061100387143";"HR01 1905-01305164"
"GRAD LABIN";"2025-12-30T00:00:00.000Z";"TON-ALE D.O.O.";"13313980574";"LABIN";" DJEČJI VRTIĆ PJERINA VERBANAC";"EUR";"26.89";"R0533 Materijal i dijelovi za tekuće i investicijsko održavanje";"500       02        35812 DJEČJI VRTIĆ PJERINA VERBANAC";"L01 5001A500002 Odgojno, administrativno i tehničko osoblje";"3.9.000001 3.VLASTITI PRIHODI - PRIHODI KORISNIKA";"322440 Ostali materijal i dijelovi za tekuće i investicijsko održavanje";"0911 Predškolsko obrazovanje";"570/SKL1/5";"DV-MAT ODRŽAVANJE";"2025-10-31T00:00:00.000Z";"2025-11-10T00:00:00.000Z";"HR8024020061100290734";"HR00 188-570-13"
"GRAD LABIN";"2025-12-30T00:00:00.000Z";"INA INDUSTRIJA NAFTE D.D.";"27759560625";"ZAGREB";" DJEČJI VRTIĆ PJERINA VERBANAC";"EUR";"28.09";"R0558 Zatezne kamate";"500       02        35812 DJEČJI VRTIĆ PJERINA VERBANAC";"L01 5001A500002 Odgojno, administrativno i tehničko osoblje";"4.9.000001 4.PRIHODI ZA POSEBNE NAMJENE - PRIHODI KORISNIKA";"343330 Zatezne kamate iz poslovnih odnosa";"0911 Predškolsko obrazovanje";"8100003957/2025";"DV-K-TA INA DD";"2025-10-31T00:00:00.000Z";"2025-11-15T00:00:00.000Z";"HR7024840081100619483";"HR00 05-85000039432-2025"
"GRAD LABIN";"2025-12-30T00:00:00.000Z";"RI-MEA DOO";"12025082198";"RIJEKA";"JAVNA VATROGASNA POSTROJBA LABIN";"EUR";"29.90";"R0164 Uredski materijal i ostali materijalni rashodi";"100       03        35837 JAVNA VATROGASNA POSTROJBA LABIN";"L01 1003A100004 Financiranje Javne vatrogasne postrojbe Labin";"6.9.000001 6.DONACIJE - PRIHODI KORISNIKA";"322140 Materijal i sredstva za čišćenje i održavanje";"0320 Usluge protupožarne zaštite";"1663/01/251";"JVP - mat. za održ. prostora  443-0198340";"2025-12-17T00:00:00.000Z";"2025-12-27T00:00:00.000Z";"HR1624020061101166729";"HR00 1663-01-251"
"GRAD LABIN";"2025-12-30T00:00:00.000Z";"PERT DOO ILOK, PODRUŽNICA RIJEKA";"42255248046";"RIJEKA";" DJEČJI VRTIĆ PJERINA VERBANAC";"EUR";"29.93";"R0529-5 Materijal i sirovine";"500       02        35812 DJEČJI VRTIĆ PJERINA VERBANAC";"L01 5001A500002 Odgojno, administrativno i tehničko osoblje";"1.1.001    1.OPĆI PRIHODI I PRIMICI";"322240 Namirnice";"0911 Predškolsko obrazovanje";"45415-1-80";"DV-NAMIRNICE";"2025-11-11T00:00:00.000Z";"2025-12-11T00:00:00.000Z";"HR5024020061100667440";"HR00 45415-1-80"
"GRAD LABIN";"2025-12-30T00:00:00.000Z";"KOMADINA MARIN";"GDPR";"";" UMJETNIČKA ŠKOLA MATKA BRAJŠE RAŠANA";"EUR";"30.00";"R0834 Službena putovanja";"500       03        48478 UMJETNIČKA ŠKOLA MATKA BRAJŠE RAŠANA LABIN";"L01 5002A500003 Financiranje djelatnosti osnovnog školstva";"4.9.000001 4.PRIHODI ZA POSEBNE NAMJENE - PRIHODI KORISNIKA";"321110 Dnevnice za službeni put u zemlji";"0912 Osnovno obrazovanje";"82/25";"UŠ-PUTNI NALOG 82/25 ZAGREB-509";"2025-10-14T00:00:00.000Z";"2025-10-21T00:00:00.000Z";"";"HR99"
"GRAD LABIN";"2025-12-30T00:00:00.000Z";"JEDINSTVO D.O.O.";"29947239127";"LABIN";" DJEČJI VRTIĆ PJERINA VERBANAC";"EUR";"31.19";"R0540 Materijal i sirovine";"500       02        35812 DJEČJI VRTIĆ PJERINA VERBANAC";"L01 5001A500002 Odgojno, administrativno i tehničko osoblje";"4.9.000001 4.PRIHODI ZA POSEBNE NAMJENE - PRIHODI KORISNIKA";"322240 Namirnice";"0911 Predškolsko obrazovanje";"1813-23-1";"DV-NAMIRNICE";"2025-11-12T00:00:00.000Z";"2025-12-12T00:00:00.000Z";"HR4924020061100387225";"HR01 02150-23101813-13"
"GRAD LABIN";"2025-12-30T00:00:00.000Z";"LORIPHARM - OSMAK LORENA";"GDPR";"";"GRADSKA KNJIŽNICA LABIN";"EUR";"31.75";"R1089 Uredski materijal i ostali materijalni rashodi";"500       04        42266 GRADSKA KNJIŽNICA LABIN";"L01 5004A500014 Književni susreti i radionice";"3.9.000001 3.VLASTITI PRIHODI - PRIHODI KORISNIKA";"322190 Ostali materijal za potrebe redovnog poslovanja";"0820 Službe kulture";"177/VP1/1";"GK-mat.za radionicu-689";"2025-12-24T00:00:00.000Z";"2026-01-14T00:00:00.000Z";"";"HR99"
"GRAD LABIN";"2025-12-30T00:00:00.000Z";"VESELICA EDI, VL. OBRTA REMANDEL";"89176533016";"LABIN";" UMJETNIČKA ŠKOLA MATKA BRAJŠE RAŠANA";"EUR";"32.90";"R0837 Uredski materijal i ostali materijalni rashodi";"500       03        48478 UMJETNIČKA ŠKOLA MATKA BRAJŠE RAŠANA LABIN";"L01 5002A500003 Financiranje djelatnosti osnovnog školstva";"4.9.000001 4.PRIHODI ZA POSEBNE NAMJENE - PRIHODI KORISNIKA";"322190 Ostali materijal za potrebe redovnog poslovanja";"0912 Osnovno obrazovanje";"2427/SKL1/2";"UŠ-KLJUČEVI-512";"2025-12-29T00:00:00.000Z";"2026-01-31T00:00:00.000Z";"HR3924020061100013373";"HR00 2427"
"GRAD LABIN";"2025-12-30T00:00:00.000Z";"OPĆINA SV.NEDELJA";"84615779206";"NEDEŠĆINA";" DJEČJI VRTIĆ PJERINA VERBANAC";"EUR";"33.67";"R0549 Zakupnine i najamnine";"500       02        35812 DJEČJI VRTIĆ PJERINA VERBANAC";"L01 5001A500002 Odgojno, administrativno i tehničko osoblje";"4.9.000001 4.PRIHODI ZA POSEBNE NAMJENE - PRIHODI KORISNIKA";"323520 Zakupnine i najamnine za građevinske objekte";"0911 Predškolsko obrazovanje";"1591/2024";"DV-NAJAM PO VREĆARI 12/25";"2025-11-07T00:00:00.000Z";"2025-12-15T00:00:00.000Z";"HR1323400091843200009";"HR68 7811-65354857590-51591"
"GRAD LABIN";"2025-12-30T00:00:00.000Z";"2003 - DOPRINOS ZA MIO II STUP";"GDPR";"";"GRADSKA KNJIŽNICA LABIN";"EUR";"34.72";"R1063 Intelektualne i osobne usluge";"500       04        42266 GRADSKA KNJIŽNICA LABIN";"L01 5004A500013 Financiranje redovne djelatnosti knjižnice";"1.1.001    1.OPĆI PRIHODI I PRIMICI";"323720 Ugovori o djelu";"0820 Službe kulture";"25/00321";"GK - UG. O DJELU - MIO II";"2025-12-29T00:00:00.000Z";"2025-12-30T00:00:00.000Z";"";"HR99"
"GRAD LABIN";"2025-12-30T00:00:00.000Z";"JEDINSTVO D.O.O.";"29947239127";"LABIN";" DJEČJI VRTIĆ PJERINA VERBANAC";"EUR";"35.00";"R0529-5 Materijal i sirovine";"500       02        35812 DJEČJI VRTIĆ PJERINA VERBANAC";"L01 5001A500002 Odgojno, administrativno i tehničko osoblje";"1.1.001    1.OPĆI PRIHODI I PRIMICI";"322290 Ostali materijal i sirovine";"0911 Predškolsko obrazovanje";"285-80-1";"DV OSTALI MAT.";"2025-10-30T00:00:00.000Z";"2025-11-29T00:00:00.000Z";"HR4924020061100387225";"HR01 02150-80100285-15"
"GRAD LABIN";"2025-12-30T00:00:00.000Z";"SIGURNOST D.O.O.";"63041633582";"LABIN";"GRADSKA KNJIŽNICA LABIN";"EUR";"35.00";"R1064 Računalne usluge";"500       04        42266 GRADSKA KNJIŽNICA LABIN";"L01 5004A500013 Financiranje redovne djelatnosti knjižnice";"1.1.001    1.OPĆI PRIHODI I PRIMICI";"323890 Ostale računalne usluge";"0820 Službe kulture";"674/3/10";"GK-programiranje-680";"2025-11-15T00:00:00.000Z";"2025-12-24T00:00:00.000Z";"HR3823800061147002267";"HR00 000674-1202646"
"GRAD LABIN";"2025-12-30T00:00:00.000Z";"DE CONTE D.O.O.";"57160528400";"LABIN";" DJEČJI VRTIĆ PJERINA VERBANAC";"EUR";"36.25";"R0542 Materijal i dijelovi za tekuće i investicijsko održavanje";"500       02        35812 DJEČJI VRTIĆ PJERINA VERBANAC";"L01 5001A500002 Odgojno, administrativno i tehničko osoblje";"4.9.000001 4.PRIHODI ZA POSEBNE NAMJENE - PRIHODI KORISNIKA";"322440 Ostali materijal i dijelovi za tekuće i investicijsko održavanje";"0911 Predškolsko obrazovanje";"20100027";"DV BRAVA ZA ULAZNA VRATA";"2025-10-28T00:00:00.000Z";"2025-12-05T00:00:00.000Z";"HR3524020061100046716";"HR01 1000001208-20100027-12"
"GRAD LABIN";"2025-12-30T00:00:00.000Z";"PERT DOO ILOK, PODRUŽNICA RIJEKA";"42255248046";"RIJEKA";" DJEČJI VRTIĆ PJERINA VERBANAC";"EUR";"36.88";"R0540 Materijal i sirovine";"500       02        35812 DJEČJI VRTIĆ PJERINA VERBANAC";"L01 5001A500002 Odgojno, administrativno i tehničko osoblje";"4.9.000001 4.PRIHODI ZA POSEBNE NAMJENE - PRIHODI KORISNIKA";"322240 Namirnice";"0911 Predškolsko obrazovanje";"45420-1-80";"DV-NAMIRNICE";"2025-11-14T00:00:00.000Z";"2025-12-14T00:00:00.000Z";"HR5024020061100667440";"HR00 45420-1-80"
"GRAD LABIN";"2025-12-30T00:00:00.000Z";"JEDINSTVO D.O.O.";"29947239127";"LABIN";" DJEČJI VRTIĆ PJERINA VERBANAC";"EUR";"36.99";"R0539 Uredski materijal i ostali materijalni rashodi";"500       02        35812 DJEČJI VRTIĆ PJERINA VERBANAC";"L01 5001A500002 Odgojno, administrativno i tehničko osoblje";"4.9.000001 4.PRIHODI ZA POSEBNE NAMJENE - PRIHODI KORISNIKA";"322140 Materijal i sredstva za čišćenje i održavanje";"0911 Predškolsko obrazovanje";"290-80-1";"DV-MATERIJAL ZA ČIŠĆENJE";"2025-11-06T00:00:00.000Z";"2025-12-06T00:00:00.000Z";"HR4924020061100387225";"HR01 02150-80100290-15"
"GRAD LABIN";"2025-12-30T00:00:00.000Z";"CENTAR ZA DRUŠTVENO PODUZETNIŠTVO D.O.O.";"24158083990";"LABIN";"JAVNA VATROGASNA POSTROJBA LABIN";"EUR";"37.50";"R0119 Službena, radna i zaštitna odjeća i obuća";"100       03        35837 JAVNA VATROGASNA POSTROJBA LABIN";"L01 1003A100004 Financiranje Javne vatrogasne postrojbe Labin";"1.1.001    1.OPĆI PRIHODI I PRIMICI";"322710 Službena, radna i zaštitna odjeća i obuća";"0320 Usluge protupožarne zaštite";"221-9-1";"Transakcijski račun";"2025-12-15T00:00:00.000Z";"2025-12-23T00:00:00.000Z";"HR8941240031199020395";"HR00 2-221-2025"
"GRAD LABIN";"2025-12-30T00:00:00.000Z";"PRIVREDNA BANKA ZAGREB D.D.";"GDPR";"";" DJEČJI VRTIĆ PJERINA VERBANAC";"EUR";"90.00";"R0575 Ostali nespomenuti rashodi poslovanja";"500       02        35812 DJEČJI VRTIĆ PJERINA VERBANAC";"L01 5001A500004 Financiranje programa za djecu s teškoćama u razvoju , pripadnika manjina i predškole";"5.9.000001 5. POMOĆI - PRIHODI KORISNIKA GL 02";"329990 Ostali nespomenuti rashodi poslovanja";"0911 Predškolsko obrazovanje";"25/00726";"PmtInfId:PL10NAK-202506-002-55-PBZG-5: POKRIĆE ZA ZBROJNI NALOG";"2025-12-30T00:00:00.000Z";"2025-12-30T00:00:00.000Z";"";"HR99"
"GRAD LABIN";"2025-12-30T00:00:00.000Z";"NASTAVNI ZAVOD ZA JAVNO ZDRAVSTVO IŽ INSTITUTO FORMATIVO DI SANITA P.DELLA RI";"90629578695";"PULA";"OŠ MATIJE VLAČIĆA LABIN";"EUR";"46.25";"R0609 Komunalne usluge";"500       03        10581 OSNOVNA ŠKOLA MATIJE VLAČIĆA LABIN";"L01 5002A500003 Financiranje djelatnosti osnovnog školstva";"5.1.001 5. POTPORE ZA DECENTRALIZIRANE FUNKCIJE OSNOVNOG OBRAZOVANJA";"323430 Deratizacija i dezinsekcija";"0912 Osnovno obrazovanje";"2025100009921 DERAT.25.11";"MV-USL.DERATIZ.-UR851";"2025-12-15T00:00:00.000Z";"2026-01-14T00:00:00.000Z";"HR5124020061101132537";"HR00 2025-100009921"
"GRAD LABIN";"2025-12-30T00:00:00.000Z";"NASTAVNI ZAVOD ZA JAVNO ZDRAVSTVO IŽ INSTITUTO FORMATIVO DI SANITA P.DELLA RI";"90629578695";"PULA";"OŠ MATIJE VLAČIĆA LABIN";"EUR";"46.25";"R0609 Komunalne usluge";"500       03        10581 OSNOVNA ŠKOLA MATIJE VLAČIĆA LABIN";"L01 5002A500003 Financiranje djelatnosti osnovnog školstva";"5.1.001 5. POTPORE ZA DECENTRALIZIRANE FUNKCIJE OSNOVNOG OBRAZOVANJA";"323430 Deratizacija i dezinsekcija";"0912 Osnovno obrazovanje";"2025100009954 DERATIZ 9.12";"MV-USL.DERATIZ-UR852";"2025-12-16T00:00:00.000Z";"2026-01-15T00:00:00.000Z";"HR5124020061101132537";"HR00 2025-100009954"
"GRAD LABIN";"2025-12-30T00:00:00.000Z";"LAVACO D.O.O.";"62344349783";"LABIN";" DJEČJI VRTIĆ PJERINA VERBANAC";"EUR";"48.75";"R0553 Ostale usluge";"500       02        35812 DJEČJI VRTIĆ PJERINA VERBANAC";"L01 5001A500002 Odgojno, administrativno i tehničko osoblje";"4.9.000001 4.PRIHODI ZA POSEBNE NAMJENE - PRIHODI KORISNIKA";"323950 Usluge čišćenja, pranja i slično";"0911 Predškolsko obrazovanje";"1556/P1/1";"DV-USL PRANJA 10/25";"2025-11-02T00:00:00.000Z";"2025-11-17T00:00:00.000Z";"HR0624020061100098454";"HR00 15561-1"
"GRAD LABIN";"2025-12-30T00:00:00.000Z";"GARD SIGURNOST D.O.O.";"19673438265";"LABIN";" DJEČJI VRTIĆ PJERINA VERBANAC";"EUR";"49.78";"R0553 Ostale usluge";"500       02        35812 DJEČJI VRTIĆ PJERINA VERBANAC";"L01 5001A500002 Odgojno, administrativno i tehničko osoblje";"4.9.000001 4.PRIHODI ZA POSEBNE NAMJENE - PRIHODI KORISNIKA";"323960 Usluge čuvanja imovine i osoba";"0911 Predškolsko obrazovanje";"159/PP1/1";"DV USLUGA ZAŠTITE";"2025-10-31T00:00:00.000Z";"2025-11-15T00:00:00.000Z";"HR1724070001100173941";"HR00 159-25"
"GRAD LABIN";"2025-12-30T00:00:00.000Z";"SIGURNOST D.O.O.";"63041633582";"LABIN";" UMJETNIČKA ŠKOLA MATKA BRAJŠE RAŠANA";"EUR";"50.00";"R0859 Ostale usluge";"500       03        48478 UMJETNIČKA ŠKOLA MATKA BRAJŠE RAŠANA LABIN";"L01 5002A500003 Financiranje djelatnosti osnovnog školstva";"5.1.001 5. POTPORE ZA DECENTRALIZIRANE FUNKCIJE OSNOVNOG OBRAZOVANJA";"323960 Usluge čuvanja imovine i osoba";"0912 Osnovno obrazovanje";"5565/1/10";"UŠ-TEHNIČKA ZAŠTITA OBJEKTA 12/25-482";"2025-12-15T00:00:00.000Z";"2025-12-30T00:00:00.000Z";"HR3823800061147002267";"HR00 1202897-005565"
"GRAD LABIN";"2025-12-30T00:00:00.000Z";"POREZ I PRIREZ ND - LABIN";"19041331726";"LABIN";"GRADSKA KNJIŽNICA LABIN";"EUR";"50.00";"R1087-7 Intelektualne i osobne usluge";"500       04        42266 GRADSKA KNJIŽNICA LABIN";"L01 5004A500013 Financiranje redovne djelatnosti knjižnice";"4.9.000002 4.PRIHODI ZA POSEBNE NAMJENE-REZULTAT";"323720 Ugovori o djelu";"0820 Službe kulture";"25/00326";"GK - UG. O DJELU - POREZ LABIN";"2025-12-29T00:00:00.000Z";"2025-12-30T00:00:00.000Z";"HR0310010051722212000";"HR68 1945-68585857405-25364"
"GRAD LABIN";"2025-12-30T00:00:00.000Z";"EURO DAUS DD";"19212513210";"SPLIT";" DJEČJI VRTIĆ PJERINA VERBANAC";"EUR";"50.05";"R0553 Ostale usluge";"500       02        35812 DJEČJI VRTIĆ PJERINA VERBANAC";"L01 5001A500002 Odgojno, administrativno i tehničko osoblje";"4.9.000001 4.PRIHODI ZA POSEBNE NAMJENE - PRIHODI KORISNIKA";"323940 Usluge pri registraciji prijevoznih sredstava";"0911 Predškolsko obrazovanje";"35768-H013-21115";"DV USLUGA TEHNIČKOG PREGLEDA";"2025-11-05T00:00:00.000Z";"2025-11-05T00:00:00.000Z";"HR6824810001100105371";"HR03 0132-0357685"
"GRAD LABIN";"2025-12-30T00:00:00.000Z";"Hrvatski Telekom d.d.";"81793146560";"ZAGREB";"VIJEĆE SRPSKE NACIONALNE MANJINE";"EUR";"53.21";"R0104 Usluge telefona, pošte i prijevoza";"100       02        47756 VIJEĆE SRPSKE NACIONALNE MANJINE U GRADU LABINU";"L01 1004A100001 Poslovi redovne djelatnosti nacionalnih manjina";"1.1.001    1.OPĆI PRIHODI I PRIMICI";"323110 Usluge telefona, telefaksa";"0840 Religijske i druge službe zajednice";"01830278538000251201";"VSNM/USL. TEL. ZA 11MJ/86-121 25/0000121";"2025-11-30T00:00:00.000Z";"2025-12-16T00:00:00.000Z";"HR7723400091510473628";"HR01 830278538000-251201-1"
"GRAD LABIN";"2025-12-30T00:00:00.000Z";"OTP BANKA D.D. - POSLOVNICA LABIN";"GDPR";"";" DJEČJI VRTIĆ PJERINA VERBANAC";"EUR";"15.00";"R0575 Ostali nespomenuti rashodi poslovanja";"500       02        35812 DJEČJI VRTIĆ PJERINA VERBANAC";"L01 5001A500004 Financiranje programa za djecu s teškoćama u razvoju , pripadnika manjina i predškole";"5.9.000001 5. POMOĆI - PRIHODI KORISNIKA GL 02";"329990 Ostali nespomenuti rashodi poslovanja";"0911 Predškolsko obrazovanje";"25/00725";"PmtInfId:PL10NAK-202506-002-55-OTPV-4: POKRIĆE ZA ZBROJNI NALOG";"2025-12-30T00:00:00.000Z";"2025-12-30T00:00:00.000Z";"";"HR99"
"GRAD LABIN";"2025-12-30T00:00:00.000Z";"TRIO I D.O.O.";"47572307588";"BUZET";" UMJETNIČKA ŠKOLA MATKA BRAJŠE RAŠANA";"EUR";"54.50";"R0853 Materijal i dijelovi za tekuće i investicijsko održavanje";"500       03        48478 UMJETNIČKA ŠKOLA MATKA BRAJŠE RAŠANA LABIN";"L01 5002A500003 Financiranje djelatnosti osnovnog školstva";"5.1.001 5. POTPORE ZA DECENTRALIZIRANE FUNKCIJE OSNOVNOG OBRAZOVANJA";"322440 Ostali materijal i dijelovi za tekuće i investicijsko održavanje";"0912 Osnovno obrazovanje";"986-0014-88";"UŠ-MATERIJAL ZA TEKUĆE ODRŽAVANJE-493";"2025-12-17T00:00:00.000Z";"2025-12-29T00:00:00.000Z";"HR2424020061100396017";"HR00 9865-16080-83"
"GRAD LABIN";"2025-12-30T00:00:00.000Z";"HEP OPSKRBA D.O.O.";"63073332379";"ZAGREB";"VIJEĆE BOŠNJAČKE NACIONALNE MANJINE";"EUR";"54.74";"R0086 Energija";"100       02        45470 VIJEĆE BOŠNJAČKE NACIONALNE MANJINE U GRADU LABINU";"L01 1004A100001 Poslovi redovne djelatnosti nacionalnih manjina";"1.1.001    1.OPĆI PRIHODI I PRIMICI";"322310 Električna energija";"0840 Religijske i druge službe zajednice";"0010109762-251120-4";"VBNM/UTROŠ. EL.ENERGIJE ZA 1 MJ/97-5125/0000097";"2025-11-30T00:00:00.000Z";"2025-12-24T00:00:00.000Z";"HR9823400091110112928";"HR01 0010109762-251120-4"
"GRAD LABIN";"2025-12-30T00:00:00.000Z";"IKB D.D. UMAG";"GDPR";"";" DJEČJI VRTIĆ PJERINA VERBANAC";"EUR";"15.00";"R0575 Ostali nespomenuti rashodi poslovanja";"500       02        35812 DJEČJI VRTIĆ PJERINA VERBANAC";"L01 5001A500004 Financiranje programa za djecu s teškoćama u razvoju , pripadnika manjina i predškole";"5.9.000001 5. POMOĆI - PRIHODI KORISNIKA GL 02";"329990 Ostali nespomenuti rashodi poslovanja";"0911 Predškolsko obrazovanje";"25/00727";"PmtInfId:PL10NAK-202506-002-55-ISKB-3: POKRIĆE ZA ZBROJNI NALOG";"2025-12-30T00:00:00.000Z";"2025-12-30T00:00:00.000Z";"";"HR99"
"GRAD LABIN";"2025-12-30T00:00:00.000Z";"JEDINSTVO D.O.O.";"29947239127";"LABIN";" DJEČJI VRTIĆ PJERINA VERBANAC";"EUR";"58.46";"R0529-5 Materijal i sirovine";"500       02        35812 DJEČJI VRTIĆ PJERINA VERBANAC";"L01 5001A500002 Odgojno, administrativno i tehničko osoblje";"1.1.001    1.OPĆI PRIHODI I PRIMICI";"322240 Namirnice";"0911 Predškolsko obrazovanje";"1764-23-1";"DV-NAMIRNICE";"2025-11-05T00:00:00.000Z";"2025-12-05T00:00:00.000Z";"HR4924020061100387225";"HR01 02150-23101764-17"
"GRAD LABIN";"2025-12-30T00:00:00.000Z";"1.MAJ LABIN D.O.O. LABIN";"23557321379";"LABIN";" UMJETNIČKA ŠKOLA MATKA BRAJŠE RAŠANA";"EUR";"59.44";"R0856 Komunalne usluge";"500       03        48478 UMJETNIČKA ŠKOLA MATKA BRAJŠE RAŠANA LABIN";"L01 5002A500003 Financiranje djelatnosti osnovnog školstva";"5.1.001 5. POTPORE ZA DECENTRALIZIRANE FUNKCIJE OSNOVNOG OBRAZOVANJA";"323420 Iznošenje i odvoz smeća";"0912 Osnovno obrazovanje";"25/0128397-27-7";"UŠ-ODVOZ SMEĆA 11/25-478";"2025-11-30T00:00:00.000Z";"2025-12-30T00:00:00.000Z";"HR3224020061100387143";"HR01 16190297-0169552-11259"
"GRAD LABIN";"2025-12-30T00:00:00.000Z";"LIBUSOFT CICOM D.O.O.";"14506572540";"ZAGREB";"GRADSKA KNJIŽNICA LABIN";"EUR";"61.25";"R1073 Stručno usavršavanje zaposlenika";"500       04        42266 GRADSKA KNJIŽNICA LABIN";"L01 5004A500013 Financiranje redovne djelatnosti knjižnice";"4.9.000001 4.PRIHODI ZA POSEBNE NAMJENE - PRIHODI KORISNIKA";"321310 Seminari, savjetovanja i simpoziji";"0820 Službe kulture";"101RAČ-04--25/0018863";"GK-seminar-681";"2025-12-17T00:00:00.000Z";"2025-12-27T00:00:00.000Z";"HR4123600001101337826";"HR00 18863"
"GRAD LABIN";"2025-12-30T00:00:00.000Z";"HPB HRVATSKA POŠTANSKA BANKA";"GDPR";"";" DJEČJI VRTIĆ PJERINA VERBANAC";"EUR";"15.00";"R0575 Ostali nespomenuti rashodi poslovanja";"500       02        35812 DJEČJI VRTIĆ PJERINA VERBANAC";"L01 5001A500004 Financiranje programa za djecu s teškoćama u razvoju , pripadnika manjina i predškole";"5.9.000001 5. POMOĆI - PRIHODI KORISNIKA GL 02";"329990 Ostali nespomenuti rashodi poslovanja";"0911 Predškolsko obrazovanje";"25/00728";"PmtInfId:PL10NAK-202506-002-55-HPBZ-2: POKRIĆE ZA ZBROJNI NALOG";"2025-12-30T00:00:00.000Z";"2025-12-30T00:00:00.000Z";"";"HR99"
"GRAD LABIN";"2025-12-30T00:00:00.000Z";"JEDINSTVO D.O.O.";"29947239127";"LABIN";"OŠ MATIJE VLAČIĆA LABIN";"EUR";"62.20";"R0636 Uredski materijal i ostali materijalni rashodi";"500       03        10581 OSNOVNA ŠKOLA MATIJE VLAČIĆA LABIN";"L01 5002A500004 Produženi boravak";"4.9.000001 4.PRIHODI ZA POSEBNE NAMJENE - PRIHODI KORISNIKA";"322160 Materijal za higijenske potrebe i njegu";"0912 Osnovno obrazovanje";"80100321";"mv-sred.čiš-ur861";"2025-12-05T00:00:00.000Z";"2026-01-04T00:00:00.000Z";"HR4924020061100387225";"HR01 05280-80100321-10"
"GRAD LABIN";"2025-12-30T00:00:00.000Z";"HRELJA MLADEN- EXPRES OBRT ZA SER.UG.OP. vl. HRELJA MLADEN";"GDPR";"";" DJEČJI VRTIĆ PJERINA VERBANAC";"EUR";"62.50";"R0529-2 Usluge tekućeg i investicijskog održavanja";"500       02        35812 DJEČJI VRTIĆ PJERINA VERBANAC";"L01 5001A500002 Odgojno, administrativno i tehničko osoblje";"1.1.001    1.OPĆI PRIHODI I PRIMICI";"323220 Usluge tekućeg i investicijskog održavanja postrojenja i opreme";"0911 Predškolsko obrazovanje";"162/1/1";"DV POPRAVAK SJECKALICE";"2025-10-24T00:00:00.000Z";"2025-11-08T00:00:00.000Z";"";"HR99"
"GRAD LABIN";"2025-12-30T00:00:00.000Z";"DUPLICATO MEDIA d.o.o.";"74258457781";"ZAGREB";"PUČKO OTVORENO UČILIŠTE";"EUR";"62.50";"R0970 Zakupnine i najamnine";"500       04        15577 PUČKO OTVORENO UČILIŠTE LABIN";"L01 5004A500010 Financiranje redovne djelatnosti kina";"3.9.000001 3.VLASTITI PRIHODI - PRIHODI KORISNIKA";"323590 Ostale zakupnine i najamnine";"0820 Službe kulture";"4013/30/1";"POU -najam filma- Silent night, deadly night-kino- kuf 925";"2025-12-18T00:00:00.000Z";"2025-12-25T00:00:00.000Z";"HR7723600001101207780";"HR00 07-23002667-25"
"GRAD LABIN";"2025-12-30T00:00:00.000Z";"BLITZ D.O.O.";"69856063967";"ZAGREB";"PUČKO OTVORENO UČILIŠTE";"EUR";"62.50";"R0970 Zakupnine i najamnine";"500       04        15577 PUČKO OTVORENO UČILIŠTE LABIN";"L01 5004A500010 Financiranje redovne djelatnosti kina";"3.9.000001 3.VLASTITI PRIHODI - PRIHODI KORISNIKA";"323590 Ostale zakupnine i najamnine";"0820 Službe kulture";"15509/34/1";"POU - najam filma - Hamnet - kino - kuf 924";"2025-12-18T00:00:00.000Z";"2025-12-25T00:00:00.000Z";"HR1823600001101209521";"HR00 20-23011496-25"
"GRAD LABIN";"2025-12-30T00:00:00.000Z";"HRT HRVATSKA RADIOTELEVIZIJA";"68419124305";"ZAGREB";" DJEČJI VRTIĆ PJERINA VERBANAC";"EUR";"63.72";"R0555 Pristojbe i naknade";"500       02        35812 DJEČJI VRTIĆ PJERINA VERBANAC";"L01 5001A500002 Odgojno, administrativno i tehničko osoblje";"4.9.000001 4.PRIHODI ZA POSEBNE NAMJENE - PRIHODI KORISNIKA";"329590 Ostale pristojbe i naknade";"0911 Predškolsko obrazovanje";"4041001865-202511-9";"DV PRISTOJBA";"2025-11-01T00:00:00.000Z";"2025-11-30T00:00:00.000Z";"HR6223600001500016178";"HR01 4041001865-202511-9"
"GRAD LABIN";"2025-12-30T00:00:00.000Z";"PERT DOO ILOK, PODRUŽNICA RIJEKA";"42255248046";"RIJEKA";" DJEČJI VRTIĆ PJERINA VERBANAC";"EUR";"64.84";"R0529-5 Materijal i sirovine";"500       02        35812 DJEČJI VRTIĆ PJERINA VERBANAC";"L01 5001A500002 Odgojno, administrativno i tehničko osoblje";"1.1.001    1.OPĆI PRIHODI I PRIMICI";"322240 Namirnice";"0911 Predškolsko obrazovanje";"45414-1-80";"DV-NAMIRNICE";"2025-11-07T00:00:00.000Z";"2025-12-07T00:00:00.000Z";"HR5024020061100667440";"HR00 45414-1-80"
"GRAD LABIN";"2025-12-30T00:00:00.000Z";"JEDINSTVO D.O.O.";"29947239127";"LABIN";"OŠ MATIJE VLAČIĆA LABIN";"EUR";"66.37";"R0619-1 Materijal i sirovine";"500       03        10581 OSNOVNA ŠKOLA MATIJE VLAČIĆA LABIN";"L01 5002A500003 Financiranje djelatnosti osnovnog školstva";"5.9.000001 5. POMOĆI - PRIHODI KORISNIKA GL 02";"322240 Namirnice";"0912 Osnovno obrazovanje";"23101940";"MV-PREHRANA-UR837";"2025-12-01T00:00:00.000Z";"2025-12-31T00:00:00.000Z";"HR4924020061100387225";"HR01 05280-23101940-13"
"GRAD LABIN";"2025-12-30T00:00:00.000Z";"CROATIA osiguranje d.d.";"26187994862";"ZAGREB";" DJEČJI VRTIĆ PJERINA VERBANAC";"EUR";"67.11";"R0554 Premije osiguranja";"500       02        35812 DJEČJI VRTIĆ PJERINA VERBANAC";"L01 5001A500002 Odgojno, administrativno i tehničko osoblje";"4.9.000001 4.PRIHODI ZA POSEBNE NAMJENE - PRIHODI KORISNIKA";"329210 Premije osiguranja prijevoznih sredstava";"0911 Predškolsko obrazovanje";"991298808/25";"DV-AK ZA CLIO 1.RATA";"2025-11-03T00:00:00.000Z";"2025-11-19T00:00:00.000Z";"HR9123400091400555110";"HR01 99427-1298808255"
"GRAD LABIN";"2025-12-30T00:00:00.000Z";"ERSTE & STEIERMARKISCHE BANK D.D.";"GDPR";"";" DJEČJI VRTIĆ PJERINA VERBANAC";"EUR";"90.00";"R0575 Ostali nespomenuti rashodi poslovanja";"500       02        35812 DJEČJI VRTIĆ PJERINA VERBANAC";"L01 5001A500004 Financiranje programa za djecu s teškoćama u razvoju , pripadnika manjina i predškole";"5.9.000001 5. POMOĆI - PRIHODI KORISNIKA GL 02";"329990 Ostali nespomenuti rashodi poslovanja";"0911 Predškolsko obrazovanje";"25/00724";"PmtInfId:PL10NAK-202506-002-55-ESBC-1: POKRIĆE ZA ZBROJNI NALOG";"2025-12-30T00:00:00.000Z";"2025-12-30T00:00:00.000Z";"";"HR99"
"GRAD LABIN";"2025-12-30T00:00:00.000Z";"JEDINSTVO D.O.O.";"29947239127";"LABIN";"OŠ MATIJE VLAČIĆA LABIN";"EUR";"67.23";"R0619-1 Materijal i sirovine";"500       03        10581 OSNOVNA ŠKOLA MATIJE VLAČIĆA LABIN";"L01 5002A500003 Financiranje djelatnosti osnovnog školstva";"5.9.000001 5. POMOĆI - PRIHODI KORISNIKA GL 02";"322240 Namirnice";"0912 Osnovno obrazovanje";"23101999";"mv-prehrana-ur879";"2025-12-10T00:00:00.000Z";"2026-01-09T00:00:00.000Z";"HR4924020061100387225";"HR01 05280-23101999-10"
"GRAD LABIN";"2025-12-30T00:00:00.000Z";"EURO DAUS DD";"19212513210";"SPLIT";"JAVNA VATROGASNA POSTROJBA LABIN";"EUR";"68.36";"R0121 Ostale usluge";"100       03        35837 JAVNA VATROGASNA POSTROJBA LABIN";"L01 1003A100004 Financiranje Javne vatrogasne postrojbe Labin";"1.1.001    1.OPĆI PRIHODI I PRIMICI";"323940 Usluge pri registraciji prijevoznih sredstava";"0320 Usluge protupožarne zaštite";"41805-H013-25048";"JVP - tehn.pregled za PU340LE  455-0013820";"2025-12-29T00:00:00.000Z";"2025-12-29T00:00:00.000Z";"HR6824810001100105371";"HR03 0132-0418056"
"GRAD LABIN";"2025-12-30T00:00:00.000Z";"NASTAVNI ZAVOD ZA JAVNO ZDRAVSTVO IŽ INSTITUTO FORMATIVO DI SANITA P.DELLA RI";"90629578695";"PULA";" DJEČJI VRTIĆ PJERINA VERBANAC";"EUR";"45.98";"R0529-3 Zdravstvene i veterinarske usluge";"500       02        35812 DJEČJI VRTIĆ PJERINA VERBANAC";"L01 5001A500002 Odgojno, administrativno i tehničko osoblje";"1.1.001    1.OPĆI PRIHODI I PRIMICI";"323610 Obvezni i preventivni zdravstveni pregledi zaposlenika";"0911 Predškolsko obrazovanje";"2025500007873";"DV SANITARNI PREGLEDI";"2025-10-31T00:00:00.000Z";"2025-11-30T00:00:00.000Z";"HR5124020061101132537";"HR00 2025-500007873"
"GRAD LABIN";"2025-12-30T00:00:00.000Z";"NASTAVNI ZAVOD ZA JAVNO ZDRAVSTVO IŽ INSTITUTO FORMATIVO DI SANITA P.DELLA RI";"90629578695";"PULA";" DJEČJI VRTIĆ PJERINA VERBANAC";"EUR";"23.72";"R0565-1 Zdravstvene i veterinarske usluge";"500       02        35812 DJEČJI VRTIĆ PJERINA VERBANAC";"L01 5001A500002 Odgojno, administrativno i tehničko osoblje";"5.9.000002 5. POMOĆI - OPĆINE - PRIHODI KORISNIKA GL 02";"323610 Obvezni i preventivni zdravstveni pregledi zaposlenika";"0911 Predškolsko obrazovanje";"2025500007873";"DV SANITARNI PREGLEDI";"2025-10-31T00:00:00.000Z";"2025-11-30T00:00:00.000Z";"HR5124020061101132537";"HR00 2025-500007873"
"GRAD LABIN";"2025-12-30T00:00:00.000Z";"JEDINSTVO D.O.O.";"29947239127";"LABIN";" DJEČJI VRTIĆ PJERINA VERBANAC";"EUR";"72.52";"R0529-5 Materijal i sirovine";"500       02        35812 DJEČJI VRTIĆ PJERINA VERBANAC";"L01 5001A500002 Odgojno, administrativno i tehničko osoblje";"1.1.001    1.OPĆI PRIHODI I PRIMICI";"322240 Namirnice";"0911 Predškolsko obrazovanje";"1758-23-1";"DV-NAMIRNICE";"2025-11-04T00:00:00.000Z";"2025-12-04T00:00:00.000Z";"HR4924020061100387225";"HR01 02150-23101758-10"
"GRAD LABIN";"2025-12-30T00:00:00.000Z";"CROATIA osiguranje d.d.";"26187994862";"ZAGREB";"GRADSKA KNJIŽNICA LABIN";"EUR";"33.84";"R1082 Premije osiguranja";"500       04        42266 GRADSKA KNJIŽNICA LABIN";"L01 5004A500013 Financiranje redovne djelatnosti knjižnice";"4.9.000001 4.PRIHODI ZA POSEBNE NAMJENE - PRIHODI KORISNIKA";"329230 Premije osiguranja zaposlenih";"0820 Službe kulture";"991501510/25";"GK-nezgoda 4.obrok-687";"2025-12-22T00:00:00.000Z";"2026-01-07T00:00:00.000Z";"HR9123400091400555110";"HR01 99427-1501510251"
"GRAD LABIN";"2025-12-30T00:00:00.000Z";"CROATIA osiguranje d.d.";"26187994862";"ZAGREB";"GRADSKA KNJIŽNICA LABIN";"EUR";"39.21";"R1066 Premije osiguranja";"500       04        42266 GRADSKA KNJIŽNICA LABIN";"L01 5004A500013 Financiranje redovne djelatnosti knjižnice";"1.1.001    1.OPĆI PRIHODI I PRIMICI";"329230 Premije osiguranja zaposlenih";"0820 Službe kulture";"991501510/25";"GK-nezgoda 4.obrok-687";"2025-12-22T00:00:00.000Z";"2026-01-07T00:00:00.000Z";"HR9123400091400555110";"HR01 99427-1501510251"
"GRAD LABIN";"2025-12-30T00:00:00.000Z";"JEDINSTVO D.O.O.";"29947239127";"LABIN";" DJEČJI VRTIĆ PJERINA VERBANAC";"EUR";"77.91";"R0529-5 Materijal i sirovine";"500       02        35812 DJEČJI VRTIĆ PJERINA VERBANAC";"L01 5001A500002 Odgojno, administrativno i tehničko osoblje";"1.1.001    1.OPĆI PRIHODI I PRIMICI";"322240 Namirnice";"0911 Predškolsko obrazovanje";"1957-11-1";"DV NAMIRNICE";"2025-10-13T00:00:00.000Z";"2025-11-19T00:00:00.000Z";"HR4924020061100387225";"HR01 02150-11101957-19"
"GRAD LABIN";"2025-12-30T00:00:00.000Z";"JEDINSTVO D.O.O.";"29947239127";"LABIN";" DJEČJI VRTIĆ PJERINA VERBANAC";"EUR";"78.11";"R0529-5 Materijal i sirovine";"500       02        35812 DJEČJI VRTIĆ PJERINA VERBANAC";"L01 5001A500002 Odgojno, administrativno i tehničko osoblje";"1.1.001    1.OPĆI PRIHODI I PRIMICI";"322240 Namirnice";"0911 Predškolsko obrazovanje";"1753-23-1";"DV- NAMIRNICE";"2025-11-03T00:00:00.000Z";"2025-12-03T00:00:00.000Z";"HR4924020061100387225";"HR01 02150-23101753-13"
"GRAD LABIN";"2025-12-30T00:00:00.000Z";"EURO DAUS DD";"19212513210";"SPLIT";" DJEČJI VRTIĆ PJERINA VERBANAC";"EUR";"79.64";"R0553 Ostale usluge";"500       02        35812 DJEČJI VRTIĆ PJERINA VERBANAC";"L01 5001A500002 Odgojno, administrativno i tehničko osoblje";"4.9.000001 4.PRIHODI ZA POSEBNE NAMJENE - PRIHODI KORISNIKA";"323940 Usluge pri registraciji prijevoznih sredstava";"0911 Predškolsko obrazovanje";"35781-H013-21115";"DV USLUGA TEHNIČKOG PREGLEDA";"2025-11-05T00:00:00.000Z";"2025-11-05T00:00:00.000Z";"HR6824810001100105371";"HR03 0132-0357812"
"GRAD LABIN";"2025-12-30T00:00:00.000Z";"SERVIS I TRGOVINA BIJELE TEHNIKE VL. TEDI JURIČIĆ I IVICA GRIPARIĆ";"51130692453";"LABIN";" DJEČJI VRTIĆ PJERINA VERBANAC";"EUR";"80.00";"R0529-2 Usluge tekućeg i investicijskog održavanja";"500       02        35812 DJEČJI VRTIĆ PJERINA VERBANAC";"L01 5001A500002 Odgojno, administrativno i tehničko osoblje";"1.1.001    1.OPĆI PRIHODI I PRIMICI";"323220 Usluge tekućeg i investicijskog održavanja postrojenja i opreme";"0911 Predškolsko obrazovanje";"530/SKL1/1";"DV-USLUGA POPRAVKA PERILICA BEKO-PO JASLICE";"2025-10-10T00:00:00.000Z";"2025-10-10T00:00:00.000Z";"HR1424020061100161166";"HR00 45-530-10"
"GRAD LABIN";"2025-12-30T00:00:00.000Z";"BATELIĆ ADRIANA";"GDPR";"";"OŠ MATIJE VLAČIĆA LABIN";"EUR";"80.00";"R0597 Službena putovanja";"500       03        10581 OSNOVNA ŠKOLA MATIJE VLAČIĆA LABIN";"L01 5002A500003 Financiranje djelatnosti osnovnog školstva";"5.1.001 5. POTPORE ZA DECENTRALIZIRANE FUNKCIJE OSNOVNOG OBRAZOVANJA";"321120 Dnevnice za službeni put u inozemstvu";"0912 Osnovno obrazovanje";"PN 93 TRST";"MV-PN 92 TRST-UR856";"2025-12-16T00:00:00.000Z";"2025-12-31T00:00:00.000Z";"";"HR99"
"GRAD LABIN";"2025-12-30T00:00:00.000Z";"LJUBIĆ LJILJANA";"GDPR";"";"OŠ MATIJE VLAČIĆA LABIN";"EUR";"80.00";"R0597 Službena putovanja";"500       03        10581 OSNOVNA ŠKOLA MATIJE VLAČIĆA LABIN";"L01 5002A500003 Financiranje djelatnosti osnovnog školstva";"5.1.001 5. POTPORE ZA DECENTRALIZIRANE FUNKCIJE OSNOVNOG OBRAZOVANJA";"321120 Dnevnice za službeni put u inozemstvu";"0912 Osnovno obrazovanje";"PN 92 TRST";"MV-PN 92 TRST-UR855";"2025-12-16T00:00:00.000Z";"2025-12-31T00:00:00.000Z";"";"HR99"
"GRAD LABIN";"2025-12-30T00:00:00.000Z";"KOKOT BARBARA";"GDPR";"";"OŠ MATIJE VLAČIĆA LABIN";"EUR";"80.00";"R0597 Službena putovanja";"500       03        10581 OSNOVNA ŠKOLA MATIJE VLAČIĆA LABIN";"L01 5002A500003 Financiranje djelatnosti osnovnog školstva";"5.1.001 5. POTPORE ZA DECENTRALIZIRANE FUNKCIJE OSNOVNOG OBRAZOVANJA";"321120 Dnevnice za službeni put u inozemstvu";"0912 Osnovno obrazovanje";"PN 91 TRST";"MV-PN 91 TRST-UR854";"2025-12-16T00:00:00.000Z";"2025-12-31T00:00:00.000Z";"";"HR99"
"GRAD LABIN";"2025-12-30T00:00:00.000Z";"GRADSKA KNJIŽNICA";"68585857405";"LABIN";"VIJEĆE BOŠNJAČKE NACIONALNE MANJINE";"EUR";"80.00";"R0089 Zakupnine i najamnine";"100       02        45470 VIJEĆE BOŠNJAČKE NACIONALNE MANJINE U GRADU LABINU";"L01 1004A100001 Poslovi redovne djelatnosti nacionalnih manjina";"1.1.001    1.OPĆI PRIHODI I PRIMICI";"323520 Zakupnine i najamnine za građevinske objekte";"0840 Religijske i druge službe zajednice";"25-36";"VBNM/NAJAM DV DVORANE -18.12.2025./61522 25/0000096";"2025-12-16T00:00:00.000Z";"2025-12-24T00:00:00.000Z";"HR4523400091822200000";"HR64 7730-42266-661-120038"
"GRAD LABIN";"2025-12-30T00:00:00.000Z";"JEDINSTVO D.O.O.";"29947239127";"LABIN";" DJEČJI VRTIĆ PJERINA VERBANAC";"EUR";"80.26";"R0529-5 Materijal i sirovine";"500       02        35812 DJEČJI VRTIĆ PJERINA VERBANAC";"L01 5001A500002 Odgojno, administrativno i tehničko osoblje";"1.1.001    1.OPĆI PRIHODI I PRIMICI";"322240 Namirnice";"0911 Predškolsko obrazovanje";"1696-23-1";"DV NAMIRNICE";"2025-10-27T00:00:00.000Z";"2025-11-26T00:00:00.000Z";"HR4924020061100387225";"HR01 02150-23101696-15"
"GRAD LABIN";"2025-12-30T00:00:00.000Z";"JEDINSTVO D.O.O.";"29947239127";"LABIN";" DJEČJI VRTIĆ PJERINA VERBANAC";"EUR";"83.24";"R0540 Materijal i sirovine";"500       02        35812 DJEČJI VRTIĆ PJERINA VERBANAC";"L01 5001A500002 Odgojno, administrativno i tehničko osoblje";"4.9.000001 4.PRIHODI ZA POSEBNE NAMJENE - PRIHODI KORISNIKA";"322240 Namirnice";"0911 Predškolsko obrazovanje";"1814-23-1";"DV-NAMIRNICE";"2025-11-12T00:00:00.000Z";"2025-12-12T00:00:00.000Z";"HR4924020061100387225";"HR01 02150-23101814-10"
"GRAD LABIN";"2025-12-30T00:00:00.000Z";"MIKULJAN DAJANA, vl. obrta APODIS";"43146555609";"LABIN";"JAVNA VATROGASNA POSTROJBA LABIN";"EUR";"83.51";"R0118-1 Materijal i dijelovi za tekuće i investicijsko održavanje";"100       03        35837 JAVNA VATROGASNA POSTROJBA LABIN";"L01 1003A100004 Financiranje Javne vatrogasne postrojbe Labin";"1.1.001    1.OPĆI PRIHODI I PRIMICI";"322410 Materijal i dijelovi za tekuće i investicijsko održavanje građevinskih objekata";"0320 Usluge protupožarne zaštite";"301/1/1";"JVP - mater. za održ.  456-0013820";"2025-12-23T00:00:00.000Z";"2025-12-31T00:00:00.000Z";"HR7824020061140492323";"HR00 120009-301-10"
"GRAD LABIN";"2025-12-30T00:00:00.000Z";"JEDINSTVO D.O.O.";"29947239127";"LABIN";" DJEČJI VRTIĆ PJERINA VERBANAC";"EUR";"85.75";"R0540 Materijal i sirovine";"500       02        35812 DJEČJI VRTIĆ PJERINA VERBANAC";"L01 5001A500002 Odgojno, administrativno i tehničko osoblje";"4.9.000001 4.PRIHODI ZA POSEBNE NAMJENE - PRIHODI KORISNIKA";"322240 Namirnice";"0911 Predškolsko obrazovanje";"1768-23-1";"DV-NAMIRNICE";"2025-11-05T00:00:00.000Z";"2025-12-05T00:00:00.000Z";"HR4924020061100387225";"HR01 02150-23101768-16"
"GRAD LABIN";"2025-12-30T00:00:00.000Z";"IDEAL N&B D.O.O.";"82087356192";"LABIN";"OŠ MATIJE VLAČIĆA LABIN";"EUR";"88.49";"R0638 Materijal i dijelovi za tekuće i investicijsko održavanje";"500       03        10581 OSNOVNA ŠKOLA MATIJE VLAČIĆA LABIN";"L01 5002A500004 Produženi boravak";"4.9.000001 4.PRIHODI ZA POSEBNE NAMJENE - PRIHODI KORISNIKA";"322440 Ostali materijal i dijelovi za tekuće i investicijsko održavanje";"0912 Osnovno obrazovanje";"924-01-91";"mv-mat.tek.održ-ur876";"2025-12-22T00:00:00.000Z";"2026-01-06T00:00:00.000Z";"HR0924840081101066296";"HR00 4409120924-96"
"GRAD LABIN";"2025-12-30T00:00:00.000Z";"8400 - DOPRINOS ZA ZDRAVSTVENO OSIG.";"GDPR";"";"GRADSKA KNJIŽNICA LABIN";"EUR";"93.75";"R1080 Intelektualne i osobne usluge";"500       04        42266 GRADSKA KNJIŽNICA LABIN";"L01 5004A500013 Financiranje redovne djelatnosti knjižnice";"4.9.000001 4.PRIHODI ZA POSEBNE NAMJENE - PRIHODI KORISNIKA";"323720 Ugovori o djelu";"0820 Službe kulture";"25/00323";"GK - UG. O DJELU - ZDRAVSTVO";"2025-12-29T00:00:00.000Z";"2025-12-30T00:00:00.000Z";"";"HR99"
"GRAD LABIN";"2025-12-30T00:00:00.000Z";"VODOVOD PULA-LABIN d.o.o-PodružnicaLABIN";"19798348108";"LABIN";" DJEČJI VRTIĆ PJERINA VERBANAC";"EUR";"96.31";"R0529-7 Komunalne usluge";"500       02        35812 DJEČJI VRTIĆ PJERINA VERBANAC";"L01 5001A500002 Odgojno, administrativno i tehničko osoblje";"1.1.001    1.OPĆI PRIHODI I PRIMICI";"323410 Opskrba vodom";"0911 Predškolsko obrazovanje";"55111394";"DV-*VODA VINEŽ 10/2025";"2025-10-31T00:00:00.000Z";"2025-11-28T00:00:00.000Z";"HR5524020061500147397";"HR00 55111394-30163-88"
"GRAD LABIN";"2025-12-30T00:00:00.000Z";"JEDINSTVO D.O.O.";"29947239127";"LABIN";" DJEČJI VRTIĆ PJERINA VERBANAC";"EUR";"96.79";"R0529-5 Materijal i sirovine";"500       02        35812 DJEČJI VRTIĆ PJERINA VERBANAC";"L01 5001A500002 Odgojno, administrativno i tehničko osoblje";"1.1.001    1.OPĆI PRIHODI I PRIMICI";"322240 Namirnice";"0911 Predškolsko obrazovanje";"1637-23-1";"DV NAMIRNICE";"2025-10-18T00:00:00.000Z";"2025-11-17T00:00:00.000Z";"HR4924020061100387225";"HR01 02150-23101637-14"
"GRAD LABIN";"2025-12-30T00:00:00.000Z";"8400 - DOPRINOS ZA ZDRAVSTVENO OSIG.";"GDPR";"";"GRADSKA KNJIŽNICA LABIN";"EUR";"104.17";"R1063 Intelektualne i osobne usluge";"500       04        42266 GRADSKA KNJIŽNICA LABIN";"L01 5004A500013 Financiranje redovne djelatnosti knjižnice";"1.1.001    1.OPĆI PRIHODI I PRIMICI";"323720 Ugovori o djelu";"0820 Službe kulture";"25/00318";"GK - UG. O DJELU - ZDRAVSTVO";"2025-12-29T00:00:00.000Z";"2025-12-30T00:00:00.000Z";"";"HR99"
"GRAD LABIN";"2025-12-30T00:00:00.000Z";"8109 - DOPRINOS ZA MIO I STUP";"GDPR";"";"GRADSKA KNJIŽNICA LABIN";"EUR";"104.17";"R1080 Intelektualne i osobne usluge";"500       04        42266 GRADSKA KNJIŽNICA LABIN";"L01 5004A500013 Financiranje redovne djelatnosti knjižnice";"4.9.000001 4.PRIHODI ZA POSEBNE NAMJENE - PRIHODI KORISNIKA";"323720 Ugovori o djelu";"0820 Službe kulture";"25/00322";"GK - UG. O DJELU - MIO I";"2025-12-29T00:00:00.000Z";"2025-12-30T00:00:00.000Z";"";"HR99"
"GRAD LABIN";"2025-12-30T00:00:00.000Z";"JEDINSTVO D.O.O.";"29947239127";"LABIN";" DJEČJI VRTIĆ PJERINA VERBANAC";"EUR";"109.21";"R0529-5 Materijal i sirovine";"500       02        35812 DJEČJI VRTIĆ PJERINA VERBANAC";"L01 5001A500002 Odgojno, administrativno i tehničko osoblje";"1.1.001    1.OPĆI PRIHODI I PRIMICI";"322240 Namirnice";"0911 Predškolsko obrazovanje";"1812-23-1";"DV-NAMIRNICE";"2025-11-12T00:00:00.000Z";"2025-12-12T00:00:00.000Z";"HR4924020061100387225";"HR01 02150-23101812-16"
"GRAD LABIN";"2025-12-30T00:00:00.000Z";"HRVATSKA ZAJED.RAČUNOV.I FINANC.DJELAT";"75508100288";"ZAGREB";"OŠ MATIJE VLAČIĆA LABIN";"EUR";"110.00";"R0598 Stručno usavršavanje zaposlenika";"500       03        10581 OSNOVNA ŠKOLA MATIJE VLAČIĆA LABIN";"L01 5002A500003 Financiranje djelatnosti osnovnog školstva";"5.1.001 5. POTPORE ZA DECENTRALIZIRANE FUNKCIJE OSNOVNOG OBRAZOVANJA";"321310 Seminari, savjetovanja i simpoziji";"0912 Osnovno obrazovanje";"9881-P1-1";"MV-SEMINAR-UR839";"2025-12-02T00:00:00.000Z";"2026-01-10T00:00:00.000Z";"HR1423600001101241118";"HR01 11021-9881-110"
"GRAD LABIN";"2025-12-30T00:00:00.000Z";"DM OBRT ZA TRG.-VL.KRŠULJA DAVID";"18585917550";"LABIN";"JAVNA VATROGASNA POSTROJBA LABIN";"EUR";"110.01";"R0164 Uredski materijal i ostali materijalni rashodi";"100       03        35837 JAVNA VATROGASNA POSTROJBA LABIN";"L01 1003A100004 Financiranje Javne vatrogasne postrojbe Labin";"6.9.000001 6.DONACIJE - PRIHODI KORISNIKA";"322190 Ostali materijal za potrebe redovnog poslovanja";"0320 Usluge protupožarne zaštite";"315/1/1";"JVP - mater. za red.posl. 449-0103802";"2025-12-22T00:00:00.000Z";"2026-01-03T00:00:00.000Z";"HR9423400091160317775";"HR00 1201003-00315"
"GRAD LABIN";"2025-12-30T00:00:00.000Z";"JEDINSTVO D.O.O.";"29947239127";"LABIN";" DJEČJI VRTIĆ PJERINA VERBANAC";"EUR";"112.04";"R0529-5 Materijal i sirovine";"500       02        35812 DJEČJI VRTIĆ PJERINA VERBANAC";"L01 5001A500002 Odgojno, administrativno i tehničko osoblje";"1.1.001    1.OPĆI PRIHODI I PRIMICI";"322240 Namirnice";"0911 Predškolsko obrazovanje";"1710-23-1";"DV NAMIRNICE";"2025-10-29T00:00:00.000Z";"2025-11-28T00:00:00.000Z";"HR4924020061100387225";"HR01 02150-23101710-16"
"GRAD LABIN";"2025-12-30T00:00:00.000Z";"JEDINSTVO D.O.O.";"29947239127";"LABIN";" DJEČJI VRTIĆ PJERINA VERBANAC";"EUR";"114.45";"R0529-5 Materijal i sirovine";"500       02        35812 DJEČJI VRTIĆ PJERINA VERBANAC";"L01 5001A500002 Odgojno, administrativno i tehničko osoblje";"1.1.001    1.OPĆI PRIHODI I PRIMICI";"322240 Namirnice";"0911 Predškolsko obrazovanje";"1989-11-1";"DV NAMIRNICE";"2025-10-21T00:00:00.000Z";"2025-11-30T00:00:00.000Z";"HR4924020061100387225";"HR01 02150-11101989-12"
"GRAD LABIN";"2025-12-30T00:00:00.000Z";"JEDINSTVO D.O.O.";"29947239127";"LABIN";"OŠ MATIJE VLAČIĆA LABIN";"EUR";"118.50";"R0619-1 Materijal i sirovine";"500       03        10581 OSNOVNA ŠKOLA MATIJE VLAČIĆA LABIN";"L01 5002A500003 Financiranje djelatnosti osnovnog školstva";"5.9.000001 5. POMOĆI - PRIHODI KORISNIKA GL 02";"322240 Namirnice";"0912 Osnovno obrazovanje";"80100328";"MV-PREHRANA-UR873";"2025-12-12T00:00:00.000Z";"2026-01-11T00:00:00.000Z";"HR4924020061100387225";"HR01 05280-80100328-11"
"GRAD LABIN";"2025-12-30T00:00:00.000Z";"JEDINSTVO D.O.O.";"29947239127";"LABIN";" DJEČJI VRTIĆ PJERINA VERBANAC";"EUR";"119.27";"R0540 Materijal i sirovine";"500       02        35812 DJEČJI VRTIĆ PJERINA VERBANAC";"L01 5001A500002 Odgojno, administrativno i tehničko osoblje";"4.9.000001 4.PRIHODI ZA POSEBNE NAMJENE - PRIHODI KORISNIKA";"322240 Namirnice";"0911 Predškolsko obrazovanje";"1794-23-1";"DV-NAMIRNICE";"2025-11-10T00:00:00.000Z";"2025-12-10T00:00:00.000Z";"HR4924020061100387225";"HR01 02150-23101794-16"
"GRAD LABIN";"2025-12-30T00:00:00.000Z";"JEDINSTVO D.O.O.";"29947239127";"LABIN";"OŠ MATIJE VLAČIĆA LABIN";"EUR";"119.56";"R0619-1 Materijal i sirovine";"500       03        10581 OSNOVNA ŠKOLA MATIJE VLAČIĆA LABIN";"L01 5002A500003 Financiranje djelatnosti osnovnog školstva";"5.9.000001 5. POMOĆI - PRIHODI KORISNIKA GL 02";"322240 Namirnice";"0912 Osnovno obrazovanje";"23101964";"mv-prehrana-ur859";"2025-12-04T00:00:00.000Z";"2026-01-03T00:00:00.000Z";"HR4924020061100387225";"HR01 05280-23101964-15"
"GRAD LABIN";"2025-12-30T00:00:00.000Z";"DINOP d.o.o.";"00042324329";"SESVETE";" DJEČJI VRTIĆ PJERINA VERBANAC";"EUR";"119.70";"R0533 Materijal i dijelovi za tekuće i investicijsko održavanje";"500       02        35812 DJEČJI VRTIĆ PJERINA VERBANAC";"L01 5001A500002 Odgojno, administrativno i tehničko osoblje";"3.9.000001 3.VLASTITI PRIHODI - PRIHODI KORISNIKA";"322440 Ostali materijal i dijelovi za tekuće i investicijsko održavanje";"0911 Predškolsko obrazovanje";"534/M4/4";"DV-MAT. ODRŽAVANJE";"2025-10-31T00:00:00.000Z";"2025-11-30T00:00:00.000Z";"HR4224020061100283173";"HR00 2223"
"GRAD LABIN";"2025-12-30T00:00:00.000Z";"JEDINSTVO D.O.O.";"29947239127";"LABIN";"OŠ MATIJE VLAČIĆA LABIN";"EUR";"119.94";"R0619-1 Materijal i sirovine";"500       03        10581 OSNOVNA ŠKOLA MATIJE VLAČIĆA LABIN";"L01 5002A500003 Financiranje djelatnosti osnovnog školstva";"5.9.000001 5. POMOĆI - PRIHODI KORISNIKA GL 02";"322240 Namirnice";"0912 Osnovno obrazovanje";"80100338";"mv-prehrana-ur882";"2025-12-18T00:00:00.000Z";"2026-01-17T00:00:00.000Z";"HR4924020061100387225";"HR01 05280-80100338-18"
"GRAD LABIN";"2025-12-30T00:00:00.000Z";"NOVI INFORMATOR D.O.O.";"03492821167";"ZAGREB";"PUČKO OTVORENO UČILIŠTE";"EUR";"120.94";"R1052-28 Ostale usluge";"500       04        15577 PUČKO OTVORENO UČILIŠTE LABIN";"L01 5004A500020 Financiranje zajedničkih službi";"1.1.001    1.OPĆI PRIHODI I PRIMICI";"323990 Ostale nespomenute usluge";"0820 Službe kulture";"5066/P3/3";"POU - pretplata premium - zajednička - kuf 923";"2025-12-17T00:00:00.000Z";"2026-01-01T00:00:00.000Z";"HR2823400091100150348";"HR00 3367276-5066-4"
"GRAD LABIN";"2025-12-30T00:00:00.000Z";"JEDINSTVO D.O.O.";"29947239127";"LABIN";" DJEČJI VRTIĆ PJERINA VERBANAC";"EUR";"120.95";"R0529-5 Materijal i sirovine";"500       02        35812 DJEČJI VRTIĆ PJERINA VERBANAC";"L01 5001A500002 Odgojno, administrativno i tehničko osoblje";"1.1.001    1.OPĆI PRIHODI I PRIMICI";"322240 Namirnice";"0911 Predškolsko obrazovanje";"1636-23-1";"DV NAMIRNICE";"2025-10-18T00:00:00.000Z";"2025-11-17T00:00:00.000Z";"HR4924020061100387225";"HR01 02150-23101636-17"
"GRAD LABIN";"2025-12-30T00:00:00.000Z";"VIDACOMMERC D.O.O.";"31860053829";"LABIN";" DJEČJI VRTIĆ PJERINA VERBANAC";"EUR";"124.19";"R0542 Materijal i dijelovi za tekuće i investicijsko održavanje";"500       02        35812 DJEČJI VRTIĆ PJERINA VERBANAC";"L01 5001A500002 Odgojno, administrativno i tehničko osoblje";"4.9.000001 4.PRIHODI ZA POSEBNE NAMJENE - PRIHODI KORISNIKA";"322440 Ostali materijal i dijelovi za tekuće i investicijsko održavanje";"0911 Predškolsko obrazovanje";"2620-01-91";"DV-MATERIJAL ODRŽAVANJE";"2025-10-31T00:00:00.000Z";"2025-11-17T00:00:00.000Z";"HR3824020061100209622";"HR00 2620-01-91"
"GRAD LABIN";"2025-12-30T00:00:00.000Z";"8109 - DOPRINOS ZA MIO I STUP";"GDPR";"";"GRADSKA KNJIŽNICA LABIN";"EUR";"20.83";"R1080 Intelektualne i osobne usluge";"500       04        42266 GRADSKA KNJIŽNICA LABIN";"L01 5004A500013 Financiranje redovne djelatnosti knjižnice";"4.9.000001 4.PRIHODI ZA POSEBNE NAMJENE - PRIHODI KORISNIKA";"323720 Ugovori o djelu";"0820 Službe kulture";"25/00317";"GK - UG. O DJELU - MIO I";"2025-12-29T00:00:00.000Z";"2025-12-30T00:00:00.000Z";"";"HR99"
"GRAD LABIN";"2025-12-30T00:00:00.000Z";"8109 - DOPRINOS ZA MIO I STUP";"GDPR";"";"GRADSKA KNJIŽNICA LABIN";"EUR";"104.17";"R1063 Intelektualne i osobne usluge";"500       04        42266 GRADSKA KNJIŽNICA LABIN";"L01 5004A500013 Financiranje redovne djelatnosti knjižnice";"1.1.001    1.OPĆI PRIHODI I PRIMICI";"323720 Ugovori o djelu";"0820 Službe kulture";"25/00317";"GK - UG. O DJELU - MIO I";"2025-12-29T00:00:00.000Z";"2025-12-30T00:00:00.000Z";"";"HR99"
"GRAD LABIN";"2025-12-30T00:00:00.000Z";"JAVNA VATROGASNA POSTROJBA  LABIN";"78778917195";"LABIN";" DJEČJI VRTIĆ PJERINA VERBANAC";"EUR";"125.14";"R0553 Ostale usluge";"500       02        35812 DJEČJI VRTIĆ PJERINA VERBANAC";"L01 5001A500002 Odgojno, administrativno i tehničko osoblje";"4.9.000001 4.PRIHODI ZA POSEBNE NAMJENE - PRIHODI KORISNIKA";"323960 Usluge čuvanja imovine i osoba";"0911 Predškolsko obrazovanje";"105RAF-02--25/0000133";"DV NADZOR";"2025-10-31T00:00:00.000Z";"2025-11-15T00:00:00.000Z";"HR4523400091822200000";"HR64 7730-35837-66151-133"
"GRAD LABIN";"2025-12-30T00:00:00.000Z";"JEDINSTVO D.O.O.";"29947239127";"LABIN";" DJEČJI VRTIĆ PJERINA VERBANAC";"EUR";"126.95";"R0529-5 Materijal i sirovine";"500       02        35812 DJEČJI VRTIĆ PJERINA VERBANAC";"L01 5001A500002 Odgojno, administrativno i tehničko osoblje";"1.1.001    1.OPĆI PRIHODI I PRIMICI";"322240 Namirnice";"0911 Predškolsko obrazovanje";"1921-11-1";"DV NAMIRNICE";"2025-10-01T00:00:00.000Z";"2025-11-09T00:00:00.000Z";"HR4924020061100387225";"HR01 02150-11101921-16"
"GRAD LABIN";"2025-12-30T00:00:00.000Z";"SGT INŽENJERING D.O.O.";"05914105366";"LABIN";" DJEČJI VRTIĆ PJERINA VERBANAC";"EUR";"127.50";"R0552 Računalne usluge";"500       02        35812 DJEČJI VRTIĆ PJERINA VERBANAC";"L01 5001A500002 Odgojno, administrativno i tehničko osoblje";"4.9.000001 4.PRIHODI ZA POSEBNE NAMJENE - PRIHODI KORISNIKA";"323810 Usluge ažuriranja računalnih baza";"0911 Predškolsko obrazovanje";"293/1/1";"DV USLURA AŽUR.RAČ.BAZA";"2025-10-29T00:00:00.000Z";"2025-11-30T00:00:00.000Z";"HR0824020061100371085";"HR00 293-1-1"
"GRAD LABIN";"2025-12-30T00:00:00.000Z";"B.ELEKTRONIKA D.O.O.";"06144393646";"RIJEKA";" DJEČJI VRTIĆ PJERINA VERBANAC";"EUR";"130.76";"R0549 Zakupnine i najamnine";"500       02        35812 DJEČJI VRTIĆ PJERINA VERBANAC";"L01 5001A500002 Odgojno, administrativno i tehničko osoblje";"4.9.000001 4.PRIHODI ZA POSEBNE NAMJENE - PRIHODI KORISNIKA";"323530 Zakupnine i najamnine za opremu";"0911 Predškolsko obrazovanje";"2808-VP-2";"DV NAJAM FOTOKOPIRNOG AP.";"2025-10-31T00:00:00.000Z";"2025-11-30T00:00:00.000Z";"HR8124840081101099241";"HR00 2808-2025-2"
"GRAD LABIN";"2025-12-30T00:00:00.000Z";"JEDINSTVO D.O.O.";"29947239127";"LABIN";" DJEČJI VRTIĆ PJERINA VERBANAC";"EUR";"131.25";"R0529-5 Materijal i sirovine";"500       02        35812 DJEČJI VRTIĆ PJERINA VERBANAC";"L01 5001A500002 Odgojno, administrativno i tehničko osoblje";"1.1.001    1.OPĆI PRIHODI I PRIMICI";"322240 Namirnice";"0911 Predškolsko obrazovanje";"1775-23-1";"DV-NAMIRNICE";"2025-11-06T00:00:00.000Z";"2025-12-06T00:00:00.000Z";"HR4924020061100387225";"HR01 02150-23101775-10"
"GRAD LABIN";"2025-12-30T00:00:00.000Z";"JEDINSTVO D.O.O.";"29947239127";"LABIN";" DJEČJI VRTIĆ PJERINA VERBANAC";"EUR";"132.82";"R0529-5 Materijal i sirovine";"500       02        35812 DJEČJI VRTIĆ PJERINA VERBANAC";"L01 5001A500002 Odgojno, administrativno i tehničko osoblje";"1.1.001    1.OPĆI PRIHODI I PRIMICI";"322240 Namirnice";"0911 Predškolsko obrazovanje";"1688-23-1";"DV NAMIRNICE";"2025-10-25T00:00:00.000Z";"2025-11-24T00:00:00.000Z";"HR4924020061100387225";"HR01 02150-23101688-13"
"GRAD LABIN";"2025-12-30T00:00:00.000Z";"DUKAT MLIJEČNA INDUSTRIJA D.D.";"25457712630";"ZAGREB";"OŠ MATIJE VLAČIĆA LABIN";"EUR";"133.89";"R0577 Materijal i sirovine- shema šk. voće i mlijeko";"500       03        10581 OSNOVNA ŠKOLA MATIJE VLAČIĆA LABIN";"L01 5002A500003 Financiranje djelatnosti osnovnog školstva";"1.1.001    1.OPĆI PRIHODI I PRIMICI";"322240 Namirnice";"0912 Osnovno obrazovanje";"518785-16-1";"mv-shema-ur871";"2025-12-10T00:00:00.000Z";"2026-01-09T00:00:00.000Z";"HR7023600001102649132";"HR11 1188160-998191892"
"GRAD LABIN";"2025-12-30T00:00:00.000Z";"DUKAT MLIJEČNA INDUSTRIJA D.D.";"25457712630";"ZAGREB";"OŠ MATIJE VLAČIĆA LABIN";"EUR";"142.50";"R0577 Materijal i sirovine- shema šk. voće i mlijeko";"500       03        10581 OSNOVNA ŠKOLA MATIJE VLAČIĆA LABIN";"L01 5002A500003 Financiranje djelatnosti osnovnog školstva";"1.1.001    1.OPĆI PRIHODI I PRIMICI";"322240 Namirnice";"0912 Osnovno obrazovanje";"510655 SHEMA";"MV-ŠK. SHEMA-UR846";"2025-12-04T00:00:00.000Z";"2026-01-03T00:00:00.000Z";"HR7023600001102649132";"HR11 1188160-998106976"
"GRAD LABIN";"2025-12-30T00:00:00.000Z";"INGINSPEKT - OPATIJA d.o.o.";"43134493918";"Matulji";" DJEČJI VRTIĆ PJERINA VERBANAC";"EUR";"150.00";"R0551 Intelektualne i osobne usluge";"500       02        35812 DJEČJI VRTIĆ PJERINA VERBANAC";"L01 5001A500002 Odgojno, administrativno i tehničko osoblje";"4.9.000001 4.PRIHODI ZA POSEBNE NAMJENE - PRIHODI KORISNIKA";"323791 Ostale intelektualne usluge - usluge zaštite na radu";"0911 Predškolsko obrazovanje";"840/1/2";"DV USLUGA ZNR";"2025-10-31T00:00:00.000Z";"2025-11-08T00:00:00.000Z";"HR5523600001101879319";"HR00 840-1-2"
"GRAD LABIN";"2025-12-30T00:00:00.000Z";"RADIO LABIN D.O.O.";"76567298947";"LABIN";" UMJETNIČKA ŠKOLA MATKA BRAJŠE RAŠANA";"EUR";"150.86";"R0840 Usluge promidžbe i informiranja";"500       03        48478 UMJETNIČKA ŠKOLA MATKA BRAJŠE RAŠANA LABIN";"L01 5002A500003 Financiranje djelatnosti osnovnog školstva";"4.9.000001 4.PRIHODI ZA POSEBNE NAMJENE - PRIHODI KORISNIKA";"323390 Ostale usluge promidžbe i informiranja";"0912 Osnovno obrazovanje";"861-1-1";"UŠ-EMITIRANJE PROMIDŽBENIH PORUKA 12/25-513";"2025-12-30T00:00:00.000Z";"2026-01-15T00:00:00.000Z";"HR6324850031100242218";"HR00 861-1-1"
"GRAD LABIN";"2025-12-30T00:00:00.000Z";"JEDINSTVO D.O.O.";"29947239127";"LABIN";"OŠ MATIJE VLAČIĆA LABIN";"EUR";"151.57";"R0619-1 Materijal i sirovine";"500       03        10581 OSNOVNA ŠKOLA MATIJE VLAČIĆA LABIN";"L01 5002A500003 Financiranje djelatnosti osnovnog školstva";"5.9.000001 5. POMOĆI - PRIHODI KORISNIKA GL 02";"322240 Namirnice";"0912 Osnovno obrazovanje";"23101955";"MV-PREHRANA-UR845";"2025-12-03T00:00:00.000Z";"2026-01-02T00:00:00.000Z";"HR4924020061100387225";"HR01 05280-23101955-16"
"GRAD LABIN";"2025-12-30T00:00:00.000Z";"EURO DAUS DD";"19212513210";"SPLIT";"JAVNA VATROGASNA POSTROJBA LABIN";"EUR";"157.31";"R0121 Ostale usluge";"100       03        35837 JAVNA VATROGASNA POSTROJBA LABIN";"L01 1003A100004 Financiranje Javne vatrogasne postrojbe Labin";"1.1.001    1.OPĆI PRIHODI I PRIMICI";"323940 Usluge pri registraciji prijevoznih sredstava";"0320 Usluge protupožarne zaštite";"41834-H013-25048";"JVP - tehn.pregled za PU340LE  454-0013820";"2025-12-29T00:00:00.000Z";"2025-12-29T00:00:00.000Z";"HR6824810001100105371";"HR03 0132-0418340"
"GRAD LABIN";"2025-12-30T00:00:00.000Z";"JEDINSTVO D.O.O.";"29947239127";"LABIN";" DJEČJI VRTIĆ PJERINA VERBANAC";"EUR";"157.61";"R0529-5 Materijal i sirovine";"500       02        35812 DJEČJI VRTIĆ PJERINA VERBANAC";"L01 5001A500002 Odgojno, administrativno i tehničko osoblje";"1.1.001    1.OPĆI PRIHODI I PRIMICI";"322240 Namirnice";"0911 Predškolsko obrazovanje";"1648-23-1";"DV NAMIRNICE";"2025-10-22T00:00:00.000Z";"2025-11-21T00:00:00.000Z";"HR4924020061100387225";"HR01 02150-23101648-18"
"GRAD LABIN";"2025-12-30T00:00:00.000Z";"JEDINSTVO D.O.O.";"29947239127";"LABIN";"CENTAR ""LIČE FARAGUNA"" LABIN";"EUR";"157.95";"R0824 Materijal za školsku kuhinju";"500       03        10645 CENTAR LIČE FARAGUNA LABIN";"L01 5002A500008 Sufinanciranje boravka djece";"5.9.000001 5. POMOĆI - PRIHODI KORISNIKA GL 02";"322240 Namirnice";"0912 Osnovno obrazovanje";"2027-23-1";"CLF-468/0000108 NAMIRNICE";"2025-12-15T00:00:00.000Z";"2026-01-14T00:00:00.000Z";"HR4924020061100387225";"HR01 06635-23102027-11"
"GRAD LABIN";"2025-12-30T00:00:00.000Z";"JEDINSTVO D.O.O.";"29947239127";"LABIN";"OŠ MATIJE VLAČIĆA LABIN";"EUR";"159.60";"R0619-1 Materijal i sirovine";"500       03        10581 OSNOVNA ŠKOLA MATIJE VLAČIĆA LABIN";"L01 5002A500003 Financiranje djelatnosti osnovnog školstva";"5.9.000001 5. POMOĆI - PRIHODI KORISNIKA GL 02";"322240 Namirnice";"0912 Osnovno obrazovanje";"80100323";"MV-PREHRANA-UR867";"2025-12-09T00:00:00.000Z";"2026-01-08T00:00:00.000Z";"HR4924020061100387225";"HR01 05280-80100323-15"
"GRAD LABIN";"2025-12-30T00:00:00.000Z";"BOMIATA USLUGE J.D.O.O.";"66299363134";"SESVETE";" DJEČJI VRTIĆ PJERINA VERBANAC";"EUR";"160.00";"R0551 Intelektualne i osobne usluge";"500       02        35812 DJEČJI VRTIĆ PJERINA VERBANAC";"L01 5001A500002 Odgojno, administrativno i tehničko osoblje";"4.9.000001 4.PRIHODI ZA POSEBNE NAMJENE - PRIHODI KORISNIKA";"323790 Ostale intelektualne usluge";"0911 Predškolsko obrazovanje";"103/1/1";"DV TAJNIČKE USLUGE";"2025-10-31T00:00:00.000Z";"2025-11-10T00:00:00.000Z";"HR1824020061100878021";"HR00 108-103-10"
"GRAD LABIN";"2025-12-30T00:00:00.000Z";"JEDINSTVO D.O.O.";"29947239127";"LABIN";" DJEČJI VRTIĆ PJERINA VERBANAC";"EUR";"160.01";"R0540 Materijal i sirovine";"500       02        35812 DJEČJI VRTIĆ PJERINA VERBANAC";"L01 5001A500002 Odgojno, administrativno i tehničko osoblje";"4.9.000001 4.PRIHODI ZA POSEBNE NAMJENE - PRIHODI KORISNIKA";"322240 Namirnice";"0911 Predškolsko obrazovanje";"1784-23-1";"DV-NAMIRNICE";"2025-11-08T00:00:00.000Z";"2025-12-08T00:00:00.000Z";"HR4924020061100387225";"HR01 02150-23101784-10"
"GRAD LABIN";"2025-12-30T00:00:00.000Z";"LEDO PLUS D.O.O.";"07179054100";"ZAGREB";" DJEČJI VRTIĆ PJERINA VERBANAC";"EUR";"170.36";"R0529-5 Materijal i sirovine";"500       02        35812 DJEČJI VRTIĆ PJERINA VERBANAC";"L01 5001A500002 Odgojno, administrativno i tehničko osoblje";"1.1.001    1.OPĆI PRIHODI I PRIMICI";"322240 Namirnice";"0911 Predškolsko obrazovanje";"362768/900/900";"DV NAMIRNICE";"2025-10-22T00:00:00.000Z";"2025-12-06T00:00:00.000Z";"HR1424020061100914856";"HR00 92541793-1372244000-14"
"GRAD LABIN";"2025-12-30T00:00:00.000Z";"POREZ I PRIREZ ND - LABIN";"19041331726";"LABIN";"GRADSKA KNJIŽNICA LABIN";"EUR";"175.00";"R1080 Intelektualne i osobne usluge";"500       04        42266 GRADSKA KNJIŽNICA LABIN";"L01 5004A500013 Financiranje redovne djelatnosti knjižnice";"4.9.000001 4.PRIHODI ZA POSEBNE NAMJENE - PRIHODI KORISNIKA";"323720 Ugovori o djelu";"0820 Službe kulture";"25/00324";"GK - UG. O DJELU - POREZ LABIN";"2025-12-29T00:00:00.000Z";"2025-12-30T00:00:00.000Z";"HR0310010051722212000";"HR68 1945-68585857405-25364"
"GRAD LABIN";"2025-12-30T00:00:00.000Z";"JEDINSTVO D.O.O.";"29947239127";"LABIN";"OŠ MATIJE VLAČIĆA LABIN";"EUR";"175.04";"R0619-1 Materijal i sirovine";"500       03        10581 OSNOVNA ŠKOLA MATIJE VLAČIĆA LABIN";"L01 5002A500003 Financiranje djelatnosti osnovnog školstva";"5.9.000001 5. POMOĆI - PRIHODI KORISNIKA GL 02";"322240 Namirnice";"0912 Osnovno obrazovanje";"23101983";"MV-PREHRANA-UR866";"2025-12-08T00:00:00.000Z";"2026-01-07T00:00:00.000Z";"HR4924020061100387225";"HR01 05280-23101983-10"
"GRAD LABIN";"2025-12-30T00:00:00.000Z";"INA INDUSTRIJA NAFTE D.D.";"27759560625";"ZAGREB";" DJEČJI VRTIĆ PJERINA VERBANAC";"EUR";"112.56";"R0529-6 Energija";"500       02        35812 DJEČJI VRTIĆ PJERINA VERBANAC";"L01 5001A500002 Odgojno, administrativno i tehničko osoblje";"1.1.001    1.OPĆI PRIHODI I PRIMICI";"322340 Motorni benzin i dizel gorivo";"0911 Predškolsko obrazovanje";"139231/IK/1";"DV-GORIVO-PLIN";"2025-11-15T00:00:00.000Z";"2025-12-17T00:00:00.000Z";"HR4723400091400010083";"HR01 327051-555051286446-5"
"GRAD LABIN";"2025-12-30T00:00:00.000Z";"INA INDUSTRIJA NAFTE D.D.";"27759560625";"ZAGREB";" DJEČJI VRTIĆ PJERINA VERBANAC";"EUR";"62.50";"R0529-6 Energija";"500       02        35812 DJEČJI VRTIĆ PJERINA VERBANAC";"L01 5001A500002 Odgojno, administrativno i tehničko osoblje";"1.1.001    1.OPĆI PRIHODI I PRIMICI";"322330 Plin";"0911 Predškolsko obrazovanje";"139231/IK/1";"DV-GORIVO-PLIN";"2025-11-15T00:00:00.000Z";"2025-12-17T00:00:00.000Z";"HR4723400091400010083";"HR01 327051-555051286446-5"
"GRAD LABIN";"2025-12-30T00:00:00.000Z";"JEDINSTVO D.O.O.";"29947239127";"LABIN";"OŠ MATIJE VLAČIĆA LABIN";"EUR";"175.49";"R0619-1 Materijal i sirovine";"500       03        10581 OSNOVNA ŠKOLA MATIJE VLAČIĆA LABIN";"L01 5002A500003 Financiranje djelatnosti osnovnog školstva";"5.9.000001 5. POMOĆI - PRIHODI KORISNIKA GL 02";"322240 Namirnice";"0912 Osnovno obrazovanje";"23101987";"MV-PREHRANA-UR868";"2025-12-09T00:00:00.000Z";"2026-01-08T00:00:00.000Z";"HR4924020061100387225";"HR01 05280-23101987-10"
"GRAD LABIN";"2025-12-30T00:00:00.000Z";"CROATIA osiguranje d.d.";"26187994862";"ZAGREB";" DJEČJI VRTIĆ PJERINA VERBANAC";"EUR";"176.56";"R0554 Premije osiguranja";"500       02        35812 DJEČJI VRTIĆ PJERINA VERBANAC";"L01 5001A500002 Odgojno, administrativno i tehničko osoblje";"4.9.000001 4.PRIHODI ZA POSEBNE NAMJENE - PRIHODI KORISNIKA";"329210 Premije osiguranja prijevoznih sredstava";"0911 Predškolsko obrazovanje";"991282132/25";"DV PREMIJA OSIG.";"2025-10-29T00:00:00.000Z";"2025-11-13T00:00:00.000Z";"HR9123400091400555110";"HR01 99427-1282132257"
"GRAD LABIN";"2025-12-30T00:00:00.000Z";"JEDINSTVO D.O.O.";"29947239127";"LABIN";" DJEČJI VRTIĆ PJERINA VERBANAC";"EUR";"178.50";"R0529-5 Materijal i sirovine";"500       02        35812 DJEČJI VRTIĆ PJERINA VERBANAC";"L01 5001A500002 Odgojno, administrativno i tehničko osoblje";"1.1.001    1.OPĆI PRIHODI I PRIMICI";"322290 Ostali materijal i sirovine";"0911 Predškolsko obrazovanje";"286-80-1";"DV OSTALI MAT.";"2025-10-30T00:00:00.000Z";"2025-11-29T00:00:00.000Z";"HR4924020061100387225";"HR01 02150-80100286-12"
"GRAD LABIN";"2025-12-30T00:00:00.000Z";"JEDINSTVO D.O.O.";"29947239127";"LABIN";" DJEČJI VRTIĆ PJERINA VERBANAC";"EUR";"184.92";"R0540 Materijal i sirovine";"500       02        35812 DJEČJI VRTIĆ PJERINA VERBANAC";"L01 5001A500002 Odgojno, administrativno i tehničko osoblje";"4.9.000001 4.PRIHODI ZA POSEBNE NAMJENE - PRIHODI KORISNIKA";"322240 Namirnice";"0911 Predškolsko obrazovanje";"1722-23-1";"DV-NAMIRNICE";"2025-10-31T00:00:00.000Z";"2025-11-30T00:00:00.000Z";"HR4924020061100387225";"HR01 02150-23101722-17"
"GRAD LABIN";"2025-12-30T00:00:00.000Z";"JEDINSTVO D.O.O.";"29947239127";"LABIN";" DJEČJI VRTIĆ PJERINA VERBANAC";"EUR";"185.64";"R0529-5 Materijal i sirovine";"500       02        35812 DJEČJI VRTIĆ PJERINA VERBANAC";"L01 5001A500002 Odgojno, administrativno i tehničko osoblje";"1.1.001    1.OPĆI PRIHODI I PRIMICI";"322240 Namirnice";"0911 Predškolsko obrazovanje";"1687-23-1";"DV NAMIRNICE";"2025-10-25T00:00:00.000Z";"2025-11-24T00:00:00.000Z";"HR4924020061100387225";"HR01 02150-23101687-16"
"GRAD LABIN";"2025-12-30T00:00:00.000Z";"LICUL MANOLA";"GDPR";"";"OŠ MATIJE VLAČIĆA LABIN";"EUR";"201.00";"R0597 Službena putovanja";"500       03        10581 OSNOVNA ŠKOLA MATIJE VLAČIĆA LABIN";"L01 5002A500003 Financiranje djelatnosti osnovnog školstva";"5.1.001 5. POTPORE ZA DECENTRALIZIRANE FUNKCIJE OSNOVNOG OBRAZOVANJA";"321150 Naknade za prijevoz na službenom putu u zemlji";"0912 Osnovno obrazovanje";"PN 95 STRUČNI ISPIT";"MV-PN95 stručni ispit-ur857";"2025-12-16T00:00:00.000Z";"2025-12-31T00:00:00.000Z";"";"HR99"
"GRAD LABIN";"2025-12-30T00:00:00.000Z";"JEDINSTVO D.O.O.";"29947239127";"LABIN";" DJEČJI VRTIĆ PJERINA VERBANAC";"EUR";"220.34";"R0529-5 Materijal i sirovine";"500       02        35812 DJEČJI VRTIĆ PJERINA VERBANAC";"L01 5001A500002 Odgojno, administrativno i tehničko osoblje";"1.1.001    1.OPĆI PRIHODI I PRIMICI";"322240 Namirnice";"0911 Predškolsko obrazovanje";"1714-23-1";"DV NAMIRNICE";"2025-10-30T00:00:00.000Z";"2025-11-29T00:00:00.000Z";"HR4924020061100387225";"HR01 02150-23101714-15"
"GRAD LABIN";"2025-12-30T00:00:00.000Z";"HOĆU KNJIGU D.O.O.";"97838993800";"ZAGREB";"CENTAR ""LIČE FARAGUNA"" LABIN";"EUR";"66.44";"R0823 Uredski materijal i ostali materijalni rashodi";"500       03        10645 CENTAR LIČE FARAGUNA LABIN";"L01 5002A500008 Sufinanciranje boravka djece";"5.9.000001 5. POMOĆI - PRIHODI KORISNIKA GL 02";"322112 Didaktički materijal";"0912 Osnovno obrazovanje";"38457-10-91";"CLF-465/0187879 LEKTIRA";"2025-12-29T00:00:00.000Z";"2026-01-28T00:00:00.000Z";"HR3124840081135145880";"HR00 25039101"
"GRAD LABIN";"2025-12-30T00:00:00.000Z";"HOĆU KNJIGU D.O.O.";"97838993800";"ZAGREB";"CENTAR ""LIČE FARAGUNA"" LABIN";"EUR";"157.91";"R0798-3 Uredski materijal i ostali materijalni rashodi";"500       03        10645 CENTAR LIČE FARAGUNA LABIN";"L01 5002A500003 Financiranje djelatnosti osnovnog školstva";"5.9.000001 5. POMOĆI - PRIHODI KORISNIKA GL 02";"322112 Didaktički materijal";"0912 Osnovno obrazovanje";"38457-10-91";"CLF-465/0187879 LEKTIRA";"2025-12-29T00:00:00.000Z";"2026-01-28T00:00:00.000Z";"HR3124840081135145880";"HR00 25039101"
"GRAD LABIN";"2025-12-30T00:00:00.000Z";"JEDINSTVO D.O.O.";"29947239127";"LABIN";"OŠ MATIJE VLAČIĆA LABIN";"EUR";"225.61";"R0637 Materijal i sirovine";"500       03        10581 OSNOVNA ŠKOLA MATIJE VLAČIĆA LABIN";"L01 5002A500004 Produženi boravak";"4.9.000001 4.PRIHODI ZA POSEBNE NAMJENE - PRIHODI KORISNIKA";"322240 Namirnice";"0912 Osnovno obrazovanje";"80100319";"mv-prehrana-ur862";"2025-12-05T00:00:00.000Z";"2026-01-04T00:00:00.000Z";"HR4924020061100387225";"HR01 05280-80100319-12"
"GRAD LABIN";"2025-12-30T00:00:00.000Z";"JEDINSTVO D.O.O.";"29947239127";"LABIN";" DJEČJI VRTIĆ PJERINA VERBANAC";"EUR";"230.98";"R0540 Materijal i sirovine";"500       02        35812 DJEČJI VRTIĆ PJERINA VERBANAC";"L01 5001A500002 Odgojno, administrativno i tehničko osoblje";"4.9.000001 4.PRIHODI ZA POSEBNE NAMJENE - PRIHODI KORISNIKA";"322240 Namirnice";"0911 Predškolsko obrazovanje";"1783-23-1";"DV-NAMIRNICE";"2025-11-08T00:00:00.000Z";"2025-12-08T00:00:00.000Z";"HR4924020061100387225";"HR01 02150-23101783-12"
"GRAD LABIN";"2025-12-30T00:00:00.000Z";"ALVONA D.O.O.";"32489833747";"LABIN";"GRADSKA KNJIŽNICA LABIN";"EUR";"98.95";"R1067 Reprezentacija";"500       04        42266 GRADSKA KNJIŽNICA LABIN";"L01 5004A500013 Financiranje redovne djelatnosti knjižnice";"1.1.001    1.OPĆI PRIHODI I PRIMICI";"329310 Reprezentacija";"0820 Službe kulture";"154/P1/2";"GK-reprezentacija-684";"2025-12-22T00:00:00.000Z";"2025-12-31T00:00:00.000Z";"HR6823400091110889274";"HR00 14-1-2"
"GRAD LABIN";"2025-12-30T00:00:00.000Z";"ALVONA D.O.O.";"32489833747";"LABIN";"GRADSKA KNJIŽNICA LABIN";"EUR";"133.05";"R1097 Reprezentacija";"500       04        42266 GRADSKA KNJIŽNICA LABIN";"L01 5004A500014 Književni susreti i radionice";"4.9.000001 4.PRIHODI ZA POSEBNE NAMJENE - PRIHODI KORISNIKA";"329310 Reprezentacija";"0820 Službe kulture";"154/P1/2";"GK-reprezentacija-684";"2025-12-22T00:00:00.000Z";"2025-12-31T00:00:00.000Z";"HR6823400091110889274";"HR00 14-1-2"
"GRAD LABIN";"2025-12-30T00:00:00.000Z";"JEDINSTVO D.O.O.";"29947239127";"LABIN";" DJEČJI VRTIĆ PJERINA VERBANAC";"EUR";"232.01";"R0540 Materijal i sirovine";"500       02        35812 DJEČJI VRTIĆ PJERINA VERBANAC";"L01 5001A500002 Odgojno, administrativno i tehničko osoblje";"4.9.000001 4.PRIHODI ZA POSEBNE NAMJENE - PRIHODI KORISNIKA";"322240 Namirnice";"0911 Predškolsko obrazovanje";"1723-23-1";"DV-NAMIRNICE";"2025-10-31T00:00:00.000Z";"2025-11-30T00:00:00.000Z";"HR4924020061100387225";"HR01 02150-23101723-14"
"GRAD LABIN";"2025-12-30T00:00:00.000Z";"JEDINSTVO D.O.O.";"29947239127";"LABIN";" DJEČJI VRTIĆ PJERINA VERBANAC";"EUR";"236.87";"R0529-5 Materijal i sirovine";"500       02        35812 DJEČJI VRTIĆ PJERINA VERBANAC";"L01 5001A500002 Odgojno, administrativno i tehničko osoblje";"1.1.001    1.OPĆI PRIHODI I PRIMICI";"322240 Namirnice";"0911 Predškolsko obrazovanje";"1658-23-1";"DV NAMIRNICE";"2025-10-23T00:00:00.000Z";"2025-11-22T00:00:00.000Z";"HR4924020061100387225";"HR01 02150-23101658-14"
"GRAD LABIN";"2025-12-30T00:00:00.000Z";"CROATIA osiguranje d.d.";"26187994862";"ZAGREB";"GRADSKA KNJIŽNICA LABIN";"EUR";"241.74";"R1082 Premije osiguranja";"500       04        42266 GRADSKA KNJIŽNICA LABIN";"L01 5004A500013 Financiranje redovne djelatnosti knjižnice";"4.9.000001 4.PRIHODI ZA POSEBNE NAMJENE - PRIHODI KORISNIKA";"329220 Premije osiguranja ostale imovine";"0820 Službe kulture";"991501508/25";"GK-odgovornost, all risk 4.obrok-688";"2025-12-22T00:00:00.000Z";"2026-01-07T00:00:00.000Z";"HR9123400091400555110";"HR01 99427-1501508257"
"GRAD LABIN";"2025-12-30T00:00:00.000Z";"PERT DOO ILOK, PODRUŽNICA RIJEKA";"42255248046";"RIJEKA";" DJEČJI VRTIĆ PJERINA VERBANAC";"EUR";"244.89";"R0529-5 Materijal i sirovine";"500       02        35812 DJEČJI VRTIĆ PJERINA VERBANAC";"L01 5001A500002 Odgojno, administrativno i tehničko osoblje";"1.1.001    1.OPĆI PRIHODI I PRIMICI";"322240 Namirnice";"0911 Predškolsko obrazovanje";"44118-1-80";"DV NAMIRNICE";"2025-10-31T00:00:00.000Z";"2025-11-30T00:00:00.000Z";"HR5024020061100667440";"HR00 44118-1-80"
"GRAD LABIN";"2025-12-30T00:00:00.000Z";"POREZ I PRIREZ ND - LABIN";"19041331726";"LABIN";"GRADSKA KNJIŽNICA LABIN";"EUR";"250.00";"R1063 Intelektualne i osobne usluge";"500       04        42266 GRADSKA KNJIŽNICA LABIN";"L01 5004A500013 Financiranje redovne djelatnosti knjižnice";"1.1.001    1.OPĆI PRIHODI I PRIMICI";"323720 Ugovori o djelu";"0820 Službe kulture";"25/00319";"GK - UG. O DJELU - POREZ LABIN";"2025-12-29T00:00:00.000Z";"2025-12-30T00:00:00.000Z";"HR0310010051722212000";"HR68 1945-68585857405-25364"
"GRAD LABIN";"2025-12-30T00:00:00.000Z";"JEDINSTVO D.O.O.";"29947239127";"LABIN";" DJEČJI VRTIĆ PJERINA VERBANAC";"EUR";"255.22";"R0529-5 Materijal i sirovine";"500       02        35812 DJEČJI VRTIĆ PJERINA VERBANAC";"L01 5001A500002 Odgojno, administrativno i tehničko osoblje";"1.1.001    1.OPĆI PRIHODI I PRIMICI";"322240 Namirnice";"0911 Predškolsko obrazovanje";"1721-23-1";"DV- NAMIRNICE";"2025-10-31T00:00:00.000Z";"2025-11-30T00:00:00.000Z";"HR4924020061100387225";"HR01 02150-23101721-10"
"GRAD LABIN";"2025-12-30T00:00:00.000Z";"INFORMA d.o.o.";"55750503039";"LABIN";" DJEČJI VRTIĆ PJERINA VERBANAC";"EUR";"256.25";"R0552 Računalne usluge";"500       02        35812 DJEČJI VRTIĆ PJERINA VERBANAC";"L01 5001A500002 Odgojno, administrativno i tehničko osoblje";"4.9.000001 4.PRIHODI ZA POSEBNE NAMJENE - PRIHODI KORISNIKA";"323810 Usluge ažuriranja računalnih baza";"0911 Predškolsko obrazovanje";"25204-1-1";"DV RAČUNALNA USLUGA";"2025-10-31T00:00:00.000Z";"2025-11-15T00:00:00.000Z";"HR1624020061100384909";"HR00 25204-1-1"
"GRAD LABIN";"2025-12-30T00:00:00.000Z";"PERT DOO ILOK, PODRUŽNICA RIJEKA";"42255248046";"RIJEKA";" DJEČJI VRTIĆ PJERINA VERBANAC";"EUR";"256.84";"R0529-5 Materijal i sirovine";"500       02        35812 DJEČJI VRTIĆ PJERINA VERBANAC";"L01 5001A500002 Odgojno, administrativno i tehničko osoblje";"1.1.001    1.OPĆI PRIHODI I PRIMICI";"322240 Namirnice";"0911 Predškolsko obrazovanje";"42352-1-80";"DV NAMIRNICE";"2025-10-17T00:00:00.000Z";"2025-11-16T00:00:00.000Z";"HR5024020061100667440";"HR00 42352-1-80"
"GRAD LABIN";"2025-12-30T00:00:00.000Z";"JEDINSTVO D.O.O.";"29947239127";"LABIN";"OŠ MATIJE VLAČIĆA LABIN";"EUR";"262.16";"R0619-1 Materijal i sirovine";"500       03        10581 OSNOVNA ŠKOLA MATIJE VLAČIĆA LABIN";"L01 5002A500003 Financiranje djelatnosti osnovnog školstva";"5.9.000001 5. POMOĆI - PRIHODI KORISNIKA GL 02";"322240 Namirnice";"0912 Osnovno obrazovanje";"23102009";"mv-prehrana-ur880";"2025-12-11T00:00:00.000Z";"2026-01-10T00:00:00.000Z";"HR4924020061100387225";"HR01 05280-23102009-19"
"GRAD LABIN";"2025-12-30T00:00:00.000Z";"JEDINSTVO D.O.O.";"29947239127";"LABIN";" DJEČJI VRTIĆ PJERINA VERBANAC";"EUR";"264.22";"R0529-5 Materijal i sirovine";"500       02        35812 DJEČJI VRTIĆ PJERINA VERBANAC";"L01 5001A500002 Odgojno, administrativno i tehničko osoblje";"1.1.001    1.OPĆI PRIHODI I PRIMICI";"322240 Namirnice";"0911 Predškolsko obrazovanje";"1697-23-1";"DV NAMIRNICE";"2025-10-27T00:00:00.000Z";"2025-11-26T00:00:00.000Z";"HR4924020061100387225";"HR01 02150-23101697-12"
"GRAD LABIN";"2025-12-30T00:00:00.000Z";"JEDINSTVO D.O.O.";"29947239127";"LABIN";" DJEČJI VRTIĆ PJERINA VERBANAC";"EUR";"265.03";"R0529-5 Materijal i sirovine";"500       02        35812 DJEČJI VRTIĆ PJERINA VERBANAC";"L01 5001A500002 Odgojno, administrativno i tehničko osoblje";"1.1.001    1.OPĆI PRIHODI I PRIMICI";"322240 Namirnice";"0911 Predškolsko obrazovanje";"1765-23-1";"DV NAMIRNICE";"2025-11-05T00:00:00.000Z";"2025-12-05T00:00:00.000Z";"HR4924020061100387225";"HR01 02150-23101765-14"
"GRAD LABIN";"2025-12-30T00:00:00.000Z";"INA INDUSTRIJA NAFTE D.D.";"27759560625";"ZAGREB";" DJEČJI VRTIĆ PJERINA VERBANAC";"EUR";"41.20";"R0529-6 Energija";"500       02        35812 DJEČJI VRTIĆ PJERINA VERBANAC";"L01 5001A500002 Odgojno, administrativno i tehničko osoblje";"1.1.001    1.OPĆI PRIHODI I PRIMICI";"322330 Plin";"0911 Predškolsko obrazovanje";"127265/IK/1";"DV GORIVO";"2025-10-31T00:00:00.000Z";"2025-12-05T00:00:00.000Z";"HR4723400091400010083";"HR01 327051-555051274480-0"
"GRAD LABIN";"2025-12-30T00:00:00.000Z";"INA INDUSTRIJA NAFTE D.D.";"27759560625";"ZAGREB";" DJEČJI VRTIĆ PJERINA VERBANAC";"EUR";"225.76";"R0529-6 Energija";"500       02        35812 DJEČJI VRTIĆ PJERINA VERBANAC";"L01 5001A500002 Odgojno, administrativno i tehničko osoblje";"1.1.001    1.OPĆI PRIHODI I PRIMICI";"322340 Motorni benzin i dizel gorivo";"0911 Predškolsko obrazovanje";"127265/IK/1";"DV GORIVO";"2025-10-31T00:00:00.000Z";"2025-12-05T00:00:00.000Z";"HR4723400091400010083";"HR01 327051-555051274480-0"
"GRAD LABIN";"2025-12-30T00:00:00.000Z";"PERT DOO ILOK, PODRUŽNICA RIJEKA";"42255248046";"RIJEKA";" DJEČJI VRTIĆ PJERINA VERBANAC";"EUR";"268.96";"R0529-5 Materijal i sirovine";"500       02        35812 DJEČJI VRTIĆ PJERINA VERBANAC";"L01 5001A500002 Odgojno, administrativno i tehničko osoblje";"1.1.001    1.OPĆI PRIHODI I PRIMICI";"322240 Namirnice";"0911 Predškolsko obrazovanje";"44117-1-80";"DV NAMIRNICE";"2025-10-28T00:00:00.000Z";"2025-11-27T00:00:00.000Z";"HR5024020061100667440";"HR00 44117-1-80"
"GRAD LABIN";"2025-12-30T00:00:00.000Z";"LIBUSOFT CICOM D.O.O.";"14506572540";"ZAGREB";"GRADSKA KNJIŽNICA LABIN";"EUR";"269.08";"R1088-3 Računalne usluge";"500       04        42266 GRADSKA KNJIŽNICA LABIN";"L01 5004A500013 Financiranje redovne djelatnosti knjižnice";"5.9.000001 5. POMOĆI - PRIHODI KORISNIKA GL 02";"323810 Usluge ažuriranja računalnih baza";"0820 Službe kulture";"101RAČ-04--25/0018213";"GK-održ.programa za 12.mj-682";"2025-12-15T00:00:00.000Z";"2025-12-30T00:00:00.000Z";"HR4123600001101337826";"HR00 18213"
"GRAD LABIN";"2025-12-30T00:00:00.000Z";"BERTOŠA RONI";"GDPR";"";"JAVNA VATROGASNA POSTROJBA LABIN";"EUR";"270.00";"R0162 Službena putovanja";"100       03        35837 JAVNA VATROGASNA POSTROJBA LABIN";"L01 1003A100004 Financiranje Javne vatrogasne postrojbe Labin";"6.9.000001 6.DONACIJE - PRIHODI KORISNIKA";"321120 Dnevnice za službeni put u inozemstvu";"0320 Usluge protupožarne zaštite";"3209622712-2";"JVP - Refundacija po PN 25.30   453-0199206";"2025-12-29T00:00:00.000Z";"2026-01-13T00:00:00.000Z";"";"HR99"
"GRAD LABIN";"2025-12-30T00:00:00.000Z";"BRENKOVIĆ ROKO";"GDPR";"";"JAVNA VATROGASNA POSTROJBA LABIN";"EUR";"270.00";"R0162 Službena putovanja";"100       03        35837 JAVNA VATROGASNA POSTROJBA LABIN";"L01 1003A100004 Financiranje Javne vatrogasne postrojbe Labin";"6.9.000001 6.DONACIJE - PRIHODI KORISNIKA";"321120 Dnevnice za službeni put u inozemstvu";"0320 Usluge protupožarne zaštite";"3210176071-2";"JVP - Refundacija po PN 25.29  452-0208540";"2025-12-29T00:00:00.000Z";"2026-01-13T00:00:00.000Z";"";"HR99"
"GRAD LABIN";"2025-12-30T00:00:00.000Z";"SALAMON STEFANO";"GDPR";"";"JAVNA VATROGASNA POSTROJBA LABIN";"EUR";"270.00";"R0162 Službena putovanja";"100       03        35837 JAVNA VATROGASNA POSTROJBA LABIN";"L01 1003A100004 Financiranje Javne vatrogasne postrojbe Labin";"6.9.000001 6.DONACIJE - PRIHODI KORISNIKA";"321120 Dnevnice za službeni put u inozemstvu";"0320 Usluge protupožarne zaštite";"63208856631-3";"JVP - refundacija po PN 25.28 451-0208302";"2025-12-29T00:00:00.000Z";"2026-01-13T00:00:00.000Z";"";"HR99"
"GRAD LABIN";"2025-12-30T00:00:00.000Z";"HRELJA MLADEN- EXPRES OBRT ZA SER.UG.OP. vl. HRELJA MLADEN";"GDPR";"";" DJEČJI VRTIĆ PJERINA VERBANAC";"EUR";"274.79";"R0529-2 Usluge tekućeg i investicijskog održavanja";"500       02        35812 DJEČJI VRTIĆ PJERINA VERBANAC";"L01 5001A500002 Odgojno, administrativno i tehničko osoblje";"1.1.001    1.OPĆI PRIHODI I PRIMICI";"323220 Usluge tekućeg i investicijskog održavanja postrojenja i opreme";"0911 Predškolsko obrazovanje";"164/1/1";"DV USLUGA POPRAVKA LJUŠTILICE";"2025-10-25T00:00:00.000Z";"2025-11-09T00:00:00.000Z";"";"HR99"
"GRAD LABIN";"2025-12-30T00:00:00.000Z";"JEDINSTVO D.O.O.";"29947239127";"LABIN";" DJEČJI VRTIĆ PJERINA VERBANAC";"EUR";"274.95";"R0529-5 Materijal i sirovine";"500       02        35812 DJEČJI VRTIĆ PJERINA VERBANAC";"L01 5001A500002 Odgojno, administrativno i tehničko osoblje";"1.1.001    1.OPĆI PRIHODI I PRIMICI";"322240 Namirnice";"0911 Predškolsko obrazovanje";"1715-23-1";"DV NAMIRNICE";"2025-10-30T00:00:00.000Z";"2025-11-29T00:00:00.000Z";"HR4924020061100387225";"HR01 02150-23101715-12"
"GRAD LABIN";"2025-12-30T00:00:00.000Z";"LIBUSOFT CICOM D.O.O.";"14506572540";"ZAGREB";" UMJETNIČKA ŠKOLA MATKA BRAJŠE RAŠANA";"EUR";"275.28";"R0858 Računalne usluge";"500       03        48478 UMJETNIČKA ŠKOLA MATKA BRAJŠE RAŠANA LABIN";"L01 5002A500003 Financiranje djelatnosti osnovnog školstva";"5.1.001 5. POTPORE ZA DECENTRALIZIRANE FUNKCIJE OSNOVNOG OBRAZOVANJA";"323890 Ostale računalne usluge";"0912 Osnovno obrazovanje";"101RAČ-04--25/0018211";"UŠ-ODRŽAVANJE SPI 12/25-488";"2025-12-15T00:00:00.000Z";"2025-12-30T00:00:00.000Z";"HR4123600001101337826";"HR00 18211"
"GRAD LABIN";"2025-12-30T00:00:00.000Z";"PERT DOO ILOK, PODRUŽNICA RIJEKA";"42255248046";"RIJEKA";" DJEČJI VRTIĆ PJERINA VERBANAC";"EUR";"283.81";"R0529-5 Materijal i sirovine";"500       02        35812 DJEČJI VRTIĆ PJERINA VERBANAC";"L01 5001A500002 Odgojno, administrativno i tehničko osoblje";"1.1.001    1.OPĆI PRIHODI I PRIMICI";"322240 Namirnice";"0911 Predškolsko obrazovanje";"45411-1-80";"DV NAMIRNICE";"2025-11-04T00:00:00.000Z";"2025-12-04T00:00:00.000Z";"HR5024020061100667440";"HR00 45411-1-80"
"GRAD LABIN";"2025-12-30T00:00:00.000Z";"JEDINSTVO D.O.O.";"29947239127";"LABIN";" UMJETNIČKA ŠKOLA MATKA BRAJŠE RAŠANA";"EUR";"292.01";"R0845 Reprezentacija";"500       03        48478 UMJETNIČKA ŠKOLA MATKA BRAJŠE RAŠANA LABIN";"L01 5002A500003 Financiranje djelatnosti osnovnog školstva";"4.9.000001 4.PRIHODI ZA POSEBNE NAMJENE - PRIHODI KORISNIKA";"329310 Reprezentacija";"0912 Osnovno obrazovanje";"2131-23-1";"UŠ-REPREZENTACIJA, STRUČNO VIJEĆE-510";"2025-12-29T00:00:00.000Z";"2026-01-13T00:00:00.000Z";"HR4924020061100387225";"HR01 05261-23102131-17"
"GRAD LABIN";"2025-12-30T00:00:00.000Z";"LIBER DOMINI D.O.O.";"64324811611";"LABIN";"JAVNA VATROGASNA POSTROJBA LABIN";"EUR";"93.88";"R0164 Uredski materijal i ostali materijalni rashodi";"100       03        35837 JAVNA VATROGASNA POSTROJBA LABIN";"L01 1003A100004 Financiranje Javne vatrogasne postrojbe Labin";"6.9.000001 6.DONACIJE - PRIHODI KORISNIKA";"322110 Uredski materijal";"0320 Usluge protupožarne zaštite";"3080-VP1-1";"JVP - uredski materijal 446-523";"2025-12-19T00:00:00.000Z";"2026-01-03T00:00:00.000Z";"HR5423800061148000982";"HR01 202546-001001-30807"
"GRAD LABIN";"2025-12-30T00:00:00.000Z";"LIBER DOMINI D.O.O.";"64324811611";"LABIN";"JAVNA VATROGASNA POSTROJBA LABIN";"EUR";"199.60";"R0164 Uredski materijal i ostali materijalni rashodi";"100       03        35837 JAVNA VATROGASNA POSTROJBA LABIN";"L01 1003A100004 Financiranje Javne vatrogasne postrojbe Labin";"6.9.000001 6.DONACIJE - PRIHODI KORISNIKA";"322111 Uredski materijal - toneri";"0320 Usluge protupožarne zaštite";"3080-VP1-1";"JVP - uredski materijal 446-523";"2025-12-19T00:00:00.000Z";"2026-01-03T00:00:00.000Z";"HR5423800061148000982";"HR01 202546-001001-30807"
"GRAD LABIN";"2025-12-30T00:00:00.000Z";"ŠKOLSKA KNJIGA d.d.";"38967655335";"ZAGREB";"OŠ MATIJE VLAČIĆA LABIN";"EUR";"101.63";"R0636 Uredski materijal i ostali materijalni rashodi";"500       03        10581 OSNOVNA ŠKOLA MATIJE VLAČIĆA LABIN";"L01 5002A500004 Produženi boravak";"4.9.000001 4.PRIHODI ZA POSEBNE NAMJENE - PRIHODI KORISNIKA";"322120 Literatura (publikacije, časopisi, glasila, knjige i ostalo)";"0912 Osnovno obrazovanje";"18004-228-228 mzo lektire";"Mv-lektire-ur875";"2025-12-19T00:00:00.000Z";"2026-01-18T00:00:00.000Z";"HR3823400091100152884";"HR00 0090044556-1000001202"
"GRAD LABIN";"2025-12-30T00:00:00.000Z";"ŠKOLSKA KNJIGA d.d.";"38967655335";"ZAGREB";"OŠ MATIJE VLAČIĆA LABIN";"EUR";"114.49";"R0680 Knjige u knjižnicama";"500       03        10581 OSNOVNA ŠKOLA MATIJE VLAČIĆA LABIN";"L01 5002K500001 Kapitalna ulaganja osnovnog školstva";"5.1.001 5. POTPORE ZA DECENTRALIZIRANE FUNKCIJE OSNOVNOG OBRAZOVANJA";"424110 Knjige";"0912 Osnovno obrazovanje";"18004-228-228 mzo lektire";"Mv-lektire-ur875";"2025-12-19T00:00:00.000Z";"2026-01-18T00:00:00.000Z";"HR3823400091100152884";"HR00 0090044556-1000001202"
"GRAD LABIN";"2025-12-30T00:00:00.000Z";"ŠKOLSKA KNJIGA d.d.";"38967655335";"ZAGREB";"OŠ MATIJE VLAČIĆA LABIN";"EUR";"79.11";"R0657 Knjige u knjižnicama";"500       03        10581 OSNOVNA ŠKOLA MATIJE VLAČIĆA LABIN";"L01 5002A500005 Dodatne aktivnosti učenika i osoblja u školi";"5.9.000001 5. POMOĆI - PRIHODI KORISNIKA GL 02";"424110 Knjige";"0912 Osnovno obrazovanje";"18004-228-228 mzo lektire";"Mv-lektire-ur875";"2025-12-19T00:00:00.000Z";"2026-01-18T00:00:00.000Z";"HR3823400091100152884";"HR00 0090044556-1000001202"
"GRAD LABIN";"2025-12-30T00:00:00.000Z";"LUKEŽ OBRT VL. LUKEŽ RADOVAN";"59416012683";"PAZIN";"CENTAR ""LIČE FARAGUNA"" LABIN";"EUR";"296.10";"R0830 Postrojenja i oprema";"500       03        10645 CENTAR LIČE FARAGUNA LABIN";"L01 5002K500001 Kapitalna ulaganja osnovnog školstva";"5.1.001 5. POTPORE ZA DECENTRALIZIRANE FUNKCIJE OSNOVNOG OBRAZOVANJA";"422710 Uređaji";"0912 Osnovno obrazovanje";"800-10-5";"CLF-469/0211877 UREĐAJI";"2025-12-22T00:00:00.000Z";"2026-01-06T00:00:00.000Z";"HR2124020061100368232";"HR00 1202778-10500800-1"
"GRAD LABIN";"2025-12-30T00:00:00.000Z";"PERT DOO ILOK, PODRUŽNICA RIJEKA";"42255248046";"RIJEKA";" DJEČJI VRTIĆ PJERINA VERBANAC";"EUR";"296.96";"R0529-5 Materijal i sirovine";"500       02        35812 DJEČJI VRTIĆ PJERINA VERBANAC";"L01 5001A500002 Odgojno, administrativno i tehničko osoblje";"1.1.001    1.OPĆI PRIHODI I PRIMICI";"322240 Namirnice";"0911 Predškolsko obrazovanje";"45412-1-80";"DV-NAMIRNICE";"2025-11-07T00:00:00.000Z";"2025-12-07T00:00:00.000Z";"HR5024020061100667440";"HR00 45412-1-80"
"GRAD LABIN";"2025-12-30T00:00:00.000Z";"BUMBAR, OBRT ZA GOVORNO-GLASOV. TERAPIJU GLAZBA I SPORT";"GDPR";"";" UMJETNIČKA ŠKOLA MATKA BRAJŠE RAŠANA";"EUR";"300.00";"R0841 Zakupnine i najamnine";"500       03        48478 UMJETNIČKA ŠKOLA MATKA BRAJŠE RAŠANA LABIN";"L01 5002A500003 Financiranje djelatnosti osnovnog školstva";"4.9.000001 4.PRIHODI ZA POSEBNE NAMJENE - PRIHODI KORISNIKA";"323530 Zakupnine i najamnine za opremu";"0912 Osnovno obrazovanje";"495";"UŠ-NAJAM RAZGLASA, BOŽIĆNI KONCERT BUZET-499";"2025-12-19T00:00:00.000Z";"2026-01-08T00:00:00.000Z";"";"HR99"
"GRAD LABIN";"2025-12-30T00:00:00.000Z";"PERT DOO ILOK, PODRUŽNICA RIJEKA";"42255248046";"RIJEKA";" DJEČJI VRTIĆ PJERINA VERBANAC";"EUR";"301.13";"R0529-5 Materijal i sirovine";"500       02        35812 DJEČJI VRTIĆ PJERINA VERBANAC";"L01 5001A500002 Odgojno, administrativno i tehničko osoblje";"1.1.001    1.OPĆI PRIHODI I PRIMICI";"322240 Namirnice";"0911 Predškolsko obrazovanje";"44120-1-80";"DV NAMIRNICE";"2025-10-31T00:00:00.000Z";"2025-11-30T00:00:00.000Z";"HR5024020061100667440";"HR00 44120-1-80"
"GRAD LABIN";"2025-12-30T00:00:00.000Z";"JEDINSTVO D.O.O.";"29947239127";"LABIN";" DJEČJI VRTIĆ PJERINA VERBANAC";"EUR";"303.78";"R0529-5 Materijal i sirovine";"500       02        35812 DJEČJI VRTIĆ PJERINA VERBANAC";"L01 5001A500002 Odgojno, administrativno i tehničko osoblje";"1.1.001    1.OPĆI PRIHODI I PRIMICI";"322240 Namirnice";"0911 Predškolsko obrazovanje";"1707-23-1";"DV NAMIRNICE";"2025-10-29T00:00:00.000Z";"2025-11-28T00:00:00.000Z";"HR4924020061100387225";"HR01 02150-23101707-10"
"GRAD LABIN";"2025-12-30T00:00:00.000Z";"JEDINSTVO D.O.O.";"29947239127";"LABIN";"OŠ MATIJE VLAČIĆA LABIN";"EUR";"305.17";"R0619-1 Materijal i sirovine";"500       03        10581 OSNOVNA ŠKOLA MATIJE VLAČIĆA LABIN";"L01 5002A500003 Financiranje djelatnosti osnovnog školstva";"5.9.000001 5. POMOĆI - PRIHODI KORISNIKA GL 02";"322240 Namirnice";"0912 Osnovno obrazovanje";"23101949";"MV-PREHRANA-UR";"2025-12-02T00:00:00.000Z";"2026-01-01T00:00:00.000Z";"HR4924020061100387225";"HR01 05280-23101949-19"
"GRAD LABIN";"2025-12-30T00:00:00.000Z";"JEDINSTVO D.O.O.";"29947239127";"LABIN";"OŠ MATIJE VLAČIĆA LABIN";"EUR";"305.66";"R0619-1 Materijal i sirovine";"500       03        10581 OSNOVNA ŠKOLA MATIJE VLAČIĆA LABIN";"L01 5002A500003 Financiranje djelatnosti osnovnog školstva";"5.9.000001 5. POMOĆI - PRIHODI KORISNIKA GL 02";"322240 Namirnice";"0912 Osnovno obrazovanje";"23101972";"MV-PREHRANA-UR865";"2025-12-06T00:00:00.000Z";"2026-01-05T00:00:00.000Z";"HR4924020061100387225";"HR01 05280-23101972-17"
"GRAD LABIN";"2025-12-30T00:00:00.000Z";"LIBUSOFT CICOM D.O.O.";"14506572540";"ZAGREB";"JAVNA VATROGASNA POSTROJBA LABIN";"EUR";"307.05";"R0120-1 Računalne usluge";"100       03        35837 JAVNA VATROGASNA POSTROJBA LABIN";"L01 1003A100004 Financiranje Javne vatrogasne postrojbe Labin";"1.1.001    1.OPĆI PRIHODI I PRIMICI";"323890 Ostale računalne usluge";"0320 Usluge protupožarne zaštite";"101RAČ-04--25/0018055";"JVP - održavanje SPI za 12.2025.  444-175";"2025-12-15T00:00:00.000Z";"2025-12-30T00:00:00.000Z";"HR4123600001101337826";"HR00 18055"
"GRAD LABIN";"2025-12-30T00:00:00.000Z";"JEDINSTVO D.O.O.";"29947239127";"LABIN";" DJEČJI VRTIĆ PJERINA VERBANAC";"EUR";"307.69";"R0529-5 Materijal i sirovine";"500       02        35812 DJEČJI VRTIĆ PJERINA VERBANAC";"L01 5001A500002 Odgojno, administrativno i tehničko osoblje";"1.1.001    1.OPĆI PRIHODI I PRIMICI";"322240 Namirnice";"0911 Predškolsko obrazovanje";"1693-23-1";"DV NAMIRNICE";"2025-10-25T00:00:00.000Z";"2025-11-24T00:00:00.000Z";"HR4924020061100387225";"HR01 02150-23101693-13"
"GRAD LABIN";"2025-12-30T00:00:00.000Z";"JEDINSTVO D.O.O.";"29947239127";"LABIN";" DJEČJI VRTIĆ PJERINA VERBANAC";"EUR";"309.12";"R0529-5 Materijal i sirovine";"500       02        35812 DJEČJI VRTIĆ PJERINA VERBANAC";"L01 5001A500002 Odgojno, administrativno i tehničko osoblje";"1.1.001    1.OPĆI PRIHODI I PRIMICI";"322240 Namirnice";"0911 Predškolsko obrazovanje";"1752-23-1";"DV NAMIRNICE";"2025-11-03T00:00:00.000Z";"2025-12-03T00:00:00.000Z";"HR4924020061100387225";"HR01 02150-23101752-16"
"GRAD LABIN";"2025-12-30T00:00:00.000Z";"JEDINSTVO D.O.O.";"29947239127";"LABIN";"OŠ MATIJE VLAČIĆA LABIN";"EUR";"318.62";"R0619-1 Materijal i sirovine";"500       03        10581 OSNOVNA ŠKOLA MATIJE VLAČIĆA LABIN";"L01 5002A500003 Financiranje djelatnosti osnovnog školstva";"5.9.000001 5. POMOĆI - PRIHODI KORISNIKA GL 02";"322240 Namirnice";"0912 Osnovno obrazovanje";"23102022";"mv-prehrna-ur881";"2025-12-15T00:00:00.000Z";"2026-01-14T00:00:00.000Z";"HR4924020061100387225";"HR01 05280-23102022-10"
"GRAD LABIN";"2025-12-30T00:00:00.000Z";"JEDINSTVO D.O.O.";"29947239127";"LABIN";" DJEČJI VRTIĆ PJERINA VERBANAC";"EUR";"321.53";"R0529-5 Materijal i sirovine";"500       02        35812 DJEČJI VRTIĆ PJERINA VERBANAC";"L01 5001A500002 Odgojno, administrativno i tehničko osoblje";"1.1.001    1.OPĆI PRIHODI I PRIMICI";"322240 Namirnice";"0911 Predškolsko obrazovanje";"1818-23-1";"DV-NAMIRNICE";"2025-11-13T00:00:00.000Z";"2025-12-13T00:00:00.000Z";"HR4924020061100387225";"HR01 02150-23101818-10"
"GRAD LABIN";"2025-12-30T00:00:00.000Z";"JEDINSTVO D.O.O.";"29947239127";"LABIN";" DJEČJI VRTIĆ PJERINA VERBANAC";"EUR";"68.72";"R0529-5 Materijal i sirovine";"500       02        35812 DJEČJI VRTIĆ PJERINA VERBANAC";"L01 5001A500002 Odgojno, administrativno i tehničko osoblje";"1.1.001    1.OPĆI PRIHODI I PRIMICI";"322240 Namirnice";"0911 Predškolsko obrazovanje";"1780-23-1";"DV-NAMIRNICE";"2025-11-08T00:00:00.000Z";"2025-12-08T00:00:00.000Z";"HR4924020061100387225";"HR01 02150-23101780-10"
"GRAD LABIN";"2025-12-30T00:00:00.000Z";"JEDINSTVO D.O.O.";"29947239127";"LABIN";" DJEČJI VRTIĆ PJERINA VERBANAC";"EUR";"257.08";"R0540 Materijal i sirovine";"500       02        35812 DJEČJI VRTIĆ PJERINA VERBANAC";"L01 5001A500002 Odgojno, administrativno i tehničko osoblje";"4.9.000001 4.PRIHODI ZA POSEBNE NAMJENE - PRIHODI KORISNIKA";"322240 Namirnice";"0911 Predškolsko obrazovanje";"1780-23-1";"DV-NAMIRNICE";"2025-11-08T00:00:00.000Z";"2025-12-08T00:00:00.000Z";"HR4924020061100387225";"HR01 02150-23101780-10"
"GRAD LABIN";"2025-12-30T00:00:00.000Z";"JEDINSTVO D.O.O.";"29947239127";"LABIN";" DJEČJI VRTIĆ PJERINA VERBANAC";"EUR";"326.55";"R0529-5 Materijal i sirovine";"500       02        35812 DJEČJI VRTIĆ PJERINA VERBANAC";"L01 5001A500002 Odgojno, administrativno i tehničko osoblje";"1.1.001    1.OPĆI PRIHODI I PRIMICI";"322240 Namirnice";"0911 Predškolsko obrazovanje";"1781-23-1";"DV- NAMIRNICE";"2025-11-08T00:00:00.000Z";"2025-12-08T00:00:00.000Z";"HR4924020061100387225";"HR01 02150-23101781-18"
"GRAD LABIN";"2025-12-30T00:00:00.000Z";"1.MAJ LABIN D.O.O. LABIN";"23557321379";"LABIN";;"EUR";"19.38";"R0012 Komunalne usluge";"100       01 UPRAVNI ODJEL ZA POSLOVE GRADONAČELNIKA, GRADSKO VIJEĆE I OPĆE POSLOVE";"L01 1001A100001 Redovna djelatnost upravnih odjela";"1.1.001    1.OPĆI PRIHODI I PRIMICI";"323420 Iznošenje i odvoz smeća";"0133 Ostale opće usluge";"25-0128605-27-7";"ODVOZ SMEĆA ZA 11MJ-KLUB UMIROVLJENIKA KATURE,ID 2653 25/0004444";"2025-11-30T00:00:00.000Z";"2025-12-30T00:00:00.000Z";"HR3224020061100387143";"HR01 16192222-0129461-11250"
"GRAD LABIN";"2025-12-30T00:00:00.000Z";"JEDINSTVO D.O.O.";"29947239127";"LABIN";" DJEČJI VRTIĆ PJERINA VERBANAC";"EUR";"327.36";"R0529-5 Materijal i sirovine";"500       02        35812 DJEČJI VRTIĆ PJERINA VERBANAC";"L01 5001A500002 Odgojno, administrativno i tehničko osoblje";"1.1.001    1.OPĆI PRIHODI I PRIMICI";"322240 Namirnice";"0911 Predškolsko obrazovanje";"1759-23-1";"DV NAMIRNICE";"2025-11-04T00:00:00.000Z";"2025-12-04T00:00:00.000Z";"HR4924020061100387225";"HR01 02150-23101759-17"
"GRAD LABIN";"2025-12-30T00:00:00.000Z";"1.MAJ LABIN D.O.O. LABIN";"23557321379";"LABIN";;"EUR";"258.17";"R0350-72 Održavanje čistoće javnih površina";"400       01 UPRAVNI ODJEL ZA KOMUNALNO GOSPODARSTVO I UPRAVLJANJE IMOVINOM";"L01 4001A400018 Održavanje čistoće javnih površina";"4.6.001    4. KOMUNALNA NAKNADA";"323420 Iznošenje i odvoz smeća";"0560 Poslovi i usluge zaštite okoliša koji nisu drugdje svrstani";"25-0128612-27-7";"ODVOZ SMEĆA ZA 11MJ-SPREMIŠTE OTPADA-LUKA RABAC,ID 2654 25/0004443";"2025-11-30T00:00:00.000Z";"2025-12-30T00:00:00.000Z";"HR3224020061100387143";"HR01 16192230-0129461-11251"
"GRAD LABIN";"2025-12-30T00:00:00.000Z";"JEDINSTVO D.O.O.";"29947239127";"LABIN";" DJEČJI VRTIĆ PJERINA VERBANAC";"EUR";"332.25";"R0540 Materijal i sirovine";"500       02        35812 DJEČJI VRTIĆ PJERINA VERBANAC";"L01 5001A500002 Odgojno, administrativno i tehničko osoblje";"4.9.000001 4.PRIHODI ZA POSEBNE NAMJENE - PRIHODI KORISNIKA";"322240 Namirnice";"0911 Predškolsko obrazovanje";"1811-23-1";"DV-NAMIRNICE";"2025-11-12T00:00:00.000Z";"2025-12-12T00:00:00.000Z";"HR4924020061100387225";"HR01 02150-23101811-19"
"GRAD LABIN";"2025-12-30T00:00:00.000Z";"PERT DOO ILOK, PODRUŽNICA RIJEKA";"42255248046";"RIJEKA";" DJEČJI VRTIĆ PJERINA VERBANAC";"EUR";"338.37";"R0529-5 Materijal i sirovine";"500       02        35812 DJEČJI VRTIĆ PJERINA VERBANAC";"L01 5001A500002 Odgojno, administrativno i tehničko osoblje";"1.1.001    1.OPĆI PRIHODI I PRIMICI";"322240 Namirnice";"0911 Predškolsko obrazovanje";"45416-1-80";"DV-NAMIRNICE";"2025-11-11T00:00:00.000Z";"2025-12-11T00:00:00.000Z";"HR5024020061100667440";"HR00 45416-1-80"
"GRAD LABIN";"2025-12-30T00:00:00.000Z";"1.MAJ LABIN D.O.O. LABIN";"23557321379";"LABIN";;"EUR";"37.74";"R0366-10 Komunalne usluge";"400       01 UPRAVNI ODJEL ZA KOMUNALNO GOSPODARSTVO I UPRAVLJANJE IMOVINOM";"L01 4002A400008 Održavanje igrališta";"4.6.001    4. KOMUNALNA NAKNADA";"323420 Iznošenje i odvoz smeća";"0810 Službe rekreacije i sporta";"25-0128606-27-7";"ODVOZ SMEĆA ZA 11MJ-STADION NK ISKRA-VINEŽ, ID2655 25/0004442";"2025-11-30T00:00:00.000Z";"2025-12-30T00:00:00.000Z";"HR3224020061100387143";"HR01 16192249-0129461-11252"
"GRAD LABIN";"2025-12-30T00:00:00.000Z";"JEDINSTVO D.O.O.";"29947239127";"LABIN";" DJEČJI VRTIĆ PJERINA VERBANAC";"EUR";"344.22";"R0529-5 Materijal i sirovine";"500       02        35812 DJEČJI VRTIĆ PJERINA VERBANAC";"L01 5001A500002 Odgojno, administrativno i tehničko osoblje";"1.1.001    1.OPĆI PRIHODI I PRIMICI";"322240 Namirnice";"0911 Predškolsko obrazovanje";"1720-23-1";"DV NAMIRNICE";"2025-10-31T00:00:00.000Z";"2025-11-30T00:00:00.000Z";"HR4924020061100387225";"HR01 02150-23101720-12"
"GRAD LABIN";"2025-12-30T00:00:00.000Z";"1.MAJ LABIN D.O.O. LABIN";"23557321379";"LABIN";;"EUR";"152.11";"R0366-10 Komunalne usluge";"400       01 UPRAVNI ODJEL ZA KOMUNALNO GOSPODARSTVO I UPRAVLJANJE IMOVINOM";"L01 4002A400008 Održavanje igrališta";"4.6.001    4. KOMUNALNA NAKNADA";"323420 Iznošenje i odvoz smeća";"0810 Službe rekreacije i sporta";"25-0128607-27-7";"ODVOZ SMEĆA ZA 11MJ-STADION NK RUDAR-LABIN, ID2656 25/0004441";"2025-11-30T00:00:00.000Z";"2025-12-30T00:00:00.000Z";"HR3224020061100387143";"HR01 16192257-0129461-11253"
"GRAD LABIN";"2025-12-30T00:00:00.000Z";"JEDINSTVO D.O.O.";"29947239127";"LABIN";" DJEČJI VRTIĆ PJERINA VERBANAC";"EUR";"345.10";"R0529-5 Materijal i sirovine";"500       02        35812 DJEČJI VRTIĆ PJERINA VERBANAC";"L01 5001A500002 Odgojno, administrativno i tehničko osoblje";"1.1.001    1.OPĆI PRIHODI I PRIMICI";"322240 Namirnice";"0911 Predškolsko obrazovanje";"1702-23-1";"DV NAMIRNICE";"2025-10-28T00:00:00.000Z";"2025-11-27T00:00:00.000Z";"HR4924020061100387225";"HR01 02150-23101702-14"
"GRAD LABIN";"2025-12-30T00:00:00.000Z";"1.MAJ LABIN D.O.O. LABIN";"23557321379";"LABIN";;"EUR";"44.20";"R0366-10 Komunalne usluge";"400       01 UPRAVNI ODJEL ZA KOMUNALNO GOSPODARSTVO I UPRAVLJANJE IMOVINOM";"L01 4002A400008 Održavanje igrališta";"4.6.001    4. KOMUNALNA NAKNADA";"323420 Iznošenje i odvoz smeća";"0810 Službe rekreacije i sporta";"25-0128608-27-7";"ODVOZ SMEĆA ZA 11MJ-DJEČJE IGRALIŠTE-PRESIKA, ID2657 25/0004440";"2025-11-30T00:00:00.000Z";"2025-12-30T00:00:00.000Z";"HR3224020061100387143";"HR01 16192265-0129461-11254"
"GRAD LABIN";"2025-12-30T00:00:00.000Z";"KIRKAS D.O.O.";"23913748392";"SPLIT";"JAVNA VATROGASNA POSTROJBA LABIN";"EUR";"351.25";"R0121 Ostale usluge";"100       03        35837 JAVNA VATROGASNA POSTROJBA LABIN";"L01 1003A100004 Financiranje Javne vatrogasne postrojbe Labin";"1.1.001    1.OPĆI PRIHODI I PRIMICI";"323990 Ostale nespomenute usluge";"0320 Usluge protupožarne zaštite";"229/1/1";"JVP - održ sustava vatrodojave 424-0177865";"2025-11-30T00:00:00.000Z";"2025-12-30T00:00:00.000Z";"HR1824840081135104404";"HR00 66-229-10"
"GRAD LABIN";"2025-12-30T00:00:00.000Z";"1.MAJ LABIN D.O.O. LABIN";"23557321379";"LABIN";;"EUR";"45.36";"R0366-10 Komunalne usluge";"400       01 UPRAVNI ODJEL ZA KOMUNALNO GOSPODARSTVO I UPRAVLJANJE IMOVINOM";"L01 4002A400008 Održavanje igrališta";"4.6.001    4. KOMUNALNA NAKNADA";"323420 Iznošenje i odvoz smeća";"0810 Službe rekreacije i sporta";"25-0128614-27-7";"ODVOZ SMEĆA ZA 11MJ-TENISKI TERENI RABAC, ID2658 25/0004439";"2025-11-30T00:00:00.000Z";"2025-12-30T00:00:00.000Z";"HR3224020061100387143";"HR01 16192273-0129461-11255"
"GRAD LABIN";"2025-12-30T00:00:00.000Z";"JEDINSTVO D.O.O.";"29947239127";"LABIN";" DJEČJI VRTIĆ PJERINA VERBANAC";"EUR";"354.80";"R0529-5 Materijal i sirovine";"500       02        35812 DJEČJI VRTIĆ PJERINA VERBANAC";"L01 5001A500002 Odgojno, administrativno i tehničko osoblje";"1.1.001    1.OPĆI PRIHODI I PRIMICI";"322240 Namirnice";"0911 Predškolsko obrazovanje";"1805-23-1";"DV- NAMIRNICE";"2025-11-11T00:00:00.000Z";"2025-12-11T00:00:00.000Z";"HR4924020061100387225";"HR01 02150-23101805-11"
"GRAD LABIN";"2025-12-30T00:00:00.000Z";"1.MAJ LABIN D.O.O. LABIN";"23557321379";"LABIN";;"EUR";"59.44";"R0350-72 Održavanje čistoće javnih površina";"400       01 UPRAVNI ODJEL ZA KOMUNALNO GOSPODARSTVO I UPRAVLJANJE IMOVINOM";"L01 4001A400018 Održavanje čistoće javnih površina";"4.6.001    4. KOMUNALNA NAKNADA";"323420 Iznošenje i odvoz smeća";"0560 Poslovi i usluge zaštite okoliša koji nisu drugdje svrstani";"25-0128609-27-7";"ODVOZ SMEĆA ZA 11MJ-AZIL, ID 2659 25/0004438";"2025-11-30T00:00:00.000Z";"2025-12-30T00:00:00.000Z";"HR3224020061100387143";"HR01 16192281-0129461-11256"
"GRAD LABIN";"2025-12-30T00:00:00.000Z";"JEDINSTVO D.O.O.";"29947239127";"LABIN";" DJEČJI VRTIĆ PJERINA VERBANAC";"EUR";"355.33";"R0529-5 Materijal i sirovine";"500       02        35812 DJEČJI VRTIĆ PJERINA VERBANAC";"L01 5001A500002 Odgojno, administrativno i tehničko osoblje";"1.1.001    1.OPĆI PRIHODI I PRIMICI";"322240 Namirnice";"0911 Predškolsko obrazovanje";"1795-23-1";"DV- NAMIRNICE";"2025-11-10T00:00:00.000Z";"2025-12-10T00:00:00.000Z";"HR4924020061100387225";"HR01 02150-23101795-13"
"GRAD LABIN";"2025-12-30T00:00:00.000Z";"1.MAJ LABIN D.O.O. LABIN";"23557321379";"LABIN";;"EUR";"43.16";"R0350-72 Održavanje čistoće javnih površina";"400       01 UPRAVNI ODJEL ZA KOMUNALNO GOSPODARSTVO I UPRAVLJANJE IMOVINOM";"L01 4001A400018 Održavanje čistoće javnih površina";"4.6.001    4. KOMUNALNA NAKNADA";"323420 Iznošenje i odvoz smeća";"0560 Poslovi i usluge zaštite okoliša koji nisu drugdje svrstani";"25-0128610-27-7";"ODVOZ SMEĆA ZA 11MJ-PARKIRALIŠTE KOMEMORAT.CENTAR, ID 2660 25/0004437";"2025-11-30T00:00:00.000Z";"2025-12-30T00:00:00.000Z";"HR3224020061100387143";"HR01 16192290-0129461-11255"
"GRAD LABIN";"2025-12-30T00:00:00.000Z";"LEDO PLUS D.O.O.";"07179054100";"ZAGREB";" DJEČJI VRTIĆ PJERINA VERBANAC";"EUR";"357.61";"R0529-5 Materijal i sirovine";"500       02        35812 DJEČJI VRTIĆ PJERINA VERBANAC";"L01 5001A500002 Odgojno, administrativno i tehničko osoblje";"1.1.001    1.OPĆI PRIHODI I PRIMICI";"322240 Namirnice";"0911 Predškolsko obrazovanje";"372327/900/900";"DV NAMIRNICE";"2025-10-31T00:00:00.000Z";"2025-12-15T00:00:00.000Z";"HR1424020061100914856";"HR00 92553983-1372244000-15"
"GRAD LABIN";"2025-12-30T00:00:00.000Z";"1.MAJ LABIN D.O.O. LABIN";"23557321379";"LABIN";;"EUR";"37.74";"R0350-72 Održavanje čistoće javnih površina";"400       01 UPRAVNI ODJEL ZA KOMUNALNO GOSPODARSTVO I UPRAVLJANJE IMOVINOM";"L01 4001A400018 Održavanje čistoće javnih površina";"4.6.001    4. KOMUNALNA NAKNADA";"323420 Iznošenje i odvoz smeća";"0560 Poslovi i usluge zaštite okoliša koji nisu drugdje svrstani";"25-0128611-27-7";"ODVOZ SMEĆA ZA 11MJ-AUTOBUSNA STANICA RABAC ID2661 25/0004436";"2025-11-30T00:00:00.000Z";"2025-12-30T00:00:00.000Z";"HR3224020061100387143";"HR01 16192303-0129461-11250"
"GRAD LABIN";"2025-12-30T00:00:00.000Z";"JEDINSTVO D.O.O.";"29947239127";"LABIN";"OŠ MATIJE VLAČIĆA LABIN";"EUR";"370.80";"R0637 Materijal i sirovine";"500       03        10581 OSNOVNA ŠKOLA MATIJE VLAČIĆA LABIN";"L01 5002A500004 Produženi boravak";"4.9.000001 4.PRIHODI ZA POSEBNE NAMJENE - PRIHODI KORISNIKA";"322240 Namirnice";"0912 Osnovno obrazovanje";"23101942";"MV-PREHRANA-UR836";"2025-12-01T00:00:00.000Z";"2025-12-31T00:00:00.000Z";"HR4924020061100387225";"HR01 05280-23101942-18"
"GRAD LABIN";"2025-12-30T00:00:00.000Z";"1.MAJ LABIN D.O.O. LABIN";"23557321379";"LABIN";;"EUR";"19.38";"R0350-72 Održavanje čistoće javnih površina";"400       01 UPRAVNI ODJEL ZA KOMUNALNO GOSPODARSTVO I UPRAVLJANJE IMOVINOM";"L01 4001A400018 Održavanje čistoće javnih površina";"4.6.001    4. KOMUNALNA NAKNADA";"323420 Iznošenje i odvoz smeća";"0560 Poslovi i usluge zaštite okoliša koji nisu drugdje svrstani";"25-0128613-27-7";"ODVOZ SMEĆA ZA 11MJ-KOLODVOR LABIN, ID 266225/0004435";"2025-11-30T00:00:00.000Z";"2025-12-30T00:00:00.000Z";"HR3224020061100387143";"HR01 16192311-0129461-11251"
"GRAD LABIN";"2025-12-30T00:00:00.000Z";"LEDO PLUS D.O.O.";"07179054100";"ZAGREB";" DJEČJI VRTIĆ PJERINA VERBANAC";"EUR";"372.16";"R0529-5 Materijal i sirovine";"500       02        35812 DJEČJI VRTIĆ PJERINA VERBANAC";"L01 5001A500002 Odgojno, administrativno i tehničko osoblje";"1.1.001    1.OPĆI PRIHODI I PRIMICI";"322240 Namirnice";"0911 Predškolsko obrazovanje";"375914/900/900";"DV NAMIRNICE";"2025-11-05T00:00:00.000Z";"2025-12-20T00:00:00.000Z";"HR1424020061100914856";"HR00 92558470-1372244000-19"
"GRAD LABIN";"2025-12-30T00:00:00.000Z";"1.MAJ LABIN D.O.O. LABIN";"23557321379";"LABIN";;"EUR";"158.73";"R0350-72 Održavanje čistoće javnih površina";"400       01 UPRAVNI ODJEL ZA KOMUNALNO GOSPODARSTVO I UPRAVLJANJE IMOVINOM";"L01 4001A400018 Održavanje čistoće javnih površina";"4.6.001    4. KOMUNALNA NAKNADA";"323420 Iznošenje i odvoz smeća";"0560 Poslovi i usluge zaštite okoliša koji nisu drugdje svrstani";"25-0128615-27-7";"ODVOZ SMEĆA ZA 11MJ-MALA ĐIRINA, ID 266325/0004434";"2025-11-30T00:00:00.000Z";"2025-12-30T00:00:00.000Z";"HR3224020061100387143";"HR01 16192320-0129461-11250"
"GRAD LABIN";"2025-12-30T00:00:00.000Z";"8729 - DOP. ZA ZAP. OSOBA S INV.";"GDPR";"";" DJEČJI VRTIĆ PJERINA VERBANAC";"EUR";"132.03";"R0566 Pristojbe i naknade";"500       02        35812 DJEČJI VRTIĆ PJERINA VERBANAC";"L01 5001A500002 Odgojno, administrativno i tehničko osoblje";"5.9.000002 5. POMOĆI - OPĆINE - PRIHODI KORISNIKA GL 02";"329550 Novčana naknada poslodavca zbog nezapošljavanja osoba s invaliditetom";"0911 Predškolsko obrazovanje";"25/00723";"DV-PL ZOSI ZA 11/2025";"2025-12-29T00:00:00.000Z";"2025-12-31T00:00:00.000Z";"";"HR99"
"GRAD LABIN";"2025-12-30T00:00:00.000Z";"8729 - DOP. ZA ZAP. OSOBA S INV.";"GDPR";"";" DJEČJI VRTIĆ PJERINA VERBANAC";"EUR";"255.97";"R0530 Pristojbe i naknade";"500       02        35812 DJEČJI VRTIĆ PJERINA VERBANAC";"L01 5001A500002 Odgojno, administrativno i tehničko osoblje";"1.1.001    1.OPĆI PRIHODI I PRIMICI";"329550 Novčana naknada poslodavca zbog nezapošljavanja osoba s invaliditetom";"0911 Predškolsko obrazovanje";"25/00723";"DV-PL ZOSI ZA 11/2025";"2025-12-29T00:00:00.000Z";"2025-12-31T00:00:00.000Z";"";"HR99"
"GRAD LABIN";"2025-12-30T00:00:00.000Z";"ALDA - THE EUROPEAN ASSOCIATION FOR LOCAL DEMOCRACY";"           ";"STRASBOURG";;"EUR";"950.00";"R0023 Članarine";"100       01 UPRAVNI ODJEL ZA POSLOVE GRADONAČELNIKA, GRADSKO VIJEĆE I OPĆE POSLOVE";"L01 1001A100002 Redovna djelatnost  ureda gradonačelnika";"1.1.001    1.OPĆI PRIHODI I PRIMICI";"329420 Međunarodne članarine";"0133 Ostale opće usluge";"3012";"HR0012882-2025 12882-2025 ALDAMEMBERSHIP FEE 25/0004616";"2025-12-30T00:00:00.000Z";"2025-12-31T00:00:00.000Z";"FR7610278010840002017650153";"HR99"
"GRAD LABIN";"2025-12-30T00:00:00.000Z";"1.MAJ LABIN D.O.O. LABIN";"23557321379";"LABIN";;"EUR";"125.63";"R0012 Komunalne usluge";"100       01 UPRAVNI ODJEL ZA POSLOVE GRADONAČELNIKA, GRADSKO VIJEĆE I OPĆE POSLOVE";"L01 1001A100001 Redovna djelatnost upravnih odjela";"1.1.001    1.OPĆI PRIHODI I PRIMICI";"323420 Iznošenje i odvoz smeća";"0133 Ostale opće usluge";"25-0128604-27-7";"ODVOZ SMEĆA ZA 11MJ-ZGRADA GRADA LABINA, ID 265225/0004433";"2025-11-30T00:00:00.000Z";"2025-12-30T00:00:00.000Z";"HR3224020061100387143";"HR01 16192214-0129461-11250"
"GRAD LABIN";"2025-12-30T00:00:00.000Z";"1.MAJ LABIN D.O.O. LABIN";"23557321379";"LABIN";;"EUR";"30.62";"R0012 Komunalne usluge";"100       01 UPRAVNI ODJEL ZA POSLOVE GRADONAČELNIKA, GRADSKO VIJEĆE I OPĆE POSLOVE";"L01 1001A100001 Redovna djelatnost upravnih odjela";"1.1.001    1.OPĆI PRIHODI I PRIMICI";"323421 Iznošenje i odvoz smeća-priznati pretporez";"0133 Ostale opće usluge";"25-0128604-27-7";"ODVOZ SMEĆA ZA 11MJ-ZGRADA GRADA LABINA, ID 265225/0004433";"2025-11-30T00:00:00.000Z";"2025-12-30T00:00:00.000Z";"HR3224020061100387143";"HR01 16192214-0129461-11250"
"GRAD LABIN";"2025-12-30T00:00:00.000Z";"JEDINSTVO D.O.O.";"29947239127";"LABIN";" DJEČJI VRTIĆ PJERINA VERBANAC";"EUR";"392.36";"R0540 Materijal i sirovine";"500       02        35812 DJEČJI VRTIĆ PJERINA VERBANAC";"L01 5001A500002 Odgojno, administrativno i tehničko osoblje";"4.9.000001 4.PRIHODI ZA POSEBNE NAMJENE - PRIHODI KORISNIKA";"322240 Namirnice";"0911 Predškolsko obrazovanje";"1803-23-1";"DV-NAMIRNICE";"2025-11-11T00:00:00.000Z";"2025-12-11T00:00:00.000Z";"HR4924020061100387225";"HR01 02150-23101803-17"
"GRAD LABIN";"2025-12-30T00:00:00.000Z";"PERT DOO ILOK, PODRUŽNICA RIJEKA";"42255248046";"RIJEKA";" DJEČJI VRTIĆ PJERINA VERBANAC";"EUR";"400.62";"R0540 Materijal i sirovine";"500       02        35812 DJEČJI VRTIĆ PJERINA VERBANAC";"L01 5001A500002 Odgojno, administrativno i tehničko osoblje";"4.9.000001 4.PRIHODI ZA POSEBNE NAMJENE - PRIHODI KORISNIKA";"322240 Namirnice";"0911 Predškolsko obrazovanje";"45421-1-80";"DV-NAMIRNICE";"2025-11-14T00:00:00.000Z";"2025-12-14T00:00:00.000Z";"HR5024020061100667440";"HR00 45421-1-80"
"GRAD LABIN";"2025-12-30T00:00:00.000Z";"CENTAR ""VITA NOVA""";"24444302585";"VODNJAN";;"EUR";"200.00";"R0504 Tekuće donacije u novcu-neraspoređena sredstva";"500       01 UPRAVNI ODJEL ZA DRUŠTVENE DJELATNOSTI";"L01 5006A500008 Programi udruga i ustanova u području soc.skrbi";"1.1.001    1.OPĆI PRIHODI I PRIMICI";"3811493 Tekuća donacija- Udruga Centar za zdrave životne navike ""Vita nova""";"1070 Socijalna pomoć stanovništvu koje nije obuhvaćeno redovnim socijalnim programima";"24-11-2025";"FIN.SREDSTVA ZAPROJEKT DONACIJSKI KONCERT""VITA NOVA 2025"" 25/0004615";"2025-11-24T00:00:00.000Z";"2025-12-31T00:00:00.000Z";"HR6523900011100978965";"HR00 24-11-2025"
"GRAD LABIN";"2025-12-30T00:00:00.000Z";"JEDINSTVO D.O.O.";"29947239127";"LABIN";" DJEČJI VRTIĆ PJERINA VERBANAC";"EUR";"420.53";"R0529-5 Materijal i sirovine";"500       02        35812 DJEČJI VRTIĆ PJERINA VERBANAC";"L01 5001A500002 Odgojno, administrativno i tehničko osoblje";"1.1.001    1.OPĆI PRIHODI I PRIMICI";"322240 Namirnice";"0911 Predškolsko obrazovanje";"1956-11-1";"DV NAMIRNICE";"2025-10-13T00:00:00.000Z";"2025-11-19T00:00:00.000Z";"HR4924020061100387225";"HR01 02150-11101956-11"
"GRAD LABIN";"2025-12-30T00:00:00.000Z";"CENTAR LIČE FARAGUNA";"52329630528";"LABIN";;"EUR";"2833.32";"R0401-5 Tekuće pomoći temeljem prijenosa EU sredstava";"500       01 UPRAVNI ODJEL ZA DRUŠTVENE DJELATNOSTI";"L01 5002T500006 Ravnomj. socijalna i obrazovna inkluzija učen. s teškoćama u razvoju IV -Projekt RAST IV";"5.4.001 5. TEKUĆE POMOĆI IZ DRŽAVNOG PRORAČUNA";"368138 Centar Liče Faraguna-Tekuće pomoći pror. koris. gradskih proračuna temeljem prij. EU sredst";"0912 Osnovno obrazovanje";"13-11-2025";"PROJEKT RAST IV25/0004576";"2025-11-13T00:00:00.000Z";"2025-12-31T00:00:00.000Z";"HR4523400091822200000";"HR26 7960-086-52329630528"
"GRAD LABIN";"2025-12-30T00:00:00.000Z";"SEDMICA DOO LABIN";"84383908037";"LABIN";"CENTAR ""LIČE FARAGUNA"" LABIN";"EUR";"440.00";"R0830 Postrojenja i oprema";"500       03        10645 CENTAR LIČE FARAGUNA LABIN";"L01 5002K500001 Kapitalna ulaganja osnovnog školstva";"5.1.001 5. POTPORE ZA DECENTRALIZIRANE FUNKCIJE OSNOVNOG OBRAZOVANJA";"422710 Uređaji";"0912 Osnovno obrazovanje";"558-0-1";"CLF-464/0003913 UREĐAJI";"2025-12-29T00:00:00.000Z";"2026-01-13T00:00:00.000Z";"HR6824020061100209567";"HR00 391-558"
"GRAD LABIN";"2025-12-30T00:00:00.000Z";"DOM ZA STARIJE OSOBE RAŠA";"31771481585";"RAŠA";;"EUR";"65.46";"R0476 Pomoć u hrani";"500       01 UPRAVNI ODJEL ZA DRUŠTVENE DJELATNOSTI";"L01 5006A500002 Socijalna zaštita starijih, bolesnih i nemoćnih osoba";"1.1.001    1.OPĆI PRIHODI I PRIMICI";"372240 Prehrana";"1020 Starost";"11-2025";"USL. ORGANIZIR.PREHRANE ZA 11 MJ 25/0004556";"2025-11-30T00:00:00.000Z";"2025-12-15T00:00:00.000Z";"HR9724020061100108941";"HR00 11-2025"
"GRAD LABIN";"2025-12-30T00:00:00.000Z";"MATAS VEDRAN";"GDPR";"";"JAVNA VATROGASNA POSTROJBA LABIN";"EUR";"181.07";"R0162 Službena putovanja";"100       03        35837 JAVNA VATROGASNA POSTROJBA LABIN";"L01 1003A100004 Financiranje Javne vatrogasne postrojbe Labin";"6.9.000001 6.DONACIJE - PRIHODI KORISNIKA";"321160 Naknade za prijevoz na službenom putu u inozemstvu";"0320 Usluge protupožarne zaštite";"3201569187-5";"JVP - Refundacija po PN 25.27  450-0065579";"2025-12-29T00:00:00.000Z";"2026-01-13T00:00:00.000Z";"";"HR99"
"GRAD LABIN";"2025-12-30T00:00:00.000Z";"MATAS VEDRAN";"GDPR";"";"JAVNA VATROGASNA POSTROJBA LABIN";"EUR";"316.60";"R0162 Službena putovanja";"100       03        35837 JAVNA VATROGASNA POSTROJBA LABIN";"L01 1003A100004 Financiranje Javne vatrogasne postrojbe Labin";"6.9.000001 6.DONACIJE - PRIHODI KORISNIKA";"321120 Dnevnice za službeni put u inozemstvu";"0320 Usluge protupožarne zaštite";"3201569187-5";"JVP - Refundacija po PN 25.27  450-0065579";"2025-12-29T00:00:00.000Z";"2026-01-13T00:00:00.000Z";"";"HR99"
"GRAD LABIN";"2025-12-30T00:00:00.000Z";"HEP OPSKRBA D.O.O.";"63073332379";"ZAGREB";;"EUR";"8.20";"R0353 Troškovi priključaka - električna energija";"400       01 UPRAVNI ODJEL ZA KOMUNALNO GOSPODARSTVO I UPRAVLJANJE IMOVINOM";"L01 4002A400001 Održavanje stambenih prostora";"1.1.001    1.OPĆI PRIHODI I PRIMICI";"322310 Električna energija";"0660 Rashodi vezani za stanovanje i kom. pogodnosti koji nisu drugdje svrstani";"0010375015-251120-7";"POTR. EL. ENERGIJE ZA11 MJ-VINEŽ BB, ID 264825/0004504";"2025-11-30T00:00:00.000Z";"2025-12-23T00:00:00.000Z";"HR2523600001102100146";"HR01 0010375015-251120-7"
"GRAD LABIN";"2025-12-30T00:00:00.000Z";"STUDIO EDIT";"68572574598";"RIJEKA";" UMJETNIČKA ŠKOLA MATKA BRAJŠE RAŠANA";"EUR";"500.00";"R0843 Ostale usluge";"500       03        48478 UMJETNIČKA ŠKOLA MATKA BRAJŠE RAŠANA LABIN";"L01 5002A500003 Financiranje djelatnosti osnovnog školstva";"4.9.000001 4.PRIHODI ZA POSEBNE NAMJENE - PRIHODI KORISNIKA";"323920 Film i izrada fotografija";"0912 Osnovno obrazovanje";"29/PP1/1";"UŠ-USLUGA SNIMANJA, DAN ŠKOLE-505";"2025-11-14T00:00:00.000Z";"2026-01-03T00:00:00.000Z";"HR6224020061140439843";"HR00 29-1-1"
"GRAD LABIN";"2025-12-30T00:00:00.000Z";"HEP OPSKRBA D.O.O.";"63073332379";"ZAGREB";;"EUR";"3.05";"R0353 Troškovi priključaka - električna energija";"400       01 UPRAVNI ODJEL ZA KOMUNALNO GOSPODARSTVO I UPRAVLJANJE IMOVINOM";"L01 4002A400001 Održavanje stambenih prostora";"1.1.001    1.OPĆI PRIHODI I PRIMICI";"322310 Električna energija";"0660 Rashodi vezani za stanovanje i kom. pogodnosti koji nisu drugdje svrstani";"0010305936-251120-8";"POTR. EL. ENERGIJE ZA11 MJ-PRILAZ VETVA 14, ID264725/0004503";"2025-11-30T00:00:00.000Z";"2025-12-23T00:00:00.000Z";"HR2523600001102100146";"HR01 0010305936-251120-8"
"GRAD LABIN";"2025-12-30T00:00:00.000Z";"PRIVREDNA BANKA ZAGREB D.D.";"GDPR";"";" DJEČJI VRTIĆ PJERINA VERBANAC";"EUR";"501.80";"R0559 Otplata glavnice primljenih kredita od kreditnih institucija u javnom sektoru -DV";"500       02        35812 DJEČJI VRTIĆ PJERINA VERBANAC";"L01 5001A500002 Odgojno, administrativno i tehničko osoblje";"4.9.000001 4.PRIHODI ZA POSEBNE NAMJENE - PRIHODI KORISNIKA";"542221 DV - Otplata gl.primljenih kredita od kred. institucija u jav. sek. - dug. /HABOR/";"";"25/00722";"DV-KAMATA NA KREDIT IV KVARTAL";"2025-12-29T00:00:00.000Z";"2025-12-31T00:00:00.000Z";"";"HR99"
"GRAD LABIN";"2025-12-30T00:00:00.000Z";"IDS - ISTARSKI DEMOKRATSKI SABOR";"16964251485";"PULA";;"EUR";"500.00";"R0043 Istarski demokratski sabor - IDS";"100       01 UPRAVNI ODJEL ZA POSLOVE GRADONAČELNIKA, GRADSKO VIJEĆE I OPĆE POSLOVE";"L01 1001A100006 Financiranje političkih stranaka";"1.1.001    1.OPĆI PRIHODI I PRIMICI";"381140 Tekuće donacije udrugama i političkim strankama";"0840 Religijske i druge službe zajednice";"01.12-31.12.";"SRED. ZA RADPOLITIČKIH STRANAKA01.12-31.12.2025. 25/0004559";"2025-12-22T00:00:00.000Z";"2025-12-31T00:00:00.000Z";"HR6523800061140020400";"HR00 12-2025"
"GRAD LABIN";"2025-12-30T00:00:00.000Z";"HEP OPSKRBA D.O.O.";"63073332379";"ZAGREB";"JAVNA VATROGASNA POSTROJBA LABIN";"EUR";"502.47";"R0118 Energija";"100       03        35837 JAVNA VATROGASNA POSTROJBA LABIN";"L01 1003A100004 Financiranje Javne vatrogasne postrojbe Labin";"1.1.001    1.OPĆI PRIHODI I PRIMICI";"322310 Električna energija";"0320 Usluge protupožarne zaštite";"0010014915-251120-6";"JVP - Rn za struju za 11.2025.  429-051";"2025-11-30T00:00:00.000Z";"2025-12-29T00:00:00.000Z";"HR9823400091110112928";"HR01 0010014915-251120-6"
"GRAD LABIN";"2025-12-30T00:00:00.000Z";"PERT DOO ILOK, PODRUŽNICA RIJEKA";"42255248046";"RIJEKA";" DJEČJI VRTIĆ PJERINA VERBANAC";"EUR";"525.14";"R0529-5 Materijal i sirovine";"500       02        35812 DJEČJI VRTIĆ PJERINA VERBANAC";"L01 5001A500002 Odgojno, administrativno i tehničko osoblje";"1.1.001    1.OPĆI PRIHODI I PRIMICI";"322240 Namirnice";"0911 Predškolsko obrazovanje";"42358-1-80";"DV NAMIRNICE";"2025-10-24T00:00:00.000Z";"2025-11-23T00:00:00.000Z";"HR5024020061100667440";"HR00 42358-1-80"
"GRAD LABIN";"2025-12-30T00:00:00.000Z";"KATEDRA ČAKAVSKOG SABORA LABIN";"36950386168";"LABIN";;"EUR";"700.00";"R0435 Tekuće donacije u novcu";"500       01 UPRAVNI ODJEL ZA DRUŠTVENE DJELATNOSTI";"L01 5004A500003 Sufinanciranje projekata kulture";"1.1.001    1.OPĆI PRIHODI I PRIMICI";"381190 Ostale tekuće donacije";"0820 Službe kulture";"15-12-2025";"FIN. PROG. - LABIN UGLAZBI- GLAZBA U LABINU25/0004499";"2025-12-15T00:00:00.000Z";"2025-12-31T00:00:00.000Z";"HR9723900011101363188";"HR00 15-12-2025"
"GRAD LABIN";"2025-12-30T00:00:00.000Z";"JEDINSTVO D.O.O.";"29947239127";"LABIN";"OŠ MATIJE VLAČIĆA LABIN";"EUR";"542.70";"R0619-1 Materijal i sirovine";"500       03        10581 OSNOVNA ŠKOLA MATIJE VLAČIĆA LABIN";"L01 5002A500003 Financiranje djelatnosti osnovnog školstva";"5.9.000001 5. POMOĆI - PRIHODI KORISNIKA GL 02";"322240 Namirnice";"0912 Osnovno obrazovanje";"11102196";"MV-PREHRANA-UR817";"2025-11-21T00:00:00.000Z";"2025-12-30T00:00:00.000Z";"HR4924020061100387225";"HR01 05280-11102196-15"
"GRAD LABIN";"2025-12-30T00:00:00.000Z";"KLGB (DONALD BLAŠKOVIĆ) - FAJDO BEGOVIĆ";"GDPR";"";;"EUR";"100.00";"R0051-10 Kandidacijska lista grupe birača - Fajdo Begović";"100       01 UPRAVNI ODJEL ZA POSLOVE GRADONAČELNIKA, GRADSKO VIJEĆE I OPĆE POSLOVE";"L01 1001A100006 Financiranje političkih stranaka";"1.1.001    1.OPĆI PRIHODI I PRIMICI";"381140 Tekuće donacije udrugama i političkim strankama";"0840 Religijske i druge službe zajednice";"22-12";"SRED. ZA RAD POLIT.STRANAKA ZA 01.12-31-12.202525/0004569";"2025-12-22T00:00:00.000Z";"2025-12-31T00:00:00.000Z";"";"HR99"
"GRAD LABIN";"2025-12-30T00:00:00.000Z";"OŠ IVO LOLA RIBAR";"61381578764";"LABIN";;"EUR";"1179.00";"R0466 Obrok u produženom boravku";"500       01 UPRAVNI ODJEL ZA DRUŠTVENE DJELATNOSTI";"L01 5006A500001 Socijalna zaštita djece i mladih";"1.1.001    1.OPĆI PRIHODI I PRIMICI";"372240 Prehrana";"1040 Obitelj i djeca";"20-2025";"PRODUŽENI BORAVAK ZAPROSINAC 2025 G 25/0004558";"2025-12-31T00:00:00.000Z";"2025-12-31T00:00:00.000Z";"HR4523400091822200000";"HR64 7730-10590-65264-16521"
"GRAD LABIN";"2025-12-30T00:00:00.000Z";"JEDINSTVO D.O.O.";"29947239127";"LABIN";" DJEČJI VRTIĆ PJERINA VERBANAC";"EUR";"553.15";"R0529-5 Materijal i sirovine";"500       02        35812 DJEČJI VRTIĆ PJERINA VERBANAC";"L01 5001A500002 Odgojno, administrativno i tehničko osoblje";"1.1.001    1.OPĆI PRIHODI I PRIMICI";"322240 Namirnice";"0911 Predškolsko obrazovanje";"1692-23-1";"DV NAMIRNICE";"2025-10-25T00:00:00.000Z";"2025-11-24T00:00:00.000Z";"HR4924020061100387225";"HR01 02150-23101692-16"
"GRAD LABIN";"2025-12-30T00:00:00.000Z";"KLGB (DONALD BLAŠKOVIĆ) - MEŠTROVIĆ D.";"GDPR";"";;"EUR";"100.00";"R0051-11 Kandidacijska lista grupe birača - Danijela Meštrović";"100       01 UPRAVNI ODJEL ZA POSLOVE GRADONAČELNIKA, GRADSKO VIJEĆE I OPĆE POSLOVE";"L01 1001A100006 Financiranje političkih stranaka";"1.1.001    1.OPĆI PRIHODI I PRIMICI";"381140 Tekuće donacije udrugama i političkim strankama";"0840 Religijske i druge službe zajednice";"22-12";"SRED. ZA RAD POLIT.STRANAKA ZA 01.12-31-12.202525/0004568";"2025-12-22T00:00:00.000Z";"2025-12-31T00:00:00.000Z";"";"HR99"
"GRAD LABIN";"2025-12-30T00:00:00.000Z";"JEDINSTVO D.O.O.";"29947239127";"LABIN";" DJEČJI VRTIĆ PJERINA VERBANAC";"EUR";"567.53";"R0529-5 Materijal i sirovine";"500       02        35812 DJEČJI VRTIĆ PJERINA VERBANAC";"L01 5001A500002 Odgojno, administrativno i tehničko osoblje";"1.1.001    1.OPĆI PRIHODI I PRIMICI";"322240 Namirnice";"0911 Predškolsko obrazovanje";"1920-11-1";"DV NAMIRNICE";"2025-10-01T00:00:00.000Z";"2025-11-09T00:00:00.000Z";"HR4924020061100387225";"HR01 02150-11101920-19"
"GRAD LABIN";"2025-12-30T00:00:00.000Z";"1.MAJ LABIN D.O.O. LABIN";"23557321379";"LABIN";;"EUR";"132.18";"R0304 Sufinanciranje sanacije i rekonstrukcije odlagališta Cere";"300       01 UPRAVNI ODJEL ZA PROSTORNO UREĐENJE, ZAŠTITU OKOLIŠA I IZDAVANJA AKATA ZA GRADNJU";"L01 3004K300003 Odlagalište komunalnog otpada Cere";"4.5.002    4. NAKNADA ZA SANACIJU DEPONIJA CERE";"386120 Kapitalne pomoći trgovačkim društvima u javnom sektoru";"0510 Gospodarenje otpadom";"3012";"KOMP. 1.MAJ SANACIJADEPONIJA CERE UR 4617";"2025-12-30T00:00:00.000Z";"2025-12-31T00:00:00.000Z";"HR4523400091822200000";"HR68 5789-19041331726"
"GRAD LABIN";"2025-12-30T00:00:00.000Z";"KLGB (DONALD BLAŠKOVIĆ) - MILOŠEVIĆ V.";"GDPR";"";;"EUR";"100.00";"R0051-9 Kandidacijska lista grupe birača - Vladimir Milošević";"100       01 UPRAVNI ODJEL ZA POSLOVE GRADONAČELNIKA, GRADSKO VIJEĆE I OPĆE POSLOVE";"L01 1001A100006 Financiranje političkih stranaka";"1.1.001    1.OPĆI PRIHODI I PRIMICI";"381140 Tekuće donacije udrugama i političkim strankama";"0840 Religijske i druge službe zajednice";"22-12";"SRED. ZA RAD POLIT.STRANAKA ZA 01.12-31-12.202525/0004567";"2025-12-22T00:00:00.000Z";"2025-12-31T00:00:00.000Z";"";"HR99"
"GRAD LABIN";"2025-12-30T00:00:00.000Z";"OPG LARI JURIČIĆ";"GDPR";"";"VIJEĆE SRPSKE NACIONALNE MANJINE";"EUR";"581.25";"R0111 Ostali nespomenuti rashodi poslovanja";"100       02        47756 VIJEĆE SRPSKE NACIONALNE MANJINE U GRADU LABINU";"L01 1004A100001 Poslovi redovne djelatnosti nacionalnih manjina";"1.1.001    1.OPĆI PRIHODI I PRIMICI";"329910 Rashodi protokola (vijenci, cvijeće, svijeće i slično)";"0840 Religijske i druge službe zajednice";"220-1-1";"VSNM/POKLONPAKETI/118-74853 25/0000118";"2025-12-12T00:00:00.000Z";"2025-12-27T00:00:00.000Z";"";"HR99"
"GRAD LABIN";"2025-12-30T00:00:00.000Z";"JEDINSTVO D.O.O.";"29947239127";"LABIN";"OŠ MATIJE VLAČIĆA LABIN";"EUR";"604.19";"R0619-1 Materijal i sirovine";"500       03        10581 OSNOVNA ŠKOLA MATIJE VLAČIĆA LABIN";"L01 5002A500003 Financiranje djelatnosti osnovnog školstva";"5.9.000001 5. POMOĆI - PRIHODI KORISNIKA GL 02";"322240 Namirnice";"0912 Osnovno obrazovanje";"11102334";"MV-PREHRANA-UR838";"2025-12-01T00:00:00.000Z";"2026-01-09T00:00:00.000Z";"HR4924020061100387225";"HR01 05280-11102334-13"
"GRAD LABIN";"2025-12-30T00:00:00.000Z";"KLGB (DONALD BLAŠKOVIĆ) - TOMIĆ MATEO";"GDPR";"";;"EUR";"100.00";"R0051-8 Kandidacijska lista grupe birača - Mateo Tomić";"100       01 UPRAVNI ODJEL ZA POSLOVE GRADONAČELNIKA, GRADSKO VIJEĆE I OPĆE POSLOVE";"L01 1001A100006 Financiranje političkih stranaka";"1.1.001    1.OPĆI PRIHODI I PRIMICI";"381140 Tekuće donacije udrugama i političkim strankama";"0840 Religijske i druge službe zajednice";"22-12";"SRED. ZA RAD POLIT.STRANAKA ZA 01.12-31-12.202525/0004566";"2025-12-22T00:00:00.000Z";"2025-12-31T00:00:00.000Z";"";"HR99"
"GRAD LABIN";"2025-12-30T00:00:00.000Z";"ALCA ZAGREB D.O.O.";"58353015102";"ZAGREB";"OŠ MATIJE VLAČIĆA LABIN";"EUR";"614.44";"R0636 Uredski materijal i ostali materijalni rashodi";"500       03        10581 OSNOVNA ŠKOLA MATIJE VLAČIĆA LABIN";"L01 5002A500004 Produženi boravak";"4.9.000001 4.PRIHODI ZA POSEBNE NAMJENE - PRIHODI KORISNIKA";"322160 Materijal za higijenske potrebe i njegu";"0912 Osnovno obrazovanje";"125124/711100/1";"MV-URED.MAT-UR843";"2025-12-02T00:00:00.000Z";"2026-01-01T00:00:00.000Z";"HR7123900011100926671";"HR00 1250-23118769-25"
"GRAD LABIN";"2025-12-30T00:00:00.000Z";"JEDINSTVO D.O.O.";"29947239127";"LABIN";" DJEČJI VRTIĆ PJERINA VERBANAC";"EUR";"620.55";"R0529-5 Materijal i sirovine";"500       02        35812 DJEČJI VRTIĆ PJERINA VERBANAC";"L01 5001A500002 Odgojno, administrativno i tehničko osoblje";"1.1.001    1.OPĆI PRIHODI I PRIMICI";"322240 Namirnice";"0911 Predškolsko obrazovanje";"1988-11-1";"DV NAMIRNICE";"2025-10-21T00:00:00.000Z";"2025-11-30T00:00:00.000Z";"HR4924020061100387225";"HR01 02150-11101988-15"
"GRAD LABIN";"2025-12-30T00:00:00.000Z";"KLGB (DONALD BLAŠKOVIĆ) - DAMIR K.B.";"GDPR";"";;"EUR";"100.00";"R0051-7 Kandidacijska lista grupe birača - Damir Kadoić Balaško";"100       01 UPRAVNI ODJEL ZA POSLOVE GRADONAČELNIKA, GRADSKO VIJEĆE I OPĆE POSLOVE";"L01 1001A100006 Financiranje političkih stranaka";"1.1.001    1.OPĆI PRIHODI I PRIMICI";"381140 Tekuće donacije udrugama i političkim strankama";"0840 Religijske i druge službe zajednice";"22-12";"SRED. ZA RAD POLIT.STRANAKA ZA 01.12-31-12.202525/0004565";"2025-12-22T00:00:00.000Z";"2025-12-31T00:00:00.000Z";"";"HR99"
"GRAD LABIN";"2025-12-30T00:00:00.000Z";"TV NOVA D.O.O. PROIZVODNJA,PRIJENOS I EMIT.TV PROG";"67336385733";"PULA";" UMJETNIČKA ŠKOLA MATKA BRAJŠE RAŠANA";"EUR";"625.00";"R0840 Usluge promidžbe i informiranja";"500       03        48478 UMJETNIČKA ŠKOLA MATKA BRAJŠE RAŠANA LABIN";"L01 5002A500003 Financiranje djelatnosti osnovnog školstva";"4.9.000001 4.PRIHODI ZA POSEBNE NAMJENE - PRIHODI KORISNIKA";"323390 Ostale usluge promidžbe i informiranja";"0912 Osnovno obrazovanje";"449/1/1";"UŠ-USLUGA REKLAME I PROMOCIJE, DAN ŠKOLE-507";"2025-12-23T00:00:00.000Z";"2026-01-12T00:00:00.000Z";"HR0424070001118034979";"HR00 000449-1208409"
"GRAD LABIN";"2025-12-30T00:00:00.000Z";"KLGB (DONALD BLAŠKOVIĆ) - VEDRANA C.F.";"GDPR";"";;"EUR";"100.00";"R0051-6 Kandidacijska lista grupe birača - Vedrana Faraguna Cvečić";"100       01 UPRAVNI ODJEL ZA POSLOVE GRADONAČELNIKA, GRADSKO VIJEĆE I OPĆE POSLOVE";"L01 1001A100006 Financiranje političkih stranaka";"1.1.001    1.OPĆI PRIHODI I PRIMICI";"381140 Tekuće donacije udrugama i političkim strankama";"0840 Religijske i druge službe zajednice";"22-12";"SRED. ZA RAD POLIT.STRANAKA ZA 01.12-31-12.202525/0004564";"2025-12-22T00:00:00.000Z";"2025-12-31T00:00:00.000Z";"";"HR99"
"GRAD LABIN";"2025-12-30T00:00:00.000Z";"LABIN 2000 D.O.O.";"93779491456";"LABIN";" UMJETNIČKA ŠKOLA MATKA BRAJŠE RAŠANA";"EUR";"327.20";"R0843 Ostale usluge";"500       03        48478 UMJETNIČKA ŠKOLA MATKA BRAJŠE RAŠANA LABIN";"L01 5002A500003 Financiranje djelatnosti osnovnog školstva";"4.9.000001 4.PRIHODI ZA POSEBNE NAMJENE - PRIHODI KORISNIKA";"323990 Ostale nespomenute usluge";"0912 Osnovno obrazovanje";"316/1/1";"UŠ-NAKNDA ZA JAVNU NABAVU, LOŽ ULJE-494";"2025-11-30T00:00:00.000Z";"2025-12-30T00:00:00.000Z";"HR2023400091110367599";"HR00 1624-316-10"
"GRAD LABIN";"2025-12-30T00:00:00.000Z";"LABIN 2000 D.O.O.";"93779491456";"LABIN";" UMJETNIČKA ŠKOLA MATKA BRAJŠE RAŠANA";"EUR";"300.00";"R0859 Ostale usluge";"500       03        48478 UMJETNIČKA ŠKOLA MATKA BRAJŠE RAŠANA LABIN";"L01 5002A500003 Financiranje djelatnosti osnovnog školstva";"5.1.001 5. POTPORE ZA DECENTRALIZIRANE FUNKCIJE OSNOVNOG OBRAZOVANJA";"323990 Ostale nespomenute usluge";"0912 Osnovno obrazovanje";"316/1/1";"UŠ-NAKNDA ZA JAVNU NABAVU, LOŽ ULJE-494";"2025-11-30T00:00:00.000Z";"2025-12-30T00:00:00.000Z";"HR2023400091110367599";"HR00 1624-316-10"
"GRAD LABIN";"2025-12-30T00:00:00.000Z";"KLGB (DONALD BLAŠKOVIĆ) - NINO BAŽON";"GDPR";"";;"EUR";"100.00";"R0051-5 Kandidacijska lista grupe birača - Nino Bažon";"100       01 UPRAVNI ODJEL ZA POSLOVE GRADONAČELNIKA, GRADSKO VIJEĆE I OPĆE POSLOVE";"L01 1001A100006 Financiranje političkih stranaka";"1.1.001    1.OPĆI PRIHODI I PRIMICI";"381140 Tekuće donacije udrugama i političkim strankama";"0840 Religijske i druge službe zajednice";"22-12";"SRED. ZA RAD POLIT.STRANAKA ZA 01.12-31-12.202525/0004563";"2025-12-22T00:00:00.000Z";"2025-12-31T00:00:00.000Z";"";"HR99"
"GRAD LABIN";"2025-12-30T00:00:00.000Z";"LABIN 2000 D.O.O.";"93779491456";"LABIN";"PUČKO OTVORENO UČILIŠTE";"EUR";"627.20";"R1052-30 Pristojbe i naknade";"500       04        15577 PUČKO OTVORENO UČILIŠTE LABIN";"L01 5004A500020 Financiranje zajedničkih službi";"1.1.001    1.OPĆI PRIHODI I PRIMICI";"329590 Ostale pristojbe i naknade";"0820 Službe kulture";"317/1/1";"POU - naknada - javna nabava - zajednička - kuf 926";"2025-11-30T00:00:00.000Z";"2025-12-30T00:00:00.000Z";"HR2023400091110367599";"HR00 1145-317-10"
"GRAD LABIN";"2025-12-30T00:00:00.000Z";"SINDIKAT UMIROVLJ. HRV.PODRUŽ. LABIN";"68205802695";"LABIN";;"EUR";"1000.00";"R0527 Tekuće donacije u novcu-neraspoređena sredstva";"500       01 UPRAVNI ODJEL ZA DRUŠTVENE DJELATNOSTI";"L01 5009A500001 Financiranje udruga građana";"1.1.001    1.OPĆI PRIHODI I PRIMICI";"3811904 Tekuća donacija Udruga umirovljenika Labin";"0840 Religijske i druge službe zajednice";"19-12-2025";"SRED. ZA FINANC. OVAJ PROGRAM/PROJEKT ""EDUCA 60+"" 25/0004490";"2025-12-19T00:00:00.000Z";"2025-12-31T00:00:00.000Z";"HR8624020061500131028";"HR00 19-12-2025"
"GRAD LABIN";"2025-12-30T00:00:00.000Z";"LIBUSOFT CICOM D.O.O.";"14506572540";"ZAGREB";" DJEČJI VRTIĆ PJERINA VERBANAC";"EUR";"628.61";"R0552 Računalne usluge";"500       02        35812 DJEČJI VRTIĆ PJERINA VERBANAC";"L01 5001A500002 Odgojno, administrativno i tehničko osoblje";"4.9.000001 4.PRIHODI ZA POSEBNE NAMJENE - PRIHODI KORISNIKA";"323890 Ostale računalne usluge";"0911 Predškolsko obrazovanje";"101RAČ-04--25/0016305";"DV-ODRŽAVANJE APLIKACIJA 11/25";"2025-11-14T00:00:00.000Z";"2025-11-29T00:00:00.000Z";"HR4123600001101337826";"HR00 16305"
"GRAD LABIN";"2025-12-30T00:00:00.000Z";"GRAD LABIN";"19041331726";"LABIN";;"EUR";"33.31";"R0012 Komunalne usluge";"100       01 UPRAVNI ODJEL ZA POSLOVE GRADONAČELNIKA, GRADSKO VIJEĆE I OPĆE POSLOVE";"L01 1001A100001 Redovna djelatnost upravnih odjela";"1.1.001    1.OPĆI PRIHODI I PRIMICI";"323492 Vodoprivredna naknada";"0133 Ostale opće usluge";"7448945";"NAKNADA ZA UREĐENJE VODA ZA 12/25 - GRADSKA UPRAVA 25/0004227";"2025-12-01T00:00:00.000Z";"2025-12-25T00:00:00.000Z";"HR4523400091822200000";"HR24 5770-7448945-0000280"
"GRAD LABIN";"2025-12-30T00:00:00.000Z";"KLGB (DONALD BLAŠKOVIĆ) - NENA RUŽIĆ";"GDPR";"";;"EUR";"100.00";"R0051-4 Kandidacijska lista grupe birača - Nena Ružić";"100       01 UPRAVNI ODJEL ZA POSLOVE GRADONAČELNIKA, GRADSKO VIJEĆE I OPĆE POSLOVE";"L01 1001A100006 Financiranje političkih stranaka";"1.1.001    1.OPĆI PRIHODI I PRIMICI";"381140 Tekuće donacije udrugama i političkim strankama";"0840 Religijske i druge službe zajednice";"22-12";"SRED. ZA RAD POLIT.STRANAKA ZA 01.12-31-12.202525/0004562";"2025-12-22T00:00:00.000Z";"2025-12-31T00:00:00.000Z";"";"HR99"
"GRAD LABIN";"2025-12-30T00:00:00.000Z";"POLIKLINIKA MEDICO RIJEKA";"57951842896";"RIJEKA";" UMJETNIČKA ŠKOLA MATKA BRAJŠE RAŠANA";"EUR";"640.00";"R0857 Zdravstvene i veterinarske usluge";"500       03        48478 UMJETNIČKA ŠKOLA MATKA BRAJŠE RAŠANA LABIN";"L01 5002A500003 Financiranje djelatnosti osnovnog školstva";"5.1.001 5. POTPORE ZA DECENTRALIZIRANE FUNKCIJE OSNOVNOG OBRAZOVANJA";"323610 Obvezni i preventivni zdravstveni pregledi zaposlenika";"0912 Osnovno obrazovanje";"125/POSL2/318";"UŠ-OBVEZNI SISTEMATSKI PREGLED DJELATNIKA-495";"2025-12-18T00:00:00.000Z";"2026-01-02T00:00:00.000Z";"HR3723600001101530152";"HR00 5-2-318"
"GRAD LABIN";"2025-12-30T00:00:00.000Z";"GRAD LABIN";"19041331726";"LABIN";;"EUR";"2.09";"R0012 Komunalne usluge";"100       01 UPRAVNI ODJEL ZA POSLOVE GRADONAČELNIKA, GRADSKO VIJEĆE I OPĆE POSLOVE";"L01 1001A100001 Redovna djelatnost upravnih odjela";"1.1.001    1.OPĆI PRIHODI I PRIMICI";"323492 Vodoprivredna naknada";"0133 Ostale opće usluge";"7448821";"NAKNADA ZA UREĐENJE VODA ZA 12/25 - TRG LAB.RUDARA BB 25/0004228";"2025-12-01T00:00:00.000Z";"2025-12-25T00:00:00.000Z";"HR4523400091822200000";"HR24 5770-7448821-0000280"
"GRAD LABIN";"2025-12-30T00:00:00.000Z";"LIGA PROTIV RAKA LABIN";"49266514012";"LABIN";;"EUR";"1900.00";"R0504 Tekuće donacije u novcu-neraspoređena sredstva";"500       01 UPRAVNI ODJEL ZA DRUŠTVENE DJELATNOSTI";"L01 5006A500008 Programi udruga i ustanova u području soc.skrbi";"1.1.001    1.OPĆI PRIHODI I PRIMICI";"38119912 Tekuće donacije Udruzi ""Liga protiv raka""";"1070 Socijalna pomoć stanovništvu koje nije obuhvaćeno redovnim socijalnim programima";"15-12-2025";"FIN. PROGRAMA -PSIH.SAV. KORISNIKA DOB. OD MALIGNIHBOLESTI 25/0004498";"2025-12-15T00:00:00.000Z";"2025-12-31T00:00:00.000Z";"HR9524020061100488053";"HR00 15-12-2025"
"GRAD LABIN";"2025-12-30T00:00:00.000Z";"VODOVOD PULA-LABIN d.o.o-PodružnicaLABIN";"19798348108";"LABIN";"JAVNA VATROGASNA POSTROJBA LABIN";"EUR";"661.33";"R0120 Komunalne usluge";"100       03        35837 JAVNA VATROGASNA POSTROJBA LABIN";"L01 1003A100004 Financiranje Javne vatrogasne postrojbe Labin";"1.1.001    1.OPĆI PRIHODI I PRIMICI";"323410 Opskrba vodom";"0320 Usluge protupožarne zaštite";"55121802";"JVP - RN za hidrant Dubrova 431-1000";"2025-11-30T00:00:00.000Z";"2025-12-31T00:00:00.000Z";"HR5524020061500147397";"HR01 55121802-00892-89"
"GRAD LABIN";"2025-12-30T00:00:00.000Z";"TV NOVA D.O.O. PROIZVODNJA,PRIJENOS I EMIT.TV PROG";"67336385733";"PULA";;"EUR";"455.56";"R0024-3 Subvencije trgovačkim društvima i zadrugama izvan javnog sektora";"100       01 UPRAVNI ODJEL ZA POSLOVE GRADONAČELNIKA, GRADSKO VIJEĆE I OPĆE POSLOVE";"L01 1001A100002 Redovna djelatnost  ureda gradonačelnika";"1.1.001    1.OPĆI PRIHODI I PRIMICI";"352210 Subvencije trgovačkim društvima izvan javnog sektora";"0133 Ostale opće usluge";"11-2025";"SUBVENCIJA TRG. DRUŠTVIMA 11/2025 25/0004535";"2025-12-23T00:00:00.000Z";"2025-12-31T00:00:00.000Z";"HR0424070001118034979";"HR00 11-2025"
"GRAD LABIN";"2025-12-30T00:00:00.000Z";"LUČKA UPRAVA RABAC";"43940243528";"RABAC";;"EUR";"3970.47";"R0259 Prijenos Lučkoj upravi Rabac";"300       01 UPRAVNI ODJEL ZA PROSTORNO UREĐENJE, ZAŠTITU OKOLIŠA I IZDAVANJA AKATA ZA GRADNJU";"L01 3003K300002 Rekonstrukcija rive Rabac";"7.1.001    7.PRIHODI OD NEFINANCIJSKE IMOVINE";"386120 Kapitalne pomoći trgovačkim društvima u javnom sektoru";"0451 Cestovni promet";"29-12-2025";"PRIJENOS KAP. DONACIJEZA RIVU RABAC 25/0004614";"2025-12-29T00:00:00.000Z";"2025-12-31T00:00:00.000Z";"HR2224020061100107963";"HR00 12-2025"
"GRAD LABIN";"2025-12-30T00:00:00.000Z";"CIK DR.BOŽO MILANOVIĆ D.O.O. RADIO ISTRA";"63397242948";"PAZIN";;"EUR";"311.11";"R0024-3 Subvencije trgovačkim društvima i zadrugama izvan javnog sektora";"100       01 UPRAVNI ODJEL ZA POSLOVE GRADONAČELNIKA, GRADSKO VIJEĆE I OPĆE POSLOVE";"L01 1001A100002 Redovna djelatnost  ureda gradonačelnika";"1.1.001    1.OPĆI PRIHODI I PRIMICI";"352210 Subvencije trgovačkim društvima izvan javnog sektora";"0133 Ostale opće usluge";"11-2025";"SUBVENCIJA TRG. DRUŠTVIMA 11/2025 25/0004534";"2025-12-23T00:00:00.000Z";"2025-12-31T00:00:00.000Z";"HR2224020061100110679";"HR00 11-2025"
"GRAD LABIN";"2025-12-30T00:00:00.000Z";"LABIN 2000 D.O.O.";"93779491456";"LABIN";"GRADSKA KNJIŽNICA LABIN";"EUR";"743.89";"R1063 Intelektualne i osobne usluge";"500       04        42266 GRADSKA KNJIŽNICA LABIN";"L01 5004A500013 Financiranje redovne djelatnosti knjižnice";"1.1.001    1.OPĆI PRIHODI I PRIMICI";"323790 Ostale intelektualne usluge";"0820 Službe kulture";"321/1/1";"GK-usluge javne nabave za el.energiju-683";"2025-11-30T00:00:00.000Z";"2025-12-30T00:00:00.000Z";"HR2023400091110367599";"HR00 1623-321-10"
"GRAD LABIN";"2025-12-30T00:00:00.000Z";"MOŽEMO! - POLITIČKA PLATFORMA";"56908453917";"ZAGREB";;"EUR";"100.00";"R0051-12 Možemo!";"100       01 UPRAVNI ODJEL ZA POSLOVE GRADONAČELNIKA, GRADSKO VIJEĆE I OPĆE POSLOVE";"L01 1001A100006 Financiranje političkih stranaka";"1.1.001    1.OPĆI PRIHODI I PRIMICI";"381140 Tekuće donacije udrugama i političkim strankama";"0840 Religijske i druge službe zajednice";"01.12-31.12.";"SRED. ZA RADPOLITIČKIH STRANAKA01.12-31.12.2025. 25/0004561";"2025-12-22T00:00:00.000Z";"2025-12-31T00:00:00.000Z";"HR2824020061100920133";"HR00 12-2025"
"GRAD LABIN";"2025-12-30T00:00:00.000Z";"""I.A. MEDIA"" OBRT VL. AHMIČEVIĆ IVANA";"90625517782";"RABAC";;"EUR";"811.11";"R0024-4 Subvencije poljoprivrednicima i obrtnicima";"100       01 UPRAVNI ODJEL ZA POSLOVE GRADONAČELNIKA, GRADSKO VIJEĆE I OPĆE POSLOVE";"L01 1001A100002 Redovna djelatnost  ureda gradonačelnika";"1.1.001    1.OPĆI PRIHODI I PRIMICI";"352320 Subvencije obrtnicima";"0133 Ostale opće usluge";"11-2025";"SUBVENCIJA TRG. DRUŠTVIMA 11/2025 25/0004536";"2025-12-23T00:00:00.000Z";"2025-12-31T00:00:00.000Z";"HR7623800061148002041";"HR00 11-2025"
"GRAD LABIN";"2025-12-30T00:00:00.000Z";"JEDINSTVO D.O.O.";"29947239127";"LABIN";"VIJEĆE SRPSKE NACIONALNE MANJINE";"EUR";"770.74";"R0111 Ostali nespomenuti rashodi poslovanja";"100       02        47756 VIJEĆE SRPSKE NACIONALNE MANJINE U GRADU LABINU";"L01 1004A100001 Poslovi redovne djelatnosti nacionalnih manjina";"1.1.001    1.OPĆI PRIHODI I PRIMICI";"329910 Rashodi protokola (vijenci, cvijeće, svijeće i slično)";"0840 Religijske i druge službe zajednice";"2013-23-1";"VSNM/PROSLAVA POVODOMSV. NIKOLEPRAV.-19.12.2025./119-10825/0000119";"2025-12-12T00:00:00.000Z";"2025-12-27T00:00:00.000Z";"HR4924020061100387225";"HR01 07522-23102013-16"
"GRAD LABIN";"2025-12-30T00:00:00.000Z";"OŠ IVO LOLA RIBAR";"61381578764";"LABIN";;"EUR";"2833.32";"R0401-5 Tekuće pomoći temeljem prijenosa EU sredstava";"500       01 UPRAVNI ODJEL ZA DRUŠTVENE DJELATNOSTI";"L01 5002T500006 Ravnomj. socijalna i obrazovna inkluzija učen. s teškoćama u razvoju IV -Projekt RAST IV";"5.4.001 5. TEKUĆE POMOĆI IZ DRŽAVNOG PRORAČUNA";"368137 OŠ Ivo Lola Ribar-Tekuće pomoći pror. koris. gradskih proračuna temeljem prij. EU sredst";"0912 Osnovno obrazovanje";"13-11-2025";"PROJEKT RAST IV25/0004575";"2025-11-13T00:00:00.000Z";"2025-12-31T00:00:00.000Z";"HR4523400091822200000";"HR26 7960-086-61381578764"
"GRAD LABIN";"2025-12-30T00:00:00.000Z";"RADIO LABIN D.O.O.";"76567298947";"LABIN";;"EUR";"888.89";"R0024-3 Subvencije trgovačkim društvima i zadrugama izvan javnog sektora";"100       01 UPRAVNI ODJEL ZA POSLOVE GRADONAČELNIKA, GRADSKO VIJEĆE I OPĆE POSLOVE";"L01 1001A100002 Redovna djelatnost  ureda gradonačelnika";"1.1.001    1.OPĆI PRIHODI I PRIMICI";"352210 Subvencije trgovačkim društvima izvan javnog sektora";"0133 Ostale opće usluge";"11-2025";"SUBVENCIJA TRG. DRUŠTVIMA 11/2025 25/0004537";"2025-12-23T00:00:00.000Z";"2025-12-31T00:00:00.000Z";"HR6324850031100242218";"HR00 11-2025"
"GRAD LABIN";"2025-12-30T00:00:00.000Z";"MORAL MESNICA OBRT - BURULČIĆ  MORENO";"GDPR";"";" DJEČJI VRTIĆ PJERINA VERBANAC";"EUR";"415.36";"R0532 Materijal i sirovine";"500       02        35812 DJEČJI VRTIĆ PJERINA VERBANAC";"L01 5001A500002 Odgojno, administrativno i tehničko osoblje";"3.9.000001 3.VLASTITI PRIHODI - PRIHODI KORISNIKA";"322240 Namirnice";"0911 Predškolsko obrazovanje";"476/77/1";"DV-NAMIRNICE";"2025-11-11T00:00:00.000Z";"2025-11-29T00:00:00.000Z";"";"HR99"
"GRAD LABIN";"2025-12-30T00:00:00.000Z";"MORAL MESNICA OBRT - BURULČIĆ  MORENO";"GDPR";"";" DJEČJI VRTIĆ PJERINA VERBANAC";"EUR";"383.66";"R0540 Materijal i sirovine";"500       02        35812 DJEČJI VRTIĆ PJERINA VERBANAC";"L01 5001A500002 Odgojno, administrativno i tehničko osoblje";"4.9.000001 4.PRIHODI ZA POSEBNE NAMJENE - PRIHODI KORISNIKA";"322240 Namirnice";"0911 Predškolsko obrazovanje";"476/77/1";"DV-NAMIRNICE";"2025-11-11T00:00:00.000Z";"2025-11-29T00:00:00.000Z";"";"HR99"
"GRAD LABIN";"2025-12-30T00:00:00.000Z";"VODOVOD PULA-LABIN d.o.o-PodružnicaLABIN";"19798348108";"LABIN";;"EUR";"5.45";"R0350-59 Utrošak vode za zalijevanje javnih zelenih površina";"400       01 UPRAVNI ODJEL ZA KOMUNALNO GOSPODARSTVO I UPRAVLJANJE IMOVINOM";"L01 4001A400016 Održavanje građevina, uređaja i predmeta javne namjene";"4.6.001    4. KOMUNALNA NAKNADA";"323410 Opskrba vodom";"0660 Rashodi vezani za stanovanje i kom. pogodnosti koji nisu drugdje svrstani";"55101618";"VODA ZA 10/25- JAVNA SLAVINA KOD SV.ANDRIJE RABAC-ID 2422 25/0004126";"2025-10-31T00:00:00.000Z";"2025-11-28T00:00:00.000Z";"HR5524020061500147397";"HR01 55101618-80004-80"
"GRAD LABIN";"2025-12-30T00:00:00.000Z";"OŠ MATIJE VLAČIĆA";"70312178512";"LABIN";;"EUR";"3541.65";"R0401-5 Tekuće pomoći temeljem prijenosa EU sredstava";"500       01 UPRAVNI ODJEL ZA DRUŠTVENE DJELATNOSTI";"L01 5002T500006 Ravnomj. socijalna i obrazovna inkluzija učen. s teškoćama u razvoju IV -Projekt RAST IV";"5.4.001 5. TEKUĆE POMOĆI IZ DRŽAVNOG PRORAČUNA";"368136 OŠ Matije Vlačića-Tekuće pomoći pror. koris. gradskih proračuna temeljem prij. EU sredst";"0912 Osnovno obrazovanje";"13-11-2025";"PROJEKT RAST IV25/0004574";"2025-11-13T00:00:00.000Z";"2025-12-31T00:00:00.000Z";"HR4523400091822200000";"HR26 7960-086-70312178512"
"GRAD LABIN";"2025-12-30T00:00:00.000Z";"VODOVOD PULA-LABIN d.o.o-PodružnicaLABIN";"19798348108";"LABIN";;"EUR";"8.29";"R0350-59 Utrošak vode za zalijevanje javnih zelenih površina";"400       01 UPRAVNI ODJEL ZA KOMUNALNO GOSPODARSTVO I UPRAVLJANJE IMOVINOM";"L01 4001A400016 Održavanje građevina, uređaja i predmeta javne namjene";"4.6.001    4. KOMUNALNA NAKNADA";"323410 Opskrba vodom";"0660 Rashodi vezani za stanovanje i kom. pogodnosti koji nisu drugdje svrstani";"55110884";"VODA ZA 10/25- IGRALIŠTE PRESIKA JAVNA SLAVINA - ID 2420 25/0004128";"2025-10-31T00:00:00.000Z";"2025-11-28T00:00:00.000Z";"HR5524020061500147397";"HR01 55110884-80004-82"
"GRAD LABIN";"2025-12-30T00:00:00.000Z";"JEDINSTVO D.O.O.";"29947239127";"LABIN";" UMJETNIČKA ŠKOLA MATKA BRAJŠE RAŠANA";"EUR";"808.46";"R0845 Reprezentacija";"500       03        48478 UMJETNIČKA ŠKOLA MATKA BRAJŠE RAŠANA LABIN";"L01 5002A500003 Financiranje djelatnosti osnovnog školstva";"4.9.000001 4.PRIHODI ZA POSEBNE NAMJENE - PRIHODI KORISNIKA";"329310 Reprezentacija";"0912 Osnovno obrazovanje";"1995-23-1";"UŠ-REPREZENTACIJA, DAN ŠKOLE, BOŽIĆNI KONCERT-506";"2025-12-10T00:00:00.000Z";"2025-12-25T00:00:00.000Z";"HR4924020061100387225";"HR01 05261-23101995-13"
"GRAD LABIN";"2025-12-30T00:00:00.000Z";"PRORAČUN ISTARSKE ŽUPANIJE";"90017522601";"POREČ";;"EUR";"100.00";"R0519-6 Tekuće pomoći proračunskim korisnicima drugih proračuna - smještaj med.osoblja";"500       01 UPRAVNI ODJEL ZA DRUŠTVENE DJELATNOSTI";"L01 5008A500001 Hitna medicinska pomoć";"1.1.001    1.OPĆI PRIHODI I PRIMICI";"366110 Tekuće pomoći proračunskim korisnicima drugih proračuna";"0721 Opće medicinske usluge";"23-12-2025";"SUF. TRIŠ. SMJEŠTAJAZA DJELATNIKE IDZ-CDSI25/0004573";"2025-12-23T00:00:00.000Z";"2025-12-31T00:00:00.000Z";"HR7924020061800018003";"HR65 3816-086-36565-421502"
"GRAD LABIN";"2025-12-30T00:00:00.000Z";"VODOVOD PULA-LABIN d.o.o-PodružnicaLABIN";"19798348108";"LABIN";;"EUR";"9.66";"R0364 Komunalne usluge za poslovne objekte";"400       01 UPRAVNI ODJEL ZA KOMUNALNO GOSPODARSTVO I UPRAVLJANJE IMOVINOM";"L01 4002A400002 Održavanje poslovnih prostora, štandova i privremenih priključaka";"1.1.001    1.OPĆI PRIHODI I PRIMICI";"323411 Opskrba vodom- osn. za priznati predporez";"0490 Ekonomski poslovi koji nisu drugdje svrstani";"55110502";"VODA ZA 10/25- PP A.NEGRI 7 - ID 2421 25/0004127";"2025-10-31T00:00:00.000Z";"2025-11-28T00:00:00.000Z";"HR5524020061500147397";"HR01 55110502-80004-80"
"GRAD LABIN";"2025-12-30T00:00:00.000Z";"UGOVOR O DJELU POZ.440/2020";"           ";"LABIN";;"EUR";"50.00";"R0440 Intelektualne i osobne usluge";"500       01 UPRAVNI ODJEL ZA DRUŠTVENE DJELATNOSTI";"L01 5004A500004 Brendiranje-Praktična realizacija na proj. cakavice, M.Vlačića i rudarstva";"5.5.001 5. TEKUĆE POMOĆI IZ ŽUPANIJSKOG PRORAČUNA";"323710 Autorski honorari";"0820 Službe kulture";"";"UG-440 MLADEN BASTIJANIĆ Za mjesec 12/25";"2025-12-30T00:00:00.000Z";"2025-12-30T00:00:00.000Z";"HR2723400093110657338";"HR69 40002-19041331726-130"
"GRAD LABIN";"2025-12-30T00:00:00.000Z";"SDP SOCIJALDEMOKRATSKA PARTIJA";"02010978731";"ZAGREB";;"EUR";"100.00";"R0044 Socijaldemokratska partija Hrvatske - SDP";"100       01 UPRAVNI ODJEL ZA POSLOVE GRADONAČELNIKA, GRADSKO VIJEĆE I OPĆE POSLOVE";"L01 1001A100006 Financiranje političkih stranaka";"1.1.001    1.OPĆI PRIHODI I PRIMICI";"381140 Tekuće donacije udrugama i političkim strankama";"0840 Religijske i druge službe zajednice";"01.12-31.12.";"SRED. ZA RADPOLITIČKIH STRANAKA01.12-31.12.2025. 25/0004560";"2025-12-22T00:00:00.000Z";"2025-12-31T00:00:00.000Z";"HR0624020061100551832";"HR00 12-2025"
"GRAD LABIN";"2025-12-30T00:00:00.000Z";"TAPESS D.O.O.";"22248533094";"KASTAV";"CENTAR ""LIČE FARAGUNA"" LABIN";"EUR";"830.90";"R0824-19 Uredski materijal i ostali materijalni rashodi";"500       03        10645 CENTAR LIČE FARAGUNA LABIN";"L01 5002A500008 Sufinanciranje boravka djece";"5.9.000004 5. POMOĆI - PRIHODI KORISNIKA -REZULTAT 5.9.000001";"322140 Materijal i sredstva za čišćenje i održavanje";"0912 Osnovno obrazovanje";"17692-1-330";"CLF-466/0160822 MATERIJAL I SREDSTVA ZA ČIŠĆENJE";"2025-12-23T00:00:00.000Z";"2026-01-12T00:00:00.000Z";"HR8623400091110028366";"HR00 25-330-017692"
"GRAD LABIN";"2025-12-30T00:00:00.000Z";"UGOVOR O DJELU POZ.440/2020";"           ";"LABIN";;"EUR";"200.00";"R0440 Intelektualne i osobne usluge";"500       01 UPRAVNI ODJEL ZA DRUŠTVENE DJELATNOSTI";"L01 5004A500004 Brendiranje-Praktična realizacija na proj. cakavice, M.Vlačića i rudarstva";"5.5.001 5. TEKUĆE POMOĆI IZ ŽUPANIJSKOG PRORAČUNA";"323710 Autorski honorari";"0820 Službe kulture";"";"UG-440 DINO BATELIĆ Za mjesec 12/25";"2025-12-30T00:00:00.000Z";"2025-12-30T00:00:00.000Z";"HR9623800063148000352";"HR69 40002-19041331726-130"
"GRAD LABIN";"2025-12-30T00:00:00.000Z";"MATKOVIĆ & ĆAKIĆ D.O.O.";"31298112720";"LABIN";;"EUR";"866.67";"R0024-3 Subvencije trgovačkim društvima i zadrugama izvan javnog sektora";"100       01 UPRAVNI ODJEL ZA POSLOVE GRADONAČELNIKA, GRADSKO VIJEĆE I OPĆE POSLOVE";"L01 1001A100002 Redovna djelatnost  ureda gradonačelnika";"1.1.001    1.OPĆI PRIHODI I PRIMICI";"352210 Subvencije trgovačkim društvima izvan javnog sektora";"0133 Ostale opće usluge";"11-2025";"SUBVENCIJA TRG. DRUŠTVIMA 11/2025 25/0004539";"2025-12-23T00:00:00.000Z";"2025-12-31T00:00:00.000Z";"HR5323600001102214684";"HR00 11-2025"
"GRAD LABIN";"2025-12-30T00:00:00.000Z";"SPORTSKA ZAJEDNICA GRADA LABINA";"40306567483";"LABIN";;"EUR";"500.00";"R0411 Računovodstvo sportskih udruga";"500       01 UPRAVNI ODJEL ZA DRUŠTVENE DJELATNOSTI";"L01 5003A500001 Sufinanciranje Sportske zajednice Grada Labina";"1.1.001    1.OPĆI PRIHODI I PRIMICI";"381150 Tekuće donacije sportskim društvima";"0810 Službe rekreacije i sporta";"8-12-2025";"RAČUNOVODSTVO UDRUGA25/0004621";"2025-12-29T00:00:00.000Z";"2025-12-31T00:00:00.000Z";"HR3723400091110371755";"HR00 8-12"
"GRAD LABIN";"2025-12-30T00:00:00.000Z";"URAVIĆ ELVIS- obrt KOVA PR";"28159222353";"LABIN";;"EUR";"188.89";"R0024-4 Subvencije poljoprivrednicima i obrtnicima";"100       01 UPRAVNI ODJEL ZA POSLOVE GRADONAČELNIKA, GRADSKO VIJEĆE I OPĆE POSLOVE";"L01 1001A100002 Redovna djelatnost  ureda gradonačelnika";"1.1.001    1.OPĆI PRIHODI I PRIMICI";"352320 Subvencije obrtnicima";"0133 Ostale opće usluge";"11-2025";"SUBVENCIJA TRG. DRUŠTVIMA 11/2025 25/0004540";"2025-12-23T00:00:00.000Z";"2025-12-31T00:00:00.000Z";"HR3024070001100056822";"HR00 11-2025"
"GRAD LABIN";"2025-12-30T00:00:00.000Z";"INSPEKT PAZIN D.O.O.";"33665964163";"PAZIN";"GRADSKA KNJIŽNICA LABIN";"EUR";"850.00";"R1061 Usluge tekućeg i investicijskog održavanja";"500       04        42266 GRADSKA KNJIŽNICA LABIN";"L01 5004A500013 Financiranje redovne djelatnosti knjižnice";"1.1.001    1.OPĆI PRIHODI I PRIMICI";"323290 Ostale usluge tekućeg i investicijskog održavanja";"0820 Službe kulture";"5132/1/1";"GK-servis hidranta,vatrodojave,panik rasvjete-686";"2025-12-22T00:00:00.000Z";"2026-01-06T00:00:00.000Z";"HR6723800061147005431";"HR00 12197-5132-10"
"GRAD LABIN";"2025-12-30T00:00:00.000Z";"UGOVOR O DJELU POZ.440/2020";"           ";"LABIN";;"EUR";"70.00";"R0440 Intelektualne i osobne usluge";"500       01 UPRAVNI ODJEL ZA DRUŠTVENE DJELATNOSTI";"L01 5004A500004 Brendiranje-Praktična realizacija na proj. cakavice, M.Vlačića i rudarstva";"5.5.001 5. TEKUĆE POMOĆI IZ ŽUPANIJSKOG PRORAČUNA";"323710 Autorski honorari";"0820 Službe kulture";"";"UG-440 DANIEL MOHOROVIĆ Za mjesec 12/25";"2025-12-30T00:00:00.000Z";"2025-12-30T00:00:00.000Z";"HR9623800063148000352";"HR69 40002-19041331726-130"
"GRAD LABIN";"2025-12-30T00:00:00.000Z";"SPORTSKA ZAJEDNICA GRADA LABINA";"40306567483";"LABIN";;"EUR";"100.00";"R0410 Sportske manifestacije";"500       01 UPRAVNI ODJEL ZA DRUŠTVENE DJELATNOSTI";"L01 5003A500001 Sufinanciranje Sportske zajednice Grada Labina";"1.1.001    1.OPĆI PRIHODI I PRIMICI";"381150 Tekuće donacije sportskim društvima";"0810 Službe rekreacije i sporta";"6-14-2025";"SPORTSKE MANIFESTACIJE2025 25/0004624";"2025-12-24T00:00:00.000Z";"2025-12-31T00:00:00.000Z";"HR3723400091110371755";"HR00 6-14-2025"
"GRAD LABIN";"2025-12-30T00:00:00.000Z";"URAVIĆ ELVIS- obrt KOVA PR";"28159222353";"LABIN";;"EUR";"188.88";"R0024-4 Subvencije poljoprivrednicima i obrtnicima";"100       01 UPRAVNI ODJEL ZA POSLOVE GRADONAČELNIKA, GRADSKO VIJEĆE I OPĆE POSLOVE";"L01 1001A100002 Redovna djelatnost  ureda gradonačelnika";"1.1.001    1.OPĆI PRIHODI I PRIMICI";"352320 Subvencije obrtnicima";"0133 Ostale opće usluge";"12-2025";"SUBVENCIJA TRG. DRUŠTVIMA 12/2025 25/0004541";"2025-12-23T00:00:00.000Z";"2025-12-31T00:00:00.000Z";"HR3024070001100056822";"HR00 12-2025"
"GRAD LABIN";"2025-12-30T00:00:00.000Z";"RIJEKA TRANS D.O.O.";"08418011938";"KUKULJANOVO";" UMJETNIČKA ŠKOLA MATKA BRAJŠE RAŠANA";"EUR";"881.10";"R0831-2 Energija";"500       03        48478 UMJETNIČKA ŠKOLA MATKA BRAJŠE RAŠANA LABIN";"L01 5002A500003 Financiranje djelatnosti osnovnog školstva";"1.1.001    1.OPĆI PRIHODI I PRIMICI";"322390 Ostali materijali za proizvodnju energije (ugljen, drva, teško ulje)";"0912 Osnovno obrazovanje";"3600/20/1";"UŠ-LOŽ ULJE-489";"2025-12-16T00:00:00.000Z";"2026-01-15T00:00:00.000Z";"HR2724020061100582591";"HR00 3600"
"GRAD LABIN";"2025-12-30T00:00:00.000Z";"UGOVOR O DJELU POZ.440/2020";"           ";"LABIN";;"EUR";"70.00";"R0440 Intelektualne i osobne usluge";"500       01 UPRAVNI ODJEL ZA DRUŠTVENE DJELATNOSTI";"L01 5004A500004 Brendiranje-Praktična realizacija na proj. cakavice, M.Vlačića i rudarstva";"5.5.001 5. TEKUĆE POMOĆI IZ ŽUPANIJSKOG PRORAČUNA";"323710 Autorski honorari";"0820 Službe kulture";"";"UG-440 LEA SALAMUN Za mjesec 12/25";"2025-12-30T00:00:00.000Z";"2025-12-30T00:00:00.000Z";"HR7324020063211488876";"HR69 40002-19041331726-130"
"GRAD LABIN";"2025-12-30T00:00:00.000Z";"SPORTSKA ZAJEDNICA GRADA LABINA";"40306567483";"LABIN";;"EUR";"90.00";"R0413 Liječnički pregledi sportaša";"500       01 UPRAVNI ODJEL ZA DRUŠTVENE DJELATNOSTI";"L01 5003A500001 Sufinanciranje Sportske zajednice Grada Labina";"1.1.001    1.OPĆI PRIHODI I PRIMICI";"381150 Tekuće donacije sportskim društvima";"0810 Službe rekreacije i sporta";"10-22-2025";"LIJEČNIČKI PREGLEDISPORTAŠA 25/0004623";"2025-12-24T00:00:00.000Z";"2025-12-31T00:00:00.000Z";"HR3723400091110371755";"HR00 10-22-2025"
"GRAD LABIN";"2025-12-30T00:00:00.000Z";"TV NOVA D.O.O. PROIZVODNJA,PRIJENOS I EMIT.TV PROG";"67336385733";"PULA";;"EUR";"455.52";"R0024-3 Subvencije trgovačkim društvima i zadrugama izvan javnog sektora";"100       01 UPRAVNI ODJEL ZA POSLOVE GRADONAČELNIKA, GRADSKO VIJEĆE I OPĆE POSLOVE";"L01 1001A100002 Redovna djelatnost  ureda gradonačelnika";"1.1.001    1.OPĆI PRIHODI I PRIMICI";"352210 Subvencije trgovačkim društvima izvan javnog sektora";"0133 Ostale opće usluge";"12-2025";"SUBVENCIJA TRG. DRUŠTVIMA 12/2025 25/0004542";"2025-12-23T00:00:00.000Z";"2025-12-31T00:00:00.000Z";"HR0424070001118034979";"HR00 12-2025"
"GRAD LABIN";"2025-12-30T00:00:00.000Z";"UGOVOR O DJELU POZ.440/2020";"           ";"LABIN";;"EUR";"300.00";"R0440 Intelektualne i osobne usluge";"500       01 UPRAVNI ODJEL ZA DRUŠTVENE DJELATNOSTI";"L01 5004A500004 Brendiranje-Praktična realizacija na proj. cakavice, M.Vlačića i rudarstva";"5.5.001 5. TEKUĆE POMOĆI IZ ŽUPANIJSKOG PRORAČUNA";"323710 Autorski honorari";"0820 Službe kulture";"";"UG-440 MARČELA  RAJKOVIĆ  Za mjesec 12/25";"2025-12-30T00:00:00.000Z";"2025-12-30T00:00:00.000Z";"HR1524020063205703579";"HR69 40002-19041331726-130"
"GRAD LABIN";"2025-12-30T00:00:00.000Z";"RASPOR NATAŠA";"GDPR";"";"GRADSKA KNJIŽNICA LABIN";"EUR";"900.00";"R1087-7 Intelektualne i osobne usluge";"500       04        42266 GRADSKA KNJIŽNICA LABIN";"L01 5004A500013 Financiranje redovne djelatnosti knjižnice";"4.9.000002 4.PRIHODI ZA POSEBNE NAMJENE-REZULTAT";"323720 Ugovori o djelu";"0820 Službe kulture";"25/00325";"GK - UG. O DJELU - NATAŠA RASPOR";"2025-12-29T00:00:00.000Z";"2025-12-30T00:00:00.000Z";"";"HR99"
"GRAD LABIN";"2025-12-30T00:00:00.000Z";"CIK DR.BOŽO MILANOVIĆ D.O.O. RADIO ISTRA";"63397242948";"PAZIN";;"EUR";"311.12";"R0024-3 Subvencije trgovačkim društvima i zadrugama izvan javnog sektora";"100       01 UPRAVNI ODJEL ZA POSLOVE GRADONAČELNIKA, GRADSKO VIJEĆE I OPĆE POSLOVE";"L01 1001A100002 Redovna djelatnost  ureda gradonačelnika";"1.1.001    1.OPĆI PRIHODI I PRIMICI";"352210 Subvencije trgovačkim društvima izvan javnog sektora";"0133 Ostale opće usluge";"12-2025";"SUBVENCIJA TRG. DRUŠTVIMA 12/2025 25/0004543";"2025-12-23T00:00:00.000Z";"2025-12-31T00:00:00.000Z";"HR2224020061100110679";"HR00 12-2025"
"GRAD LABIN";"2025-12-30T00:00:00.000Z";"SPORTSKA ZAJEDNICA GRADA LABINA";"40306567483";"LABIN";;"EUR";"300.00";"R0413 Liječnički pregledi sportaša";"500       01 UPRAVNI ODJEL ZA DRUŠTVENE DJELATNOSTI";"L01 5003A500001 Sufinanciranje Sportske zajednice Grada Labina";"1.1.001    1.OPĆI PRIHODI I PRIMICI";"381150 Tekuće donacije sportskim društvima";"0810 Službe rekreacije i sporta";"10-23-2025";"LIJEČNIČKI PREGLEDISPORTAŠA 25/0004622";"2025-12-24T00:00:00.000Z";"2025-12-31T00:00:00.000Z";"HR3723400091110371755";"HR00 10-23-2025"
"GRAD LABIN";"2025-12-30T00:00:00.000Z";"RADIO LABIN D.O.O.";"76567298947";"LABIN";;"EUR";"888.88";"R0024-3 Subvencije trgovačkim društvima i zadrugama izvan javnog sektora";"100       01 UPRAVNI ODJEL ZA POSLOVE GRADONAČELNIKA, GRADSKO VIJEĆE I OPĆE POSLOVE";"L01 1001A100002 Redovna djelatnost  ureda gradonačelnika";"1.1.001    1.OPĆI PRIHODI I PRIMICI";"352210 Subvencije trgovačkim društvima izvan javnog sektora";"0133 Ostale opće usluge";"12-2025";"SUBVENCIJA TRG. DRUŠTVIMA 12/2025 25/0004544";"2025-12-23T00:00:00.000Z";"2025-12-31T00:00:00.000Z";"HR6324850031100242218";"HR00 12-2025"
"GRAD LABIN";"2025-12-30T00:00:00.000Z";"UGOVOR O DJELU POZ.440/2020";"           ";"LABIN";;"EUR";"120.00";"R0440 Intelektualne i osobne usluge";"500       01 UPRAVNI ODJEL ZA DRUŠTVENE DJELATNOSTI";"L01 5004A500004 Brendiranje-Praktična realizacija na proj. cakavice, M.Vlačića i rudarstva";"5.5.001 5. TEKUĆE POMOĆI IZ ŽUPANIJSKOG PRORAČUNA";"323710 Autorski honorari";"0820 Službe kulture";"";"UG-440 IRENE MIKULJAN Za mjesec 12/25";"2025-12-30T00:00:00.000Z";"2025-12-30T00:00:00.000Z";"HR0324020063201521931";"HR69 40002-19041331726-130"
"GRAD LABIN";"2025-12-30T00:00:00.000Z";"SPORTSKA ZAJEDNICA GRADA LABINA";"40306567483";"LABIN";;"EUR";"5463.18";"R0412 Prijevoz sportaša na službena natjecanja";"500       01 UPRAVNI ODJEL ZA DRUŠTVENE DJELATNOSTI";"L01 5003A500001 Sufinanciranje Sportske zajednice Grada Labina";"1.1.001    1.OPĆI PRIHODI I PRIMICI";"381150 Tekuće donacije sportskim društvima";"0810 Službe rekreacije i sporta";"9-11-2025";"PRIJEVOZSPORTAŠA-PROSINAC 25/0004620";"2025-12-29T00:00:00.000Z";"2025-12-31T00:00:00.000Z";"HR3723400091110371755";"HR00 9-11"
"GRAD LABIN";"2025-12-30T00:00:00.000Z";"WIENER OSIGURANJE VIENNA INSURANCE GROUP";"52848403362";"ZAGREB";" DJEČJI VRTIĆ PJERINA VERBANAC";"EUR";"612.73";"R0529-3 Zdravstvene i veterinarske usluge";"500       02        35812 DJEČJI VRTIĆ PJERINA VERBANAC";"L01 5001A500002 Odgojno, administrativno i tehničko osoblje";"1.1.001    1.OPĆI PRIHODI I PRIMICI";"323610 Obvezni i preventivni zdravstveni pregledi zaposlenika";"0911 Predškolsko obrazovanje";"25859619";"DV-ZDR PREGLEDI RADNIKA 9. RATA";"2025-11-13T00:00:00.000Z";"2025-11-21T00:00:00.000Z";"HR4924020061100291680";"HR01 63-25859619-0"
"GRAD LABIN";"2025-12-30T00:00:00.000Z";"WIENER OSIGURANJE VIENNA INSURANCE GROUP";"52848403362";"ZAGREB";" DJEČJI VRTIĆ PJERINA VERBANAC";"EUR";"316.07";"R0565-1 Zdravstvene i veterinarske usluge";"500       02        35812 DJEČJI VRTIĆ PJERINA VERBANAC";"L01 5001A500002 Odgojno, administrativno i tehničko osoblje";"5.9.000002 5. POMOĆI - OPĆINE - PRIHODI KORISNIKA GL 02";"323610 Obvezni i preventivni zdravstveni pregledi zaposlenika";"0911 Predškolsko obrazovanje";"25859619";"DV-ZDR PREGLEDI RADNIKA 9. RATA";"2025-11-13T00:00:00.000Z";"2025-11-21T00:00:00.000Z";"HR4924020061100291680";"HR01 63-25859619-0"
"GRAD LABIN";"2025-12-30T00:00:00.000Z";"""I.A. MEDIA"" OBRT VL. AHMIČEVIĆ IVANA";"90625517782";"RABAC";;"EUR";"811.12";"R0024-4 Subvencije poljoprivrednicima i obrtnicima";"100       01 UPRAVNI ODJEL ZA POSLOVE GRADONAČELNIKA, GRADSKO VIJEĆE I OPĆE POSLOVE";"L01 1001A100002 Redovna djelatnost  ureda gradonačelnika";"1.1.001    1.OPĆI PRIHODI I PRIMICI";"352320 Subvencije obrtnicima";"0133 Ostale opće usluge";"12-2025";"SUBVENCIJA TRG. DRUŠTVIMA 12/2025 25/0004548";"2025-12-23T00:00:00.000Z";"2025-12-31T00:00:00.000Z";"HR7623800061148002041";"HR00 12-2025"
"GRAD LABIN";"2025-12-30T00:00:00.000Z";"UGOVOR O DJELU POZ.440/2020";"           ";"LABIN";;"EUR";"75.00";"R0440 Intelektualne i osobne usluge";"500       01 UPRAVNI ODJEL ZA DRUŠTVENE DJELATNOSTI";"L01 5004A500004 Brendiranje-Praktična realizacija na proj. cakavice, M.Vlačića i rudarstva";"5.5.001 5. TEKUĆE POMOĆI IZ ŽUPANIJSKOG PRORAČUNA";"323710 Autorski honorari";"0820 Službe kulture";"";"UG-440 - Porez i prirez na drugi dohodak Za mjesec 12/25   - RAŠA";"2025-12-30T00:00:00.000Z";"2025-12-30T00:00:00.000Z";"HR9710010051736812009";"HR68 1945-19041331726-25364"
"GRAD LABIN";"2025-12-30T00:00:00.000Z";"POLIKLINIKA MEDICO RIJEKA";"57951842896";"RIJEKA";" UMJETNIČKA ŠKOLA MATKA BRAJŠE RAŠANA";"EUR";"960.00";"R0857 Zdravstvene i veterinarske usluge";"500       03        48478 UMJETNIČKA ŠKOLA MATKA BRAJŠE RAŠANA LABIN";"L01 5002A500003 Financiranje djelatnosti osnovnog školstva";"5.1.001 5. POTPORE ZA DECENTRALIZIRANE FUNKCIJE OSNOVNOG OBRAZOVANJA";"323610 Obvezni i preventivni zdravstveni pregledi zaposlenika";"0912 Osnovno obrazovanje";"390/POSL1/300";"UŠ-OBVEZNI SISTEMATSKI PREGLED DJELATNIKA-496";"2025-12-18T00:00:00.000Z";"2026-01-02T00:00:00.000Z";"HR3723600001101530152";"HR00 390"
"GRAD LABIN";"2025-12-30T00:00:00.000Z";"SPORTSKA ZAJEDNICA GRADA LABINA";"40306567483";"LABIN";;"EUR";"150.00";"R0404 Posebne namjene prema zahtjevima";"500       01 UPRAVNI ODJEL ZA DRUŠTVENE DJELATNOSTI";"L01 5003A500001 Sufinanciranje Sportske zajednice Grada Labina";"1.1.001    1.OPĆI PRIHODI I PRIMICI";"381150 Tekuće donacije sportskim društvima";"0810 Službe rekreacije i sporta";"38-3-2025";"PROGRAM JAVNIH POTREBAU SPORTU 25/0004619";"2025-12-22T00:00:00.000Z";"2025-12-31T00:00:00.000Z";"HR3723400091110371755";"HR00 22-12"
"GRAD LABIN";"2025-12-30T00:00:00.000Z";"MATKOVIĆ & ĆAKIĆ D.O.O.";"31298112720";"LABIN";;"EUR";"866.64";"R0024-3 Subvencije trgovačkim društvima i zadrugama izvan javnog sektora";"100       01 UPRAVNI ODJEL ZA POSLOVE GRADONAČELNIKA, GRADSKO VIJEĆE I OPĆE POSLOVE";"L01 1001A100002 Redovna djelatnost  ureda gradonačelnika";"1.1.001    1.OPĆI PRIHODI I PRIMICI";"352210 Subvencije trgovačkim društvima izvan javnog sektora";"0133 Ostale opće usluge";"12-2025";"SUBVENCIJA TRG. DRUŠTVIMA 12/2025 25/0004552";"2025-12-23T00:00:00.000Z";"2025-12-31T00:00:00.000Z";"HR5323600001102214684";"HR00 12-2025"
"GRAD LABIN";"2025-12-30T00:00:00.000Z";"HEP OPSKRBA D.O.O.";"63073332379";"ZAGREB";;"EUR";"3.07";"R0353 Troškovi priključaka - električna energija";"400       01 UPRAVNI ODJEL ZA KOMUNALNO GOSPODARSTVO I UPRAVLJANJE IMOVINOM";"L01 4002A400001 Održavanje stambenih prostora";"1.1.001    1.OPĆI PRIHODI I PRIMICI";"322310 Električna energija";"0660 Rashodi vezani za stanovanje i kom. pogodnosti koji nisu drugdje svrstani";"5-10/25";"HEP ZA P.VETVA 14 OD 01.5.-31.10.25 - ID 2417 25/0004129";"2025-10-31T00:00:00.000Z";"2025-11-25T00:00:00.000Z";"HR2523600001102100146";"HR01 0010305936-251020-1"
"GRAD LABIN";"2025-12-30T00:00:00.000Z";"UGOVOR O DJELU POZ.440/2020";"           ";"LABIN";;"EUR";"17.50";"R0440 Intelektualne i osobne usluge";"500       01 UPRAVNI ODJEL ZA DRUŠTVENE DJELATNOSTI";"L01 5004A500004 Brendiranje-Praktična realizacija na proj. cakavice, M.Vlačića i rudarstva";"5.5.001 5. TEKUĆE POMOĆI IZ ŽUPANIJSKOG PRORAČUNA";"323710 Autorski honorari";"0820 Službe kulture";"";"UG-440 - Porez i prirez na drugi dohodak Za mjesec 12/25   - KRŠAN";"2025-12-30T00:00:00.000Z";"2025-12-30T00:00:00.000Z";"HR6010010051721712006";"HR68 1945-19041331726-25364"
"GRAD LABIN";"2025-12-30T00:00:00.000Z";"OŠ VIKTOR CAR EMIN LOVRAN";"21940297306";"LOVRAN";" UMJETNIČKA ŠKOLA MATKA BRAJŠE RAŠANA";"EUR";"961.57";"R0869 Zakupnine i najamnine";"500       03        48478 UMJETNIČKA ŠKOLA MATKA BRAJŠE RAŠANA LABIN";"L01 5002A500003 Financiranje djelatnosti osnovnog školstva";"5.9.000001 5. POMOĆI - PRIHODI KORISNIKA GL 02";"323590 Ostale zakupnine i najamnine";"0912 Osnovno obrazovanje";"K60-2025-103";"UŠ-NAJAM ŠKOLSKE DVORANE 12/25-511";"2025-12-29T00:00:00.000Z";"2026-01-05T00:00:00.000Z";"HR9324020061100109207";"HR02 1225-10378588-0001031"
"GRAD LABIN";"2025-12-30T00:00:00.000Z";"STUDIO GLAZ.KREAT.""ČAROBNA FRULA";"81916650425";"PULA";;"EUR";"300.00";"R0527 Tekuće donacije u novcu-neraspoređena sredstva";"500       01 UPRAVNI ODJEL ZA DRUŠTVENE DJELATNOSTI";"L01 5009A500001 Financiranje udruga građana";"1.1.001    1.OPĆI PRIHODI I PRIMICI";"381190 Ostale tekuće donacije";"0840 Religijske i druge službe zajednice";"30122025";"SUFINANCIRANJE UDRUGA2025. 25/0004618";"2025-12-30T00:00:00.000Z";"2025-12-31T00:00:00.000Z";"HR9323900011198018231";"HR00 30122025"
"GRAD LABIN";"2025-12-30T00:00:00.000Z";"HEP OPSKRBA D.O.O.";"63073332379";"ZAGREB";;"EUR";"13.76";"R0353 Troškovi priključaka - električna energija";"400       01 UPRAVNI ODJEL ZA KOMUNALNO GOSPODARSTVO I UPRAVLJANJE IMOVINOM";"L01 4002A400001 Održavanje stambenih prostora";"1.1.001    1.OPĆI PRIHODI I PRIMICI";"322310 Električna energija";"0660 Rashodi vezani za stanovanje i kom. pogodnosti koji nisu drugdje svrstani";"9-10/25";"HEP ZA VINEŽ BB 02.09.-31.10.25. - ID 2389 25/0003768";"2025-10-31T00:00:00.000Z";"2025-11-25T00:00:00.000Z";"HR2523600001102100146";"HR01 0010375015-251020-0"
"GRAD LABIN";"2025-12-30T00:00:00.000Z";"UDRUGA LIJEČENIH ALKOHOLIČARA 2centar ""LABIN""";"90640496921";"LABIN";;"EUR";"1300.00";"R0504 Tekuće donacije u novcu-neraspoređena sredstva";"500       01 UPRAVNI ODJEL ZA DRUŠTVENE DJELATNOSTI";"L01 5006A500008 Programi udruga i ustanova u području soc.skrbi";"1.1.001    1.OPĆI PRIHODI I PRIMICI";"3811999 Tekuće donacije - Udruga liječenih alkoholičara""Centar"" Labin";"1070 Socijalna pomoć stanovništvu koje nije obuhvaćeno redovnim socijalnim programima";"15-12-2025";"SINAN.PROGRAMA-PODRŠKA U LIJEČENJUBOL. I OVIS. O ALKOHOLU25/0004497";"2025-12-15T00:00:00.000Z";"2025-12-31T00:00:00.000Z";"HR6824020061100132064";"HR00 15-12-2025"
"GRAD LABIN";"2025-12-30T00:00:00.000Z";"ALCA ZAGREB D.O.O.";"58353015102";"ZAGREB";" DJEČJI VRTIĆ PJERINA VERBANAC";"EUR";"969.75";"R0529-4 Uredski materijal i ostali materijalni rashodi";"500       02        35812 DJEČJI VRTIĆ PJERINA VERBANAC";"L01 5001A500002 Odgojno, administrativno i tehničko osoblje";"1.1.001    1.OPĆI PRIHODI I PRIMICI";"322140 Materijal i sredstva za čišćenje i održavanje";"0911 Predškolsko obrazovanje";"114492/711100/1";"DV MATERIJAL ZA ODRŽ.";"2025-10-27T00:00:00.000Z";"2025-11-26T00:00:00.000Z";"HR7123900011100926671";"HR00 1250-23108795-25"
"GRAD LABIN";"2025-12-30T00:00:00.000Z";"UGOVOR O DJELU POZ.440/2020";"           ";"LABIN";;"EUR";"30.00";"R0440 Intelektualne i osobne usluge";"500       01 UPRAVNI ODJEL ZA DRUŠTVENE DJELATNOSTI";"L01 5004A500004 Brendiranje-Praktična realizacija na proj. cakavice, M.Vlačića i rudarstva";"5.5.001 5. TEKUĆE POMOĆI IZ ŽUPANIJSKOG PRORAČUNA";"323710 Autorski honorari";"0820 Službe kulture";"";"UG-440 - Porez i prirez na drugi dohodak Za mjesec 12/25   - SVETA NEDELJA (Labin)";"2025-12-30T00:00:00.000Z";"2025-12-30T00:00:00.000Z";"HR5210010051743212006";"HR68 1945-19041331726-25364"
"GRAD LABIN";"2025-12-30T00:00:00.000Z";"ISTARSKA ŽUPANIJA";"90017522601";"LABIN";;"EUR";"7404.35";"R0230 Kapitalne pomoći unutar općeg proračuna";"200       01 UPRAVNI ODJEL ZA PRORAČUN I FINANCIJE";"L01 2001A200004 Županijski centar gospodarenja otpadom ""Kaštijun""";"1.1.001    1.OPĆI PRIHODI I PRIMICI";"363241 Kapitalne pomoći ŽCGO ""Kaštijun""";"0112 Financijski i fiskalni poslovi";"12-12-2025";"SUF. OTPLATE KREDITA ŽCGO KAŠTIJUN - 4.Kvartal 25/0004502";"2025-12-12T00:00:00.000Z";"2025-12-31T00:00:00.000Z";"HR7924020061800018003";"HR68 7404-19041331726-1103"
"GRAD LABIN";"2025-12-30T00:00:00.000Z";"ALCA ZAGREB D.O.O.";"58353015102";"ZAGREB";" DJEČJI VRTIĆ PJERINA VERBANAC";"EUR";"996.40";"R0529-4 Uredski materijal i ostali materijalni rashodi";"500       02        35812 DJEČJI VRTIĆ PJERINA VERBANAC";"L01 5001A500002 Odgojno, administrativno i tehničko osoblje";"1.1.001    1.OPĆI PRIHODI I PRIMICI";"322140 Materijal i sredstva za čišćenje i održavanje";"0911 Predškolsko obrazovanje";"117482/711100/1";"DV MAT.ZA ČIŠĆENJE";"2025-11-05T00:00:00.000Z";"2025-12-05T00:00:00.000Z";"HR7123900011100926671";"HR00 1250-23111631-25"
"GRAD LABIN";"2025-12-30T00:00:00.000Z";"UDRUGA VINARA ""TRS""";"93185475839";"NEDEŠĆINA";;"EUR";"1000.00";"R1109 Tekuće donacije u novcu";"600       01 UPRAVNI ODJEL ZA GOSPODARSTVO I EU PROJEKTE";"L01 6001A600005 Bespovratne potpore i subvencije";"1.1.001    1.OPĆI PRIHODI I PRIMICI";"3811925 Tekuća donacija-Udruga vinogradara i vinara labinštine ""Trs""";"0620 Razvoj zajednice";"19-12-2025";"SUF. PROGRAMA U POD.RAZVOJA MALOG GOSP. 25/0004571";"2025-12-19T00:00:00.000Z";"2025-12-31T00:00:00.000Z";"HR2423400091110884246";"HR00 19-12-2025"
"GRAD LABIN";"2025-12-30T00:00:00.000Z";"PODRUČNA VATROGASNA ZAJEDNICA LABIN";"08413119452";"LABIN";;"EUR";"23000.00";"R0082 Tekuće donacije u novcu - PVZ";"100       01 UPRAVNI ODJEL ZA POSLOVE GRADONAČELNIKA, GRADSKO VIJEĆE I OPĆE POSLOVE";"L01 1003A100002 Financiranje Područne vatrogasne zajednice Labin";"1.1.001    1.OPĆI PRIHODI I PRIMICI";"381190 Ostale tekuće donacije";"0320 Usluge protupožarne zaštite";"15-12-2025";"FINAN. PVZ-A ZA RAZ. 01.10-31.12.2025. 25/0004501";"2025-12-15T00:00:00.000Z";"2025-12-31T00:00:00.000Z";"HR8323600001101852819";"HR00 15-12-2025"
"GRAD LABIN";"2025-12-30T00:00:00.000Z";"UGOVOR O DJELU POZ.440/2020";"           ";"LABIN";;"EUR";"80.00";"R0440 Intelektualne i osobne usluge";"500       01 UPRAVNI ODJEL ZA DRUŠTVENE DJELATNOSTI";"L01 5004A500004 Brendiranje-Praktična realizacija na proj. cakavice, M.Vlačića i rudarstva";"5.5.001 5. TEKUĆE POMOĆI IZ ŽUPANIJSKOG PRORAČUNA";"323710 Autorski honorari";"0820 Službe kulture";"";"UG-440 - Porez i prirez na drugi dohodak Za mjesec 12/25   - LABIN";"2025-12-30T00:00:00.000Z";"2025-12-30T00:00:00.000Z";"HR0310010051722212000";"HR68 1945-19041331726-25364"
"GRAD LABIN";"2025-12-30T00:00:00.000Z";"HRVATIN MASIMO";"04416855825";"LABIN";"GRADSKA KNJIŽNICA LABIN";"EUR";"1000.00";"R1063 Intelektualne i osobne usluge";"500       04        42266 GRADSKA KNJIŽNICA LABIN";"L01 5004A500013 Financiranje redovne djelatnosti knjižnice";"1.1.001    1.OPĆI PRIHODI I PRIMICI";"323720 Ugovori o djelu";"0820 Službe kulture";"25/00320";"GK - UG. O DJELU - MASIMO HRVATIN";"2025-12-29T00:00:00.000Z";"2025-12-30T00:00:00.000Z";"HR5523800063148004194";"HR69 40002-68585857405-130"
"GRAD LABIN";"2025-12-30T00:00:00.000Z";"ISTARSKA ŽUPANIJA";"90017522601";"LABIN";;"EUR";"2313.55";"R0231-1 Kapitalne pomoći Specijalnij bolnici Rovinj";"200       01 UPRAVNI ODJEL ZA PRORAČUN I FINANCIJE";"L01 2001A200006 Specijalna bolnica Rovinj";"1.1.001    1.OPĆI PRIHODI I PRIMICI";"366210 Kapitalne pomoći proračunskim korisnicima drugih proračuna";"0112 Financijski i fiskalni poslovi";"15-12-2025";"SUF. KREDITA ZA ADAP. I IPREMANJE OD. ZA DJ. REHAB. - Rovinj 25/0004500";"2025-12-15T00:00:00.000Z";"2025-12-31T00:00:00.000Z";"HR7924020061800018003";"HR68 7404-19041331726-4213"
"GRAD LABIN";"2025-12-30T00:00:00.000Z";"VODOVOD PULA-LABIN d.o.o-PodružnicaLABIN";"19798348108";"LABIN";;"EUR";"2690.15";"R0480 Subvencija vode i otpadnih voda";"500       01 UPRAVNI ODJEL ZA DRUŠTVENE DJELATNOSTI";"L01 5006A500003 Socijalna zaštita obitelji";"1.1.001    1.OPĆI PRIHODI I PRIMICI";"372290 Ostale naknade iz proračuna u naravi";"1060 Stanovanje";"55904300-11-2025";"SUBVENCIJA VODE ZA 11MJ 25/0004572";"2025-11-30T00:00:00.000Z";"2025-12-31T00:00:00.000Z";"HR5524020061500147397";"HR01 55904300-80004-46"
"GRAD LABIN";"2025-12-30T00:00:00.000Z";"PETROL D.O.O.";"75550985023";"ZAGREB";"JAVNA VATROGASNA POSTROJBA LABIN";"EUR";"1142.20";"R0118 Energija";"100       03        35837 JAVNA VATROGASNA POSTROJBA LABIN";"L01 1003A100004 Financiranje Javne vatrogasne postrojbe Labin";"1.1.001    1.OPĆI PRIHODI I PRIMICI";"322340 Motorni benzin i dizel gorivo";"0320 Usluge protupožarne zaštite";"67633719";"JVP - Gorivo za 11.2025.  415-0178608";"2025-11-30T00:00:00.000Z";"2026-01-04T00:00:00.000Z";"HR8523400091100214118";"HR05 700676337191"
"GRAD LABIN";"2025-12-30T00:00:00.000Z";"DERMIT SAŠA";"GDPR";"";;"EUR";"1000.00";"R1108-5 Subvencije poljoprivrednicima i obrtnicima - bespovratne potpore poljoprivredi";"600       01 UPRAVNI ODJEL ZA GOSPODARSTVO I EU PROJEKTE";"L01 6001A600005 Bespovratne potpore i subvencije";"1.1.001    1.OPĆI PRIHODI I PRIMICI";"352310 Subvencije poljoprivrednicima";"0620 Razvoj zajednice";"11-12-2025";"SUF. NABAVE PČELARSKE PRIKOLICE 25/0004494";"2025-12-11T00:00:00.000Z";"2025-12-31T00:00:00.000Z";"";"HR99"
"GRAD LABIN";"2025-12-30T00:00:00.000Z";"UGOVOR O DJELU POZ.440/2020";"           ";"LABIN";;"EUR";"22.22";"R0440 Intelektualne i osobne usluge";"500       01 UPRAVNI ODJEL ZA DRUŠTVENE DJELATNOSTI";"L01 5004A500004 Brendiranje-Praktična realizacija na proj. cakavice, M.Vlačića i rudarstva";"5.5.001 5. TEKUĆE POMOĆI IZ ŽUPANIJSKOG PRORAČUNA";"323710 Autorski honorari";"0820 Službe kulture";"";"UG-440 DOPRINOS ZA MIO II STUP/12.25 sve vrste radnog odnosa";"2025-12-30T00:00:00.000Z";"2025-12-30T00:00:00.000Z";"HR7610010051700036001";"HR68 2283-19041331726-25364"
"GRAD LABIN";"2025-12-30T00:00:00.000Z";"MRKALJEVIĆ SALMIR i EMIN -OBRT 2M  I EMIN MRKALJEVIĆ";"GDPR";"";"VIJEĆE BOŠNJAČKE NACIONALNE MANJINE";"EUR";"1300.00";"R0094 Reprezentacija";"100       02        45470 VIJEĆE BOŠNJAČKE NACIONALNE MANJINE U GRADU LABINU";"L01 1004A100001 Poslovi redovne djelatnosti nacionalnih manjina";"1.1.001    1.OPĆI PRIHODI I PRIMICI";"329310 Reprezentacija";"0840 Religijske i druge službe zajednice";"27347-1-1";"VBNM/SVEČANA SJED.VIJEĆA/ 160024-93 25/0000093";"2025-12-20T00:00:00.000Z";"2025-12-31T00:00:00.000Z";"";"HR99"
"GRAD LABIN";"2025-12-30T00:00:00.000Z";"UGOVOR O DJELU POZ.440/2020";"           ";"LABIN";;"EUR";"17.71";"R0440 Intelektualne i osobne usluge";"500       01 UPRAVNI ODJEL ZA DRUŠTVENE DJELATNOSTI";"L01 5004A500004 Brendiranje-Praktična realizacija na proj. cakavice, M.Vlačića i rudarstva";"5.5.001 5. TEKUĆE POMOĆI IZ ŽUPANIJSKOG PRORAČUNA";"323710 Autorski honorari";"0820 Službe kulture";"";"UG-440 DOPRINOS ZA OSN. ZDRAVSTVENO OSI sve vrste radnog odnosa";"2025-12-30T00:00:00.000Z";"2025-12-30T00:00:00.000Z";"HR6510010051550100001";"HR68 8486-19041331726-25364"
"GRAD LABIN";"2025-12-30T00:00:00.000Z";"ŠKRINJICA D.O.O.";"37919840816";"ZAGREB";" DJEČJI VRTIĆ PJERINA VERBANAC";"EUR";"1497.50";"R0572 Uređaji, strojevi i oprema za ostale namjene";"500       02        35812 DJEČJI VRTIĆ PJERINA VERBANAC";"L01 5001A500003 Opremanje ustanove";"4.9.000001 4.PRIHODI ZA POSEBNE NAMJENE - PRIHODI KORISNIKA";"422730 Oprema";"0911 Predškolsko obrazovanje";"338/201/1";"DV-ORMARIĆI ZA ČETKICE 2X";"2025-10-23T00:00:00.000Z";"2025-11-07T00:00:00.000Z";"HR9123600001102237959";"HR01 2-338-13497"
"GRAD LABIN";"2025-12-30T00:00:00.000Z";"GABBICO d.o.o.";"03009705698";"LABIN";;"EUR";"1338.00";"R1108 Subvencije trgovačkim društvima izvan javnog sektora";"600       01 UPRAVNI ODJEL ZA GOSPODARSTVO I EU PROJEKTE";"L01 6001A600005 Bespovratne potpore i subvencije";"1.1.001    1.OPĆI PRIHODI I PRIMICI";"352210 Subvencije trgovačkim društvima izvan javnog sektora";"0620 Razvoj zajednice";"18-12-2025";"SUBVEN. DIGITALIZACIJE POSLOVANJA 25/0004492";"2025-12-18T00:00:00.000Z";"2025-12-31T00:00:00.000Z";"HR2624070001148028050";"HR00 18-12-2025"
"GRAD LABIN";"2025-12-30T00:00:00.000Z";"UGOVOR O DJELU POZ.440/2020";"           ";"LABIN";;"EUR";"90.28";"R0440 Intelektualne i osobne usluge";"500       01 UPRAVNI ODJEL ZA DRUŠTVENE DJELATNOSTI";"L01 5004A500004 Brendiranje-Praktična realizacija na proj. cakavice, M.Vlačića i rudarstva";"5.5.001 5. TEKUĆE POMOĆI IZ ŽUPANIJSKOG PRORAČUNA";"323710 Autorski honorari";"0820 Službe kulture";"";"UG-440 - DOPRINOS ZA MIO I STUP/12.25 sve vrste radnog odnosa";"2025-12-30T00:00:00.000Z";"2025-12-30T00:00:00.000Z";"HR1210010051863000160";"HR68 8168-19041331726-25364"
"GRAD LABIN";"2025-12-30T00:00:00.000Z";"KL PROTEKTION D.O.O.";"03175437865";"Đelekovec";"JAVNA VATROGASNA POSTROJBA LABIN";"EUR";"1539.13";"R0119 Službena, radna i zaštitna odjeća i obuća";"100       03        35837 JAVNA VATROGASNA POSTROJBA LABIN";"L01 1003A100004 Financiranje Javne vatrogasne postrojbe Labin";"1.1.001    1.OPĆI PRIHODI I PRIMICI";"322710 Službena, radna i zaštitna odjeća i obuća";"0320 Usluge protupožarne zaštite";"798/O/01";"JVP - vatrog. sv.odjeća  430-171212";"2025-12-10T00:00:00.000Z";"2025-12-17T00:00:00.000Z";"HR9424020061100810984";"HR02 1038-7986-19"
"GRAD LABIN";"2025-12-30T00:00:00.000Z";"CENTAR LIČE FARAGUNA";"52329630528";"LABIN";;"EUR";"2833.32";"R0401-5 Tekuće pomoći temeljem prijenosa EU sredstava";"500       01 UPRAVNI ODJEL ZA DRUŠTVENE DJELATNOSTI";"L01 5002T500006 Ravnomj. socijalna i obrazovna inkluzija učen. s teškoćama u razvoju IV -Projekt RAST IV";"5.4.001 5. TEKUĆE POMOĆI IZ DRŽAVNOG PRORAČUNA";"368138 Centar Liče Faraguna-Tekuće pomoći pror. koris. gradskih proračuna temeljem prij. EU sredst";"0912 Osnovno obrazovanje";"12-12-2025";"PROJEKT RAST IV 25/0004514";"2025-12-12T00:00:00.000Z";"2025-12-31T00:00:00.000Z";"HR4523400091822200000";"HR26 7960-086-52329630528"
"GRAD LABIN";"2025-12-30T00:00:00.000Z";"KATKIĆ KREŠIMIR, vl. obrta CVRČAK";"GDPR";"";" DJEČJI VRTIĆ PJERINA VERBANAC";"EUR";"1644.21";"R0573 Uredski materijal i ostali materijalni rashodi";"500       02        35812 DJEČJI VRTIĆ PJERINA VERBANAC";"L01 5001A500004 Financiranje programa za djecu s teškoćama u razvoju , pripadnika manjina i predškole";"5.9.000001 5. POMOĆI - PRIHODI KORISNIKA GL 02";"322112 Didaktički materijal";"0911 Predškolsko obrazovanje";"2813-00001-100";"DV-INDIV. RAZVOJNE MAPE ZA PREDŠKOLCE";"2025-11-05T00:00:00.000Z";"2025-11-20T00:00:00.000Z";"";"HR99"
"GRAD LABIN";"2025-12-30T00:00:00.000Z";"OŠ IVO LOLA RIBAR";"61381578764";"LABIN";;"EUR";"2833.32";"R0401-5 Tekuće pomoći temeljem prijenosa EU sredstava";"500       01 UPRAVNI ODJEL ZA DRUŠTVENE DJELATNOSTI";"L01 5002T500006 Ravnomj. socijalna i obrazovna inkluzija učen. s teškoćama u razvoju IV -Projekt RAST IV";"5.4.001 5. TEKUĆE POMOĆI IZ DRŽAVNOG PRORAČUNA";"368137 OŠ Ivo Lola Ribar-Tekuće pomoći pror. koris. gradskih proračuna temeljem prij. EU sredst";"0912 Osnovno obrazovanje";"12-12-2025";"PROJEKT RAST IV 25/0004513";"2025-12-12T00:00:00.000Z";"2025-12-31T00:00:00.000Z";"HR4523400091822200000";"HR26 7960-086-61381578764"
"GRAD LABIN";"2025-12-30T00:00:00.000Z";"LAMP OBRT ZA DIZAJN vl. TEO JAKONIŠIĆ";"GDPR";"";" UMJETNIČKA ŠKOLA MATKA BRAJŠE RAŠANA";"EUR";"2000.00";"R0841 Zakupnine i najamnine";"500       03        48478 UMJETNIČKA ŠKOLA MATKA BRAJŠE RAŠANA LABIN";"L01 5002A500003 Financiranje djelatnosti osnovnog školstva";"4.9.000001 4.PRIHODI ZA POSEBNE NAMJENE - PRIHODI KORISNIKA";"323530 Zakupnine i najamnine za opremu";"0912 Osnovno obrazovanje";"28-01-2025";"UŠ-NAJAM RAZGLASNE OPREME-508";"2025-12-24T00:00:00.000Z";"2025-12-31T00:00:00.000Z";"";"HR99"
"GRAD LABIN";"2025-12-30T00:00:00.000Z";"OŠ MATIJE VLAČIĆA";"70312178512";"LABIN";;"EUR";"3541.65";"R0401-5 Tekuće pomoći temeljem prijenosa EU sredstava";"500       01 UPRAVNI ODJEL ZA DRUŠTVENE DJELATNOSTI";"L01 5002T500006 Ravnomj. socijalna i obrazovna inkluzija učen. s teškoćama u razvoju IV -Projekt RAST IV";"5.4.001 5. TEKUĆE POMOĆI IZ DRŽAVNOG PRORAČUNA";"368136 OŠ Matije Vlačića-Tekuće pomoći pror. koris. gradskih proračuna temeljem prij. EU sredst";"0912 Osnovno obrazovanje";"12-12-2025";"PROJEKT RAST IV 25/0004512";"2025-12-12T00:00:00.000Z";"2025-12-31T00:00:00.000Z";"HR4523400091822200000";"HR26 7960-086-70312178512"
"GRAD LABIN";"2025-12-30T00:00:00.000Z";"INA INDUSTRIJA NAFTE D.D.";"27759560625";"ZAGREB";"OŠ MATIJE VLAČIĆA LABIN";"EUR";"2176.66";"R0577-1 Energija";"500       03        10581 OSNOVNA ŠKOLA MATIJE VLAČIĆA LABIN";"L01 5002A500003 Financiranje djelatnosti osnovnog školstva";"1.1.001    1.OPĆI PRIHODI I PRIMICI";"322390 Ostali materijali za proizvodnju energije (ugljen, drva, teško ulje)";"0912 Osnovno obrazovanje";"176570/INA/1";"MV-LOŽ ULJE-UR853";"2025-12-05T00:00:00.000Z";"2026-01-07T00:00:00.000Z";"HR9223400091100022902";"HR01 9103680120-20256"
"GRAD LABIN";"2025-12-30T00:00:00.000Z";"KL PROTEKTION D.O.O.";"03175437865";"Đelekovec";"JAVNA VATROGASNA POSTROJBA LABIN";"EUR";"2704.25";"R0119 Službena, radna i zaštitna odjeća i obuća";"100       03        35837 JAVNA VATROGASNA POSTROJBA LABIN";"L01 1003A100004 Financiranje Javne vatrogasne postrojbe Labin";"1.1.001    1.OPĆI PRIHODI I PRIMICI";"322710 Službena, radna i zaštitna odjeća i obuća";"0320 Usluge protupožarne zaštite";"839/O/01";"JVP - radna odjeća  447-0171212";"2025-12-19T00:00:00.000Z";"2025-12-26T00:00:00.000Z";"HR9424020061100810984";"HR02 1038-8397-19"
"GRAD LABIN";"2025-12-30T00:00:00.000Z";"UGOVOR O DJELU POZ.15/2019";"           ";"LABIN";;"EUR";"900.00";"R0015 Intelektualne i osobne usluge";"100       01 UPRAVNI ODJEL ZA POSLOVE GRADONAČELNIKA, GRADSKO VIJEĆE I OPĆE POSLOVE";"L01 1001A100001 Redovna djelatnost upravnih odjela";"1.1.001    1.OPĆI PRIHODI I PRIMICI";"323710 Autorski honorari";"0133 Ostale opće usluge";"";"130 Drugi dohodak MASIMO HRVATIN Za mjesec 12/25";"2025-12-30T00:00:00.000Z";"2025-12-30T00:00:00.000Z";"HR5523800063148004194";"HR69 40002-19041331726-130"
"GRAD LABIN";"2025-12-30T00:00:00.000Z";"PRIVREDNA BANKA ZAGREB D.D.";"GDPR";"";" DJEČJI VRTIĆ PJERINA VERBANAC";"EUR";"501.80";"R0531 Otplata glavnice primljenih kredita od kreditnih institucija u javnom sektoru";"500       02        35812 DJEČJI VRTIĆ PJERINA VERBANAC";"L01 5001A500002 Odgojno, administrativno i tehničko osoblje";"1.1.001    1.OPĆI PRIHODI I PRIMICI";"542221 DV - Otplata gl.primljenih kredita od kred. institucija u jav. sek. - dug. /HABOR/";"";"25/00721";"DV-PL RATE KREDITA IV KVARTAL-VRTIĆ";"2025-12-29T00:00:00.000Z";"2025-12-31T00:00:00.000Z";"";"HR99"
"GRAD LABIN";"2025-12-30T00:00:00.000Z";"PRIVREDNA BANKA ZAGREB D.D.";"GDPR";"";" DJEČJI VRTIĆ PJERINA VERBANAC";"EUR";"2816.27";"R0559 Otplata glavnice primljenih kredita od kreditnih institucija u javnom sektoru -DV";"500       02        35812 DJEČJI VRTIĆ PJERINA VERBANAC";"L01 5001A500002 Odgojno, administrativno i tehničko osoblje";"4.9.000001 4.PRIHODI ZA POSEBNE NAMJENE - PRIHODI KORISNIKA";"542221 DV - Otplata gl.primljenih kredita od kred. institucija u jav. sek. - dug. /HABOR/";"";"25/00721";"DV-PL RATE KREDITA IV KVARTAL-VRTIĆ";"2025-12-29T00:00:00.000Z";"2025-12-31T00:00:00.000Z";"";"HR99"
"GRAD LABIN";"2025-12-30T00:00:00.000Z";"UGOVOR O DJELU POZ.15/2019";"           ";"LABIN";;"EUR";"225.00";"R0015 Intelektualne i osobne usluge";"100       01 UPRAVNI ODJEL ZA POSLOVE GRADONAČELNIKA, GRADSKO VIJEĆE I OPĆE POSLOVE";"L01 1001A100001 Redovna djelatnost upravnih odjela";"1.1.001    1.OPĆI PRIHODI I PRIMICI";"323710 Autorski honorari";"0133 Ostale opće usluge";"";"Porez i prirez na drugi dohodak Za mjesec 12/25   - LABIN - UG-15";"2025-12-30T00:00:00.000Z";"2025-12-30T00:00:00.000Z";"HR0310010051722212000";"HR68 1945-19041331726-25364"
"GRAD LABIN";"2025-12-30T00:00:00.000Z";"PRIVREDNA BANKA ZAGREB D.D.";"GDPR";"";" DJEČJI VRTIĆ PJERINA VERBANAC";"EUR";"501.80";"R0557 Kamate za primljene kredite";"500       02        35812 DJEČJI VRTIĆ PJERINA VERBANAC";"L01 5001A500002 Odgojno, administrativno i tehničko osoblje";"4.9.000001 4.PRIHODI ZA POSEBNE NAMJENE - PRIHODI KORISNIKA";"342220 Kamate za primljene kredite od kreditnih institucija u javnom sektoru";"0911 Predškolsko obrazovanje";"25/00720";"DV-PL RATA KREDITA IV KVARTAL-GRAD";"2025-12-29T00:00:00.000Z";"2025-12-31T00:00:00.000Z";"";"HR99"
"GRAD LABIN";"2025-12-30T00:00:00.000Z";"PRIVREDNA BANKA ZAGREB D.D.";"GDPR";"";" DJEČJI VRTIĆ PJERINA VERBANAC";"EUR";"2816.27";"R0531 Otplata glavnice primljenih kredita od kreditnih institucija u javnom sektoru";"500       02        35812 DJEČJI VRTIĆ PJERINA VERBANAC";"L01 5001A500002 Odgojno, administrativno i tehničko osoblje";"1.1.001    1.OPĆI PRIHODI I PRIMICI";"542221 DV - Otplata gl.primljenih kredita od kred. institucija u jav. sek. - dug. /HABOR/";"";"25/00720";"DV-PL RATA KREDITA IV KVARTAL-GRAD";"2025-12-29T00:00:00.000Z";"2025-12-31T00:00:00.000Z";"";"HR99"
"GRAD LABIN";"2025-12-30T00:00:00.000Z";"UGOVOR O DJELU POZ.15/2019";"           ";"LABIN";;"EUR";"31.25";"R0015 Intelektualne i osobne usluge";"100       01 UPRAVNI ODJEL ZA POSLOVE GRADONAČELNIKA, GRADSKO VIJEĆE I OPĆE POSLOVE";"L01 1001A100001 Redovna djelatnost upravnih odjela";"1.1.001    1.OPĆI PRIHODI I PRIMICI";"323710 Autorski honorari";"0133 Ostale opće usluge";"";"UG-15 - DOPRINOS ZA MIO II STUP/12.25 sve vrste radnog odnosa";"2025-12-30T00:00:00.000Z";"2025-12-30T00:00:00.000Z";"HR7610010051700036001";"HR68 2291-19041331726-25364"
"GRAD LABIN";"2025-12-30T00:00:00.000Z";"DJEČJI VRTIĆ PJERINA VERBANAC";"65354857590";"LABIN";;"EUR";"2805.80";"R0465 Smještaj u jaslicama i dječjem vrtiću";"500       01 UPRAVNI ODJEL ZA DRUŠTVENE DJELATNOSTI";"L01 5006A500001 Socijalna zaštita djece i mladih";"1.1.001    1.OPĆI PRIHODI I PRIMICI";"372290 Ostale naknade iz proračuna u naravi";"1040 Obitelj i djeca";"17-12-2025";"OBR. VRTIĆA ZA 11 I 12MJ 25/0004506";"2025-12-17T00:00:00.000Z";"2025-12-31T00:00:00.000Z";"HR4523400091822200000";"HR64 7730-35812-65264-37"
"GRAD LABIN";"2025-12-30T00:00:00.000Z";"UGOVOR O DJELU POZ.15/2019";"           ";"LABIN";;"EUR";"93.75";"R0015 Intelektualne i osobne usluge";"100       01 UPRAVNI ODJEL ZA POSLOVE GRADONAČELNIKA, GRADSKO VIJEĆE I OPĆE POSLOVE";"L01 1001A100001 Redovna djelatnost upravnih odjela";"1.1.001    1.OPĆI PRIHODI I PRIMICI";"323710 Autorski honorari";"0133 Ostale opće usluge";"";"UG-15 DOPRINOS ZA OSN. ZDRAVSTVENO OSI sve vrste radnog odnosa";"2025-12-30T00:00:00.000Z";"2025-12-30T00:00:00.000Z";"HR6510010051550100001";"HR68 8540-19041331726-25364"
"GRAD LABIN";"2025-12-30T00:00:00.000Z";"MORAL MESNICA OBRT - BURULČIĆ  MORENO";"GDPR";"";" DJEČJI VRTIĆ PJERINA VERBANAC";"EUR";"3561.59";"R0540 Materijal i sirovine";"500       02        35812 DJEČJI VRTIĆ PJERINA VERBANAC";"L01 5001A500002 Odgojno, administrativno i tehničko osoblje";"4.9.000001 4.PRIHODI ZA POSEBNE NAMJENE - PRIHODI KORISNIKA";"322240 Namirnice";"0911 Predškolsko obrazovanje";"475/77/1";"DV-NAMIRNICE";"2025-11-11T00:00:00.000Z";"2025-11-29T00:00:00.000Z";"";"HR99"
"GRAD LABIN";"2025-12-30T00:00:00.000Z";"KL PROTEKTION D.O.O.";"03175437865";"Đelekovec";"JAVNA VATROGASNA POSTROJBA LABIN";"EUR";"3865.00";"R0119 Službena, radna i zaštitna odjeća i obuća";"100       03        35837 JAVNA VATROGASNA POSTROJBA LABIN";"L01 1003A100004 Financiranje Javne vatrogasne postrojbe Labin";"1.1.001    1.OPĆI PRIHODI I PRIMICI";"322710 Službena, radna i zaštitna odjeća i obuća";"0320 Usluge protupožarne zaštite";"840/O/01";"JVP - radna odjeća 448-0171212";"2025-12-19T00:00:00.000Z";"2026-01-03T00:00:00.000Z";"HR9424020061100810984";"HR02 1038-8400-19"
"GRAD LABIN";"2025-12-30T00:00:00.000Z";"UGOVOR O DJELU POZ.15/2019";"           ";"LABIN";;"EUR";"93.75";"R0015 Intelektualne i osobne usluge";"100       01 UPRAVNI ODJEL ZA POSLOVE GRADONAČELNIKA, GRADSKO VIJEĆE I OPĆE POSLOVE";"L01 1001A100001 Redovna djelatnost upravnih odjela";"1.1.001    1.OPĆI PRIHODI I PRIMICI";"323710 Autorski honorari";"0133 Ostale opće usluge";"";"UG-15 DOPRINOS ZA MIO I STUP/12.25 sve vrste radnog odnosa";"2025-12-30T00:00:00.000Z";"2025-12-30T00:00:00.000Z";"HR1210010051863000160";"HR68 8176-19041331726-25364"
"GRAD LABIN";"2025-12-30T00:00:00.000Z";"AUTOTRANS D.D.";"19819724166";"Cres";"OŠ MATIJE VLAČIĆA LABIN";"EUR";"8587.76";"R0577-3 Usluge telefona, interneta, pošte i prijevoza";"500       03        10581 OSNOVNA ŠKOLA MATIJE VLAČIĆA LABIN";"L01 5002A500003 Financiranje djelatnosti osnovnog školstva";"1.1.001    1.OPĆI PRIHODI I PRIMICI";"323191 Ostale usluge za prijevoz - Autotrans - Rijeka";"0912 Osnovno obrazovanje";"8144-132-1-25";"mv-prijevoz učenika-ur883";"2025-12-23T00:00:00.000Z";"2026-01-22T00:00:00.000Z";"HR8824840081103599193";"HR00 8144-132-125"
"GRAD LABIN";"2025-12-29T00:00:00.000Z";"100003 UČKA 4/1";"           ";"LABIN";;"EUR";"432.90";"R0363 Troškovi pričuve poslovnih prostora";"400       01 UPRAVNI ODJEL ZA KOMUNALNO GOSPODARSTVO I UPRAVLJANJE IMOVINOM";"L01 4002A400002 Održavanje poslovnih prostora, štandova i privremenih priključaka";"1.1.001    1.OPĆI PRIHODI I PRIMICI";"323470 Pričuva";"0490 Ekonomski poslovi koji nisu drugdje svrstani";"11889837";"PRIČUVA 10-12/2025 25/0004359";"2025-12-16T00:00:00.000Z";"2026-01-15T00:00:00.000Z";"HR7323400091310416147";"HR00 11889837-2136-100003"
"GRAD LABIN";"2025-12-29T00:00:00.000Z";"52040 ŠĆIRI 6";"           ";"LABIN";;"EUR";"383.04";"R0363 Troškovi pričuve poslovnih prostora";"400       01 UPRAVNI ODJEL ZA KOMUNALNO GOSPODARSTVO I UPRAVLJANJE IMOVINOM";"L01 4002A400002 Održavanje poslovnih prostora, štandova i privremenih priključaka";"1.1.001    1.OPĆI PRIHODI I PRIMICI";"323470 Pričuva";"0490 Ekonomski poslovi koji nisu drugdje svrstani";"11925710";"PRIČUVA 10-12/2025 25/0004341";"2025-12-16T00:00:00.000Z";"2026-01-15T00:00:00.000Z";"HR6324070003548011763";"HR00 11925710-2136-52040"
"GRAD LABIN";"2025-12-29T00:00:00.000Z";"200497 VINEŽ 67";"           ";"LABIN";;"EUR";"173.61";"R0355 Troškovi pričuve stanova";"400       01 UPRAVNI ODJEL ZA KOMUNALNO GOSPODARSTVO I UPRAVLJANJE IMOVINOM";"L01 4002A400001 Održavanje stambenih prostora";"1.1.001    1.OPĆI PRIHODI I PRIMICI";"323470 Pričuva";"0660 Rashodi vezani za stanovanje i kom. pogodnosti koji nisu drugdje svrstani";"12289434";"PRIČUVA 10-12/2025 25/0004416";"2025-12-16T00:00:00.000Z";"2026-01-15T00:00:00.000Z";"HR9423400091310410628";"HR00 12289434-2136-200497"
"GRAD LABIN";"2025-12-29T00:00:00.000Z";"44030 ANTONA SELANA 16-21";"           ";"LABIN";;"EUR";"171.81";"R0355 Troškovi pričuve stanova";"400       01 UPRAVNI ODJEL ZA KOMUNALNO GOSPODARSTVO I UPRAVLJANJE IMOVINOM";"L01 4002A400001 Održavanje stambenih prostora";"1.1.001    1.OPĆI PRIHODI I PRIMICI";"323470 Pričuva";"0660 Rashodi vezani za stanovanje i kom. pogodnosti koji nisu drugdje svrstani";"12067792";"PRIČUVA 10-12/2025 25/0004400";"2025-12-16T00:00:00.000Z";"2026-01-15T00:00:00.000Z";"HR7124070003548012395";"HR00 12067792-2136-44030"
"GRAD LABIN";"2025-12-29T00:00:00.000Z";"79044 PRILAZ GRIŽA 11";"           ";"LABIN";;"EUR";"66.42";"R0355 Troškovi pričuve stanova";"400       01 UPRAVNI ODJEL ZA KOMUNALNO GOSPODARSTVO I UPRAVLJANJE IMOVINOM";"L01 4002A400001 Održavanje stambenih prostora";"1.1.001    1.OPĆI PRIHODI I PRIMICI";"323470 Pričuva";"0660 Rashodi vezani za stanovanje i kom. pogodnosti koji nisu drugdje svrstani";"12008990";"PRIČUVA 10-12/2025 25/0004424";"2025-12-16T00:00:00.000Z";"2026-01-15T00:00:00.000Z";"HR6523400091310705933";"HR00 12008990-2136-79044"
"GRAD LABIN";"2025-12-29T00:00:00.000Z";"79044 PRILAZ GRIŽA 11";"           ";"LABIN";;"EUR";"103.38";"R0363 Troškovi pričuve poslovnih prostora";"400       01 UPRAVNI ODJEL ZA KOMUNALNO GOSPODARSTVO I UPRAVLJANJE IMOVINOM";"L01 4002A400002 Održavanje poslovnih prostora, štandova i privremenih priključaka";"1.1.001    1.OPĆI PRIHODI I PRIMICI";"323470 Pričuva";"0490 Ekonomski poslovi koji nisu drugdje svrstani";"12008990";"PRIČUVA 10-12/2025 25/0004424";"2025-12-16T00:00:00.000Z";"2026-01-15T00:00:00.000Z";"HR6523400091310705933";"HR00 12008990-2136-79044"
"GRAD LABIN";"2025-12-29T00:00:00.000Z";"42041 MATIJE VLAČIĆA 9 i 11";"           ";"LABIN";;"EUR";"160.89";"R0355 Troškovi pričuve stanova";"400       01 UPRAVNI ODJEL ZA KOMUNALNO GOSPODARSTVO I UPRAVLJANJE IMOVINOM";"L01 4002A400001 Održavanje stambenih prostora";"1.1.001    1.OPĆI PRIHODI I PRIMICI";"323470 Pričuva";"0660 Rashodi vezani za stanovanje i kom. pogodnosti koji nisu drugdje svrstani";"11969997";"PRIČUVA 10-12/2025 25/0004399";"2025-12-16T00:00:00.000Z";"2026-01-15T00:00:00.000Z";"HR6423400091311153703";"HR00 11969997-2136-42041"
"GRAD LABIN";"2025-12-29T00:00:00.000Z";"200486 VINEŽ 104-108";"           ";"LABIN";;"EUR";"134.01";"R0355 Troškovi pričuve stanova";"400       01 UPRAVNI ODJEL ZA KOMUNALNO GOSPODARSTVO I UPRAVLJANJE IMOVINOM";"L01 4002A400001 Održavanje stambenih prostora";"1.1.001    1.OPĆI PRIHODI I PRIMICI";"323470 Pričuva";"0660 Rashodi vezani za stanovanje i kom. pogodnosti koji nisu drugdje svrstani";"12260037";"PRIČUVA 10-12/2025 25/0004415";"2025-12-16T00:00:00.000Z";"2026-01-15T00:00:00.000Z";"HR8823400091310625882";"HR00 12260037-2136-200486"
"GRAD LABIN";"2025-12-29T00:00:00.000Z";"200549 KARLA KRANJCA 7";"           ";"LABIN";;"EUR";"122.40";"R0355 Troškovi pričuve stanova";"400       01 UPRAVNI ODJEL ZA KOMUNALNO GOSPODARSTVO I UPRAVLJANJE IMOVINOM";"L01 4002A400001 Održavanje stambenih prostora";"1.1.001    1.OPĆI PRIHODI I PRIMICI";"323470 Pričuva";"0660 Rashodi vezani za stanovanje i kom. pogodnosti koji nisu drugdje svrstani";"12245879";"PRIČUVA 10-12/2025 25/0004419";"2025-12-16T00:00:00.000Z";"2026-01-15T00:00:00.000Z";"HR3524070003507404672";"HR00 12245879-2136-200549"
"GRAD LABIN";"2025-12-29T00:00:00.000Z";"74043 PRILAZ KIKOVA 8";"           ";"LABIN";;"EUR";"38.88";"R0363 Troškovi pričuve poslovnih prostora";"400       01 UPRAVNI ODJEL ZA KOMUNALNO GOSPODARSTVO I UPRAVLJANJE IMOVINOM";"L01 4002A400002 Održavanje poslovnih prostora, štandova i privremenih priključaka";"1.1.001    1.OPĆI PRIHODI I PRIMICI";"323470 Pričuva";"0490 Ekonomski poslovi koji nisu drugdje svrstani";"11957514";"PRIČUVA 10-12/2025 25/0004425";"2025-12-16T00:00:00.000Z";"2026-01-15T00:00:00.000Z";"HR1023400091310495172";"HR00 11957514-2136-74043"
"GRAD LABIN";"2025-12-29T00:00:00.000Z";"74043 PRILAZ KIKOVA 8";"           ";"LABIN";;"EUR";"83.16";"R0355 Troškovi pričuve stanova";"400       01 UPRAVNI ODJEL ZA KOMUNALNO GOSPODARSTVO I UPRAVLJANJE IMOVINOM";"L01 4002A400001 Održavanje stambenih prostora";"1.1.001    1.OPĆI PRIHODI I PRIMICI";"323470 Pričuva";"0660 Rashodi vezani za stanovanje i kom. pogodnosti koji nisu drugdje svrstani";"11957514";"PRIČUVA 10-12/2025 25/0004425";"2025-12-16T00:00:00.000Z";"2026-01-15T00:00:00.000Z";"HR1023400091310495172";"HR00 11957514-2136-74043"
"GRAD LABIN";"2025-12-29T00:00:00.000Z";"53030 KARLA KRANJCA 5";"           ";"LABIN";;"EUR";"110.61";"R0355 Troškovi pričuve stanova";"400       01 UPRAVNI ODJEL ZA KOMUNALNO GOSPODARSTVO I UPRAVLJANJE IMOVINOM";"L01 4002A400001 Održavanje stambenih prostora";"1.1.001    1.OPĆI PRIHODI I PRIMICI";"323470 Pričuva";"0660 Rashodi vezani za stanovanje i kom. pogodnosti koji nisu drugdje svrstani";"11893311";"PRIČUVA 10-12/2025 25/0004406";"2025-12-16T00:00:00.000Z";"2026-01-15T00:00:00.000Z";"HR2524070003548013999";"HR00 11893311-2136-53030"
"GRAD LABIN";"2025-12-29T00:00:00.000Z";"200525 VINEŽ 110";"           ";"LABIN";;"EUR";"89.52";"R0355 Troškovi pričuve stanova";"400       01 UPRAVNI ODJEL ZA KOMUNALNO GOSPODARSTVO I UPRAVLJANJE IMOVINOM";"L01 4002A400001 Održavanje stambenih prostora";"1.1.001    1.OPĆI PRIHODI I PRIMICI";"323470 Pričuva";"0660 Rashodi vezani za stanovanje i kom. pogodnosti koji nisu drugdje svrstani";"12220191";"PRIČUVA 10-12/2025 25/0004417";"2025-12-16T00:00:00.000Z";"2026-01-15T00:00:00.000Z";"HR7223400091310410636";"HR00 12220191-2136-200525"
"GRAD LABIN";"2025-12-29T00:00:00.000Z";"81040 PRILAZ GRIŽA 6";"           ";"LABIN";;"EUR";"36.99";"R0355 Troškovi pričuve stanova";"400       01 UPRAVNI ODJEL ZA KOMUNALNO GOSPODARSTVO I UPRAVLJANJE IMOVINOM";"L01 4002A400001 Održavanje stambenih prostora";"1.1.001    1.OPĆI PRIHODI I PRIMICI";"323470 Pričuva";"0660 Rashodi vezani za stanovanje i kom. pogodnosti koji nisu drugdje svrstani";"11921315";"PRIČUVA 10-12/2025 25/0004428";"2025-12-16T00:00:00.000Z";"2026-01-15T00:00:00.000Z";"HR8223400091310429565";"HR00 11921315-2136-81040"
"GRAD LABIN";"2025-12-29T00:00:00.000Z";"81040 PRILAZ GRIŽA 6";"           ";"LABIN";;"EUR";"42.60";"R0363 Troškovi pričuve poslovnih prostora";"400       01 UPRAVNI ODJEL ZA KOMUNALNO GOSPODARSTVO I UPRAVLJANJE IMOVINOM";"L01 4002A400002 Održavanje poslovnih prostora, štandova i privremenih priključaka";"1.1.001    1.OPĆI PRIHODI I PRIMICI";"323470 Pričuva";"0490 Ekonomski poslovi koji nisu drugdje svrstani";"11921315";"PRIČUVA 10-12/2025 25/0004428";"2025-12-16T00:00:00.000Z";"2026-01-15T00:00:00.000Z";"HR8223400091310429565";"HR00 11921315-2136-81040"
"GRAD LABIN";"2025-12-29T00:00:00.000Z";"38031 ANTONA SELANA 2";"           ";"LABIN";;"EUR";"78.51";"R0355 Troškovi pričuve stanova";"400       01 UPRAVNI ODJEL ZA KOMUNALNO GOSPODARSTVO I UPRAVLJANJE IMOVINOM";"L01 4002A400001 Održavanje stambenih prostora";"1.1.001    1.OPĆI PRIHODI I PRIMICI";"323470 Pričuva";"0660 Rashodi vezani za stanovanje i kom. pogodnosti koji nisu drugdje svrstani";"11834870";"PRIČUVA 10-12/2025 25/0004397";"2025-12-16T00:00:00.000Z";"2026-01-15T00:00:00.000Z";"HR4724070003548014573";"HR00 11834870-2136-38031"
"GRAD LABIN";"2025-12-29T00:00:00.000Z";"17030 KARLA KRANJCA 36";"           ";"LABIN";;"EUR";"75.72";"R0355 Troškovi pričuve stanova";"400       01 UPRAVNI ODJEL ZA KOMUNALNO GOSPODARSTVO I UPRAVLJANJE IMOVINOM";"L01 4002A400001 Održavanje stambenih prostora";"1.1.001    1.OPĆI PRIHODI I PRIMICI";"323470 Pričuva";"0660 Rashodi vezani za stanovanje i kom. pogodnosti koji nisu drugdje svrstani";"12184195";"PRIČUVA 10-12/2025 25/0004384";"2025-12-16T00:00:00.000Z";"2026-01-15T00:00:00.000Z";"HR3224070003548012418";"HR00 12184195-2136-17030"
"GRAD LABIN";"2025-12-29T00:00:00.000Z";"69041 PRILAZ KRŠIN 7";"           ";"LABIN";;"EUR";"67.53";"R0355 Troškovi pričuve stanova";"400       01 UPRAVNI ODJEL ZA KOMUNALNO GOSPODARSTVO I UPRAVLJANJE IMOVINOM";"L01 4002A400001 Održavanje stambenih prostora";"1.1.001    1.OPĆI PRIHODI I PRIMICI";"323470 Pričuva";"0660 Rashodi vezani za stanovanje i kom. pogodnosti koji nisu drugdje svrstani";"11941430";"PRIČUVA 10-12/2025 25/0004412";"2025-12-16T00:00:00.000Z";"2026-01-15T00:00:00.000Z";"HR6323400091310565319";"HR00 11941430-2136-69041"
"GRAD LABIN";"2025-12-29T00:00:00.000Z";"68040 PRILAZ KRŠIN 3";"           ";"LABIN";;"EUR";"63.33";"R0355 Troškovi pričuve stanova";"400       01 UPRAVNI ODJEL ZA KOMUNALNO GOSPODARSTVO I UPRAVLJANJE IMOVINOM";"L01 4002A400001 Održavanje stambenih prostora";"1.1.001    1.OPĆI PRIHODI I PRIMICI";"323470 Pričuva";"0660 Rashodi vezani za stanovanje i kom. pogodnosti koji nisu drugdje svrstani";"11867396";"PRIČUVA 10-12/2025 25/0004411";"2025-12-16T00:00:00.000Z";"2026-01-15T00:00:00.000Z";"HR9123400091310541050";"HR00 11867396-2136-68040"
"GRAD LABIN";"2025-12-29T00:00:00.000Z";"17071-VINEŽ 226-240";"           ";"LABIN";;"EUR";"176.25";"R0355 Troškovi pričuve stanova";"400       01 UPRAVNI ODJEL ZA KOMUNALNO GOSPODARSTVO I UPRAVLJANJE IMOVINOM";"L01 4002A400001 Održavanje stambenih prostora";"1.1.001    1.OPĆI PRIHODI I PRIMICI";"323470 Pričuva";"0660 Rashodi vezani za stanovanje i kom. pogodnosti koji nisu drugdje svrstani";"12303232";"PRIČUVA 10-12/2025 25/0004385";"2025-12-16T00:00:00.000Z";"2026-01-15T00:00:00.000Z";"HR7723400091310408703";"HR00 12303232-2136-17071"
"GRAD LABIN";"2025-12-29T00:00:00.000Z";"50031 KARLA KRANJCA 11";"           ";"LABIN";;"EUR";"110.61";"R0355 Troškovi pričuve stanova";"400       01 UPRAVNI ODJEL ZA KOMUNALNO GOSPODARSTVO I UPRAVLJANJE IMOVINOM";"L01 4002A400001 Održavanje stambenih prostora";"1.1.001    1.OPĆI PRIHODI I PRIMICI";"323470 Pričuva";"0660 Rashodi vezani za stanovanje i kom. pogodnosti koji nisu drugdje svrstani";"11997117";"PRIČUVA 10-12/2025 25/0004430";"2025-12-16T00:00:00.000Z";"2026-01-15T00:00:00.000Z";"HR8823400091310407341";"HR00 11997117-2136-50031"
"GRAD LABIN";"2025-12-29T00:00:00.000Z";"50031 KARLA KRANJCA 11";"           ";"LABIN";;"EUR";"69.12";"R0363 Troškovi pričuve poslovnih prostora";"400       01 UPRAVNI ODJEL ZA KOMUNALNO GOSPODARSTVO I UPRAVLJANJE IMOVINOM";"L01 4002A400002 Održavanje poslovnih prostora, štandova i privremenih priključaka";"1.1.001    1.OPĆI PRIHODI I PRIMICI";"323470 Pričuva";"0490 Ekonomski poslovi koji nisu drugdje svrstani";"11997117";"PRIČUVA 10-12/2025 25/0004430";"2025-12-16T00:00:00.000Z";"2026-01-15T00:00:00.000Z";"HR8823400091310407341";"HR00 11997117-2136-50031"
"GRAD LABIN";"2025-12-29T00:00:00.000Z";"19030 KARLA KRANJCA 32";"           ";"LABIN";;"EUR";"194.67";"R0355 Troškovi pričuve stanova";"400       01 UPRAVNI ODJEL ZA KOMUNALNO GOSPODARSTVO I UPRAVLJANJE IMOVINOM";"L01 4002A400001 Održavanje stambenih prostora";"1.1.001    1.OPĆI PRIHODI I PRIMICI";"323470 Pričuva";"0660 Rashodi vezani za stanovanje i kom. pogodnosti koji nisu drugdje svrstani";"12173630";"PRIČUVA 10-12/2025 25/0004387";"2025-12-16T00:00:00.000Z";"2026-01-15T00:00:00.000Z";"HR9123400091310457533";"HR00 12173630-2136-19030"
"GRAD LABIN";"2025-12-29T00:00:00.000Z";"45030 ANTONA SELANA 22-27";"           ";"LABIN";;"EUR";"275.16";"R0355 Troškovi pričuve stanova";"400       01 UPRAVNI ODJEL ZA KOMUNALNO GOSPODARSTVO I UPRAVLJANJE IMOVINOM";"L01 4002A400001 Održavanje stambenih prostora";"1.1.001    1.OPĆI PRIHODI I PRIMICI";"323470 Pričuva";"0660 Rashodi vezani za stanovanje i kom. pogodnosti koji nisu drugdje svrstani";"12121312";"PRIČUVA 10-12/2025 25/0004401";"2025-12-16T00:00:00.000Z";"2026-01-15T00:00:00.000Z";"HR2423400091310409851";"HR00 12121312-2136-45030"
"GRAD LABIN";"2025-12-29T00:00:00.000Z";"39040 MATIJE VLAČIĆA 12 i 14";"           ";"LABIN";;"EUR";"264.21";"R0355 Troškovi pričuve stanova";"400       01 UPRAVNI ODJEL ZA KOMUNALNO GOSPODARSTVO I UPRAVLJANJE IMOVINOM";"L01 4002A400001 Održavanje stambenih prostora";"1.1.001    1.OPĆI PRIHODI I PRIMICI";"323470 Pričuva";"0660 Rashodi vezani za stanovanje i kom. pogodnosti koji nisu drugdje svrstani";"12020630";"PRIČUVA 10-12/2025 25/0004398";"2025-12-16T00:00:00.000Z";"2026-01-15T00:00:00.000Z";"HR8223400091310730459";"HR00 12020630-2136-39040"
"GRAD LABIN";"2025-12-29T00:00:00.000Z";"55015 R.MILEVOJ 1";"           ";"LABIN";;"EUR";"218.58";"R0355 Troškovi pričuve stanova";"400       01 UPRAVNI ODJEL ZA KOMUNALNO GOSPODARSTVO I UPRAVLJANJE IMOVINOM";"L01 4002A400001 Održavanje stambenih prostora";"1.1.001    1.OPĆI PRIHODI I PRIMICI";"323470 Pričuva";"0660 Rashodi vezani za stanovanje i kom. pogodnosti koji nisu drugdje svrstani";"11813997";"PRIČUVA 10-12/2025 25/0004408";"2025-12-16T00:00:00.000Z";"2026-01-15T00:00:00.000Z";"HR6224070003548016340";"HR00 11813997-2136-55015"
"GRAD LABIN";"2025-12-29T00:00:00.000Z";"35041 MATKA LAGINJE 14 i 16";"           ";"LABIN";;"EUR";"265.71";"R0355 Troškovi pričuve stanova";"400       01 UPRAVNI ODJEL ZA KOMUNALNO GOSPODARSTVO I UPRAVLJANJE IMOVINOM";"L01 4002A400001 Održavanje stambenih prostora";"1.1.001    1.OPĆI PRIHODI I PRIMICI";"323470 Pričuva";"0660 Rashodi vezani za stanovanje i kom. pogodnosti koji nisu drugdje svrstani";"12042951";"PRIČUVA 10-12/2025 25/0004396";"2025-12-16T00:00:00.000Z";"2026-01-15T00:00:00.000Z";"HR3023400091310988736";"HR00 12042951-2136-35041"
"GRAD LABIN";"2025-12-29T00:00:00.000Z";"19070 VINEŽ 308-316";"           ";"LABIN";;"EUR";"355.62";"R0355 Troškovi pričuve stanova";"400       01 UPRAVNI ODJEL ZA KOMUNALNO GOSPODARSTVO I UPRAVLJANJE IMOVINOM";"L01 4002A400001 Održavanje stambenih prostora";"1.1.001    1.OPĆI PRIHODI I PRIMICI";"323470 Pričuva";"0660 Rashodi vezani za stanovanje i kom. pogodnosti koji nisu drugdje svrstani";"12241792";"PRIČUVA 10-12/2025 25/0004388";"2025-12-16T00:00:00.000Z";"2026-01-15T00:00:00.000Z";"HR0523400091310408738";"HR00 12241792-2136-19070"
"GRAD LABIN";"2025-12-29T00:00:00.000Z";"63010 1.MAJ 4";"           ";"LABIN";;"EUR";"117.75";"R0355 Troškovi pričuve stanova";"400       01 UPRAVNI ODJEL ZA KOMUNALNO GOSPODARSTVO I UPRAVLJANJE IMOVINOM";"L01 4002A400001 Održavanje stambenih prostora";"1.1.001    1.OPĆI PRIHODI I PRIMICI";"323470 Pričuva";"0660 Rashodi vezani za stanovanje i kom. pogodnosti koji nisu drugdje svrstani";"11875437";"PRIČUVA 10-12/2025 25/0004429";"2025-12-16T00:00:00.000Z";"2026-01-15T00:00:00.000Z";"HR0823400091310446902";"HR00 11875437-2136-63010"
"GRAD LABIN";"2025-12-29T00:00:00.000Z";"63010 1.MAJ 4";"           ";"LABIN";;"EUR";"576.72";"R0363 Troškovi pričuve poslovnih prostora";"400       01 UPRAVNI ODJEL ZA KOMUNALNO GOSPODARSTVO I UPRAVLJANJE IMOVINOM";"L01 4002A400002 Održavanje poslovnih prostora, štandova i privremenih priključaka";"1.1.001    1.OPĆI PRIHODI I PRIMICI";"323470 Pričuva";"0490 Ekonomski poslovi koji nisu drugdje svrstani";"11875437";"PRIČUVA 10-12/2025 25/0004429";"2025-12-16T00:00:00.000Z";"2026-01-15T00:00:00.000Z";"HR0823400091310446902";"HR00 11875437-2136-63010"
"GRAD LABIN";"2025-12-29T00:00:00.000Z";"91047 PRILAZ VETVA 14";"           ";"LABIN";;"EUR";"723.75";"R0355 Troškovi pričuve stanova";"400       01 UPRAVNI ODJEL ZA KOMUNALNO GOSPODARSTVO I UPRAVLJANJE IMOVINOM";"L01 4002A400001 Održavanje stambenih prostora";"1.1.001    1.OPĆI PRIHODI I PRIMICI";"323470 Pričuva";"0660 Rashodi vezani za stanovanje i kom. pogodnosti koji nisu drugdje svrstani";"12035513";"PRIČUVA 10-12/2025 25/0004414";"2025-12-16T00:00:00.000Z";"2026-01-15T00:00:00.000Z";"HR4724070003548013409";"HR00 12035513-2136-91047"
"GRAD LABIN";"2025-12-29T00:00:00.000Z";"54030 KARLA KRANJCA 3";"           ";"LABIN";;"EUR";"771.03";"R0355 Troškovi pričuve stanova";"400       01 UPRAVNI ODJEL ZA KOMUNALNO GOSPODARSTVO I UPRAVLJANJE IMOVINOM";"L01 4002A400001 Održavanje stambenih prostora";"1.1.001    1.OPĆI PRIHODI I PRIMICI";"323470 Pričuva";"0660 Rashodi vezani za stanovanje i kom. pogodnosti koji nisu drugdje svrstani";"11858516";"PRIČUVA 10-12/2025 25/0004407";"2025-12-16T00:00:00.000Z";"2026-01-15T00:00:00.000Z";"HR1123400091310751331";"HR00 11858516-2136-54030"
"GRAD LABIN";"2025-12-29T00:00:00.000Z";"51030 KARLA KRANJCA 9";"           ";"LABIN";;"EUR";"874.02";"R0355 Troškovi pričuve stanova";"400       01 UPRAVNI ODJEL ZA KOMUNALNO GOSPODARSTVO I UPRAVLJANJE IMOVINOM";"L01 4002A400001 Održavanje stambenih prostora";"1.1.001    1.OPĆI PRIHODI I PRIMICI";"323470 Pričuva";"0660 Rashodi vezani za stanovanje i kom. pogodnosti koji nisu drugdje svrstani";"11962313";"PRIČUVA 10-12/2025 25/0004405";"2025-12-16T00:00:00.000Z";"2026-01-15T00:00:00.000Z";"HR6023400091310704859";"HR00 11962313-2136-51030"
"GRAD LABIN";"2025-12-29T00:00:00.000Z";"43033 ANTONA SELANA 13";"           ";"LABIN";;"EUR";"233.88";"R0355 Troškovi pričuve stanova";"400       01 UPRAVNI ODJEL ZA KOMUNALNO GOSPODARSTVO I UPRAVLJANJE IMOVINOM";"L01 4002A400001 Održavanje stambenih prostora";"1.1.001    1.OPĆI PRIHODI I PRIMICI";"323470 Pričuva";"0660 Rashodi vezani za stanovanje i kom. pogodnosti koji nisu drugdje svrstani";"12028550";"PRIČUVA 10-12/2025 25/0004427";"2025-12-16T00:00:00.000Z";"2026-01-15T00:00:00.000Z";"HR4723400091310411862";"HR00 12028550-2136-43033"
"GRAD LABIN";"2025-12-29T00:00:00.000Z";"43033 ANTONA SELANA 13";"           ";"LABIN";;"EUR";"647.94";"R0363 Troškovi pričuve poslovnih prostora";"400       01 UPRAVNI ODJEL ZA KOMUNALNO GOSPODARSTVO I UPRAVLJANJE IMOVINOM";"L01 4002A400002 Održavanje poslovnih prostora, štandova i privremenih priključaka";"1.1.001    1.OPĆI PRIHODI I PRIMICI";"323470 Pričuva";"0490 Ekonomski poslovi koji nisu drugdje svrstani";"12028550";"PRIČUVA 10-12/2025 25/0004427";"2025-12-16T00:00:00.000Z";"2026-01-15T00:00:00.000Z";"HR4723400091310411862";"HR00 12028550-2136-43033"
"GRAD LABIN";"2025-12-29T00:00:00.000Z";"47030 KARLA KRANJCA 17";"           ";"LABIN";;"EUR";"932.13";"R0355 Troškovi pričuve stanova";"400       01 UPRAVNI ODJEL ZA KOMUNALNO GOSPODARSTVO I UPRAVLJANJE IMOVINOM";"L01 4002A400001 Održavanje stambenih prostora";"1.1.001    1.OPĆI PRIHODI I PRIMICI";"323470 Pričuva";"0660 Rashodi vezani za stanovanje i kom. pogodnosti koji nisu drugdje svrstani";"12072117";"PRIČUVA 10-12/2025 25/0004403";"2025-12-16T00:00:00.000Z";"2026-01-15T00:00:00.000Z";"HR3023400091310612958";"HR00 12072117-2136-47030"
"GRAD LABIN";"2025-12-29T00:00:00.000Z";"28031 KARLA KRANJCA 12";"           ";"LABIN";;"EUR";"82.02";"R0355 Troškovi pričuve stanova";"400       01 UPRAVNI ODJEL ZA KOMUNALNO GOSPODARSTVO I UPRAVLJANJE IMOVINOM";"L01 4002A400001 Održavanje stambenih prostora";"1.1.001    1.OPĆI PRIHODI I PRIMICI";"323470 Pričuva";"0660 Rashodi vezani za stanovanje i kom. pogodnosti koji nisu drugdje svrstani";"12013919";"PRIČUVA 10-12/2025 25/0004391";"2025-12-16T00:00:00.000Z";"2026-01-15T00:00:00.000Z";"HR6524070003548014055";"HR00 12013919-2136-28031"
"GRAD LABIN";"2025-12-29T00:00:00.000Z";"200580 MATIJE VLAČIĆA 22";"           ";"LABIN";;"EUR";"105.27";"R0355 Troškovi pričuve stanova";"400       01 UPRAVNI ODJEL ZA KOMUNALNO GOSPODARSTVO I UPRAVLJANJE IMOVINOM";"L01 4002A400001 Održavanje stambenih prostora";"1.1.001    1.OPĆI PRIHODI I PRIMICI";"323470 Pričuva";"0660 Rashodi vezani za stanovanje i kom. pogodnosti koji nisu drugdje svrstani";"12268674";"PRIČUVA 10-12/2025 25/0004422";"2025-12-16T00:00:00.000Z";"2026-01-15T00:00:00.000Z";"HR5524070003507417601";"HR00 12268674-2136-200580"
"GRAD LABIN";"2025-12-29T00:00:00.000Z";"56037 ANTONA SELANA 11";"           ";"LABIN";;"EUR";"36.72";"R0363 Troškovi pričuve poslovnih prostora";"400       01 UPRAVNI ODJEL ZA KOMUNALNO GOSPODARSTVO I UPRAVLJANJE IMOVINOM";"L01 4002A400002 Održavanje poslovnih prostora, štandova i privremenih priključaka";"1.1.001    1.OPĆI PRIHODI I PRIMICI";"323470 Pričuva";"0490 Ekonomski poslovi koji nisu drugdje svrstani";"12005630";"PRIČUVA 10-12/2025 25/0004426";"2025-12-16T00:00:00.000Z";"2026-01-15T00:00:00.000Z";"HR7123400091310751124";"HR00 12005630-2136-56037"
"GRAD LABIN";"2025-12-29T00:00:00.000Z";"56037 ANTONA SELANA 11";"           ";"LABIN";;"EUR";"79.20";"R0355 Troškovi pričuve stanova";"400       01 UPRAVNI ODJEL ZA KOMUNALNO GOSPODARSTVO I UPRAVLJANJE IMOVINOM";"L01 4002A400001 Održavanje stambenih prostora";"1.1.001    1.OPĆI PRIHODI I PRIMICI";"323470 Pričuva";"0660 Rashodi vezani za stanovanje i kom. pogodnosti koji nisu drugdje svrstani";"12005630";"PRIČUVA 10-12/2025 25/0004426";"2025-12-16T00:00:00.000Z";"2026-01-15T00:00:00.000Z";"HR7123400091310751124";"HR00 12005630-2136-56037"
"GRAD LABIN";"2025-12-29T00:00:00.000Z";"24070 VINEŽ 318-326";"           ";"LABIN";;"EUR";"392.73";"R0355 Troškovi pričuve stanova";"400       01 UPRAVNI ODJEL ZA KOMUNALNO GOSPODARSTVO I UPRAVLJANJE IMOVINOM";"L01 4002A400001 Održavanje stambenih prostora";"1.1.001    1.OPĆI PRIHODI I PRIMICI";"323470 Pričuva";"0660 Rashodi vezani za stanovanje i kom. pogodnosti koji nisu drugdje svrstani";"12242632";"PRIČUVA 10-12/2025 25/0004390";"2025-12-16T00:00:00.000Z";"2026-01-15T00:00:00.000Z";"HR0724070003548013062";"HR00 12242632-2136-24070"
"GRAD LABIN";"2025-12-29T00:00:00.000Z";"9040 SENARI 21";"           ";"LABIN";;"EUR";"56.42";"R0355 Troškovi pričuve stanova";"400       01 UPRAVNI ODJEL ZA KOMUNALNO GOSPODARSTVO I UPRAVLJANJE IMOVINOM";"L01 4002A400001 Održavanje stambenih prostora";"1.1.001    1.OPĆI PRIHODI I PRIMICI";"323470 Pričuva";"0660 Rashodi vezani za stanovanje i kom. pogodnosti koji nisu drugdje svrstani";"12314757";"PRIČUVA 10-12/2025 25/0004423";"2025-12-16T00:00:00.000Z";"2026-01-15T00:00:00.000Z";"HR4724070003500021786";"HR00 12314757-2136-200622"
"GRAD LABIN";"2025-12-29T00:00:00.000Z";"46040 BALDA LUPETINA 2 i 4";"           ";"LABIN";;"EUR";"55.05";"R0355 Troškovi pričuve stanova";"400       01 UPRAVNI ODJEL ZA KOMUNALNO GOSPODARSTVO I UPRAVLJANJE IMOVINOM";"L01 4002A400001 Održavanje stambenih prostora";"1.1.001    1.OPĆI PRIHODI I PRIMICI";"323470 Pričuva";"0660 Rashodi vezani za stanovanje i kom. pogodnosti koji nisu drugdje svrstani";"11852275";"PRIČUVA 10-12/2025 25/0004402";"2025-12-16T00:00:00.000Z";"2026-01-15T00:00:00.000Z";"HR7724070003548011802";"HR00 11852275-2136-46040"
"GRAD LABIN";"2025-12-29T00:00:00.000Z";"200554 PRILAZ VETVA 16";"           ";"LABIN";;"EUR";"184.80";"R0355 Troškovi pričuve stanova";"400       01 UPRAVNI ODJEL ZA KOMUNALNO GOSPODARSTVO I UPRAVLJANJE IMOVINOM";"L01 4002A400001 Održavanje stambenih prostora";"1.1.001    1.OPĆI PRIHODI I PRIMICI";"323470 Pričuva";"0660 Rashodi vezani za stanovanje i kom. pogodnosti koji nisu drugdje svrstani";"12248398";"PRIČUVA 10-12/2025 25/0004420";"2025-12-16T00:00:00.000Z";"2026-01-15T00:00:00.000Z";"HR1323400091310407333";"HR00 12248398-2136-200554"
"GRAD LABIN";"2025-12-29T00:00:00.000Z";"59040 PRILAZ VALA 3";"           ";"LABIN";;"EUR";"55.02";"R0355 Troškovi pričuve stanova";"400       01 UPRAVNI ODJEL ZA KOMUNALNO GOSPODARSTVO I UPRAVLJANJE IMOVINOM";"L01 4002A400001 Održavanje stambenih prostora";"1.1.001    1.OPĆI PRIHODI I PRIMICI";"323470 Pričuva";"0660 Rashodi vezani za stanovanje i kom. pogodnosti koji nisu drugdje svrstani";"11861517";"PRIČUVA 10-12/2025 25/0004409";"2025-12-16T00:00:00.000Z";"2026-01-15T00:00:00.000Z";"HR0723400091310429557";"HR00 11861517-2136-59040"
"GRAD LABIN";"2025-12-29T00:00:00.000Z";"200516 VINEŽ 272-282";"           ";"LABIN";;"EUR";"188.76";"R0355 Troškovi pričuve stanova";"400       01 UPRAVNI ODJEL ZA KOMUNALNO GOSPODARSTVO I UPRAVLJANJE IMOVINOM";"L01 4002A400001 Održavanje stambenih prostora";"1.1.001    1.OPĆI PRIHODI I PRIMICI";"323470 Pričuva";"0660 Rashodi vezani za stanovanje i kom. pogodnosti koji nisu drugdje svrstani";"12362530";"PRIČUVA 10-12/2025 25/0004418";"2025-12-16T00:00:00.000Z";"2026-01-15T00:00:00.000Z";"HR6923400091310418353";"HR00 12362530-2136-200516"
"GRAD LABIN";"2025-12-29T00:00:00.000Z";"28041 VJEKOSLAVA SPINČIĆA 9";"           ";"LABIN";;"EUR";"55.02";"R0355 Troškovi pričuve stanova";"400       01 UPRAVNI ODJEL ZA KOMUNALNO GOSPODARSTVO I UPRAVLJANJE IMOVINOM";"L01 4002A400001 Održavanje stambenih prostora";"1.1.001    1.OPĆI PRIHODI I PRIMICI";"323470 Pričuva";"0660 Rashodi vezani za stanovanje i kom. pogodnosti koji nisu drugdje svrstani";"11969393";"PRIČUVA 10-12/2025 25/0004393";"2025-12-16T00:00:00.000Z";"2026-01-15T00:00:00.000Z";"HR5624070003548013247";"HR00 11969393-2136-28041"
"GRAD LABIN";"2025-12-29T00:00:00.000Z";"30040 MATKA LAGINJE 5 i 7";"           ";"LABIN";;"EUR";"54.78";"R0355 Troškovi pričuve stanova";"400       01 UPRAVNI ODJEL ZA KOMUNALNO GOSPODARSTVO I UPRAVLJANJE IMOVINOM";"L01 4002A400001 Održavanje stambenih prostora";"1.1.001    1.OPĆI PRIHODI I PRIMICI";"323470 Pričuva";"0660 Rashodi vezani za stanovanje i kom. pogodnosti koji nisu drugdje svrstani";"11912510";"PRIČUVA 10-12/2025 25/0004395";"2025-12-16T00:00:00.000Z";"2026-01-15T00:00:00.000Z";"HR5223400091310414391";"HR00 11912510-2136-30040"
"GRAD LABIN";"2025-12-29T00:00:00.000Z";"29041 VJEKOSLAVA SPINČIĆA 13";"           ";"LABIN";;"EUR";"54.78";"R0355 Troškovi pričuve stanova";"400       01 UPRAVNI ODJEL ZA KOMUNALNO GOSPODARSTVO I UPRAVLJANJE IMOVINOM";"L01 4002A400001 Održavanje stambenih prostora";"1.1.001    1.OPĆI PRIHODI I PRIMICI";"323470 Pričuva";"0660 Rashodi vezani za stanovanje i kom. pogodnosti koji nisu drugdje svrstani";"12029394";"PRIČUVA 10-12/2025 25/0004394";"2025-12-16T00:00:00.000Z";"2026-01-15T00:00:00.000Z";"HR1624070003548013191";"HR00 12029394-2136-29041"
"GRAD LABIN";"2025-12-29T00:00:00.000Z";"28040 VJEKOSLAVA SPINČIĆA 11";"           ";"LABIN";;"EUR";"54.78";"R0355 Troškovi pričuve stanova";"400       01 UPRAVNI ODJEL ZA KOMUNALNO GOSPODARSTVO I UPRAVLJANJE IMOVINOM";"L01 4002A400001 Održavanje stambenih prostora";"1.1.001    1.OPĆI PRIHODI I PRIMICI";"323470 Pričuva";"0660 Rashodi vezani za stanovanje i kom. pogodnosti koji nisu drugdje svrstani";"12009598";"PRIČUVA 10-12/2025 25/0004392";"2025-12-16T00:00:00.000Z";"2026-01-15T00:00:00.000Z";"HR8624070003548013095";"HR00 12009598-2136-28040"
"GRAD LABIN";"2025-12-29T00:00:00.000Z";"20041 MATKA LAGINJE 2 i 4";"           ";"LABIN";;"EUR";"54.51";"R0355 Troškovi pričuve stanova";"400       01 UPRAVNI ODJEL ZA KOMUNALNO GOSPODARSTVO I UPRAVLJANJE IMOVINOM";"L01 4002A400001 Održavanje stambenih prostora";"1.1.001    1.OPĆI PRIHODI I PRIMICI";"323470 Pričuva";"0660 Rashodi vezani za stanovanje i kom. pogodnosti koji nisu drugdje svrstani";"11838710";"PRIČUVA 10-12/2025 25/0004389";"2025-12-16T00:00:00.000Z";"2026-01-15T00:00:00.000Z";"HR6924070003500003445";"HR00 11838710-2136-20041"
"GRAD LABIN";"2025-12-29T00:00:00.000Z";"200566 ISTARSKA 19";"           ";"LABIN";;"EUR";"47.97";"R0355 Troškovi pričuve stanova";"400       01 UPRAVNI ODJEL ZA KOMUNALNO GOSPODARSTVO I UPRAVLJANJE IMOVINOM";"L01 4002A400001 Održavanje stambenih prostora";"1.1.001    1.OPĆI PRIHODI I PRIMICI";"323470 Pričuva";"0660 Rashodi vezani za stanovanje i kom. pogodnosti koji nisu drugdje svrstani";"12255238";"PRIČUVA 10-12/2025 25/0004421";"2025-12-16T00:00:00.000Z";"2026-01-15T00:00:00.000Z";"HR6424070003507411037";"HR00 12255238-2136-200566"
"GRAD LABIN";"2025-12-29T00:00:00.000Z";"68030 KARLA KRANJCA 31";"           ";"LABIN";;"EUR";"46.65";"R0355 Troškovi pričuve stanova";"400       01 UPRAVNI ODJEL ZA KOMUNALNO GOSPODARSTVO I UPRAVLJANJE IMOVINOM";"L01 4002A400001 Održavanje stambenih prostora";"1.1.001    1.OPĆI PRIHODI I PRIMICI";"323470 Pričuva";"0660 Rashodi vezani za stanovanje i kom. pogodnosti koji nisu drugdje svrstani";"12166910";"PRIČUVA 10-12/2025 25/0004410";"2025-12-16T00:00:00.000Z";"2026-01-15T00:00:00.000Z";"HR2523400091310538067";"HR00 12166910-2136-68030"
"GRAD LABIN";"2025-12-29T00:00:00.000Z";"18070 VINEŽ 242-256";"           ";"LABIN";;"EUR";"46.26";"R0355 Troškovi pričuve stanova";"400       01 UPRAVNI ODJEL ZA KOMUNALNO GOSPODARSTVO I UPRAVLJANJE IMOVINOM";"L01 4002A400001 Održavanje stambenih prostora";"1.1.001    1.OPĆI PRIHODI I PRIMICI";"323470 Pričuva";"0660 Rashodi vezani za stanovanje i kom. pogodnosti koji nisu drugdje svrstani";"12238198";"PRIČUVA 10-12/2025 25/0004386";"2025-12-16T00:00:00.000Z";"2026-01-15T00:00:00.000Z";"HR9123400091310411846";"HR00 12238198-2136-18070"
"GRAD LABIN";"2025-12-29T00:00:00.000Z";"49030 KARLA KRANJCA 13";"           ";"LABIN";;"EUR";"190.92";"R0355 Troškovi pričuve stanova";"400       01 UPRAVNI ODJEL ZA KOMUNALNO GOSPODARSTVO I UPRAVLJANJE IMOVINOM";"L01 4002A400001 Održavanje stambenih prostora";"1.1.001    1.OPĆI PRIHODI I PRIMICI";"323470 Pričuva";"0660 Rashodi vezani za stanovanje i kom. pogodnosti koji nisu drugdje svrstani";"12020990";"PRIČUVA 10-12/2025 25/0004404";"2025-12-16T00:00:00.000Z";"2026-01-15T00:00:00.000Z";"HR9123400091310464517";"HR00 12020990-2136-49030"
"GRAD LABIN";"2025-12-29T00:00:00.000Z";"54041 ZELENICE 20";"           ";"LABIN";;"EUR";"104.88";"R0363 Troškovi pričuve poslovnih prostora";"400       01 UPRAVNI ODJEL ZA KOMUNALNO GOSPODARSTVO I UPRAVLJANJE IMOVINOM";"L01 4002A400002 Održavanje poslovnih prostora, štandova i privremenih priključaka";"1.1.001    1.OPĆI PRIHODI I PRIMICI";"323470 Pričuva";"0490 Ekonomski poslovi koji nisu drugdje svrstani";"12098957";"PRIČUVA 10-12/2025 25/0004431";"2025-12-16T00:00:00.000Z";"2026-01-15T00:00:00.000Z";"HR7123400091310657810";"HR00 12098957-2136-54041"
"GRAD LABIN";"2025-12-29T00:00:00.000Z";"54041 ZELENICE 20";"           ";"LABIN";;"EUR";"46.77";"R0355 Troškovi pričuve stanova";"400       01 UPRAVNI ODJEL ZA KOMUNALNO GOSPODARSTVO I UPRAVLJANJE IMOVINOM";"L01 4002A400001 Održavanje stambenih prostora";"1.1.001    1.OPĆI PRIHODI I PRIMICI";"323470 Pričuva";"0660 Rashodi vezani za stanovanje i kom. pogodnosti koji nisu drugdje svrstani";"12098957";"PRIČUVA 10-12/2025 25/0004431";"2025-12-16T00:00:00.000Z";"2026-01-15T00:00:00.000Z";"HR7123400091310657810";"HR00 12098957-2136-54041"
"GRAD LABIN";"2025-12-29T00:00:00.000Z";"70031 43.ISTARSKE DIVIZIJE 18-18/1-9";"           ";"LABIN";;"EUR";"291.60";"R0355 Troškovi pričuve stanova";"400       01 UPRAVNI ODJEL ZA KOMUNALNO GOSPODARSTVO I UPRAVLJANJE IMOVINOM";"L01 4002A400001 Održavanje stambenih prostora";"1.1.001    1.OPĆI PRIHODI I PRIMICI";"323470 Pričuva";"0660 Rashodi vezani za stanovanje i kom. pogodnosti koji nisu drugdje svrstani";"12089753";"PRIČUVA 10-12/2025 25/0004413";"2025-12-16T00:00:00.000Z";"2026-01-15T00:00:00.000Z";"HR2323400091310450706";"HR00 12089753-2136-70031"
"GRAD LABIN";"2025-12-29T00:00:00.000Z";"16070 VINEŽ 212-224";"           ";"LABIN";;"EUR";"137.91";"R0355 Troškovi pričuve stanova";"400       01 UPRAVNI ODJEL ZA KOMUNALNO GOSPODARSTVO I UPRAVLJANJE IMOVINOM";"L01 4002A400001 Održavanje stambenih prostora";"1.1.001    1.OPĆI PRIHODI I PRIMICI";"323470 Pričuva";"0660 Rashodi vezani za stanovanje i kom. pogodnosti koji nisu drugdje svrstani";"12236632";"PRIČUVA 10-12/2025 25/0004383";"2025-12-16T00:00:00.000Z";"2026-01-15T00:00:00.000Z";"HR4423400091310947162";"HR00 12236632-2136-16070"
"GRAD LABIN";"2025-12-29T00:00:00.000Z";"14071 VINEŽ 182-194";"           ";"LABIN";;"EUR";"538.47";"R0355 Troškovi pričuve stanova";"400       01 UPRAVNI ODJEL ZA KOMUNALNO GOSPODARSTVO I UPRAVLJANJE IMOVINOM";"L01 4002A400001 Održavanje stambenih prostora";"1.1.001    1.OPĆI PRIHODI I PRIMICI";"323470 Pričuva";"0660 Rashodi vezani za stanovanje i kom. pogodnosti koji nisu drugdje svrstani";"12234230";"PRIČUVA 10-12/2025 25/0004382";"2025-12-16T00:00:00.000Z";"2026-01-15T00:00:00.000Z";"HR0324070003548013425";"HR00 12234230-2136-14071"
"GRAD LABIN";"2025-12-29T00:00:00.000Z";"13071 VINEŽ 168-180";"           ";"LABIN";;"EUR";"129.60";"R0355 Troškovi pričuve stanova";"400       01 UPRAVNI ODJEL ZA KOMUNALNO GOSPODARSTVO I UPRAVLJANJE IMOVINOM";"L01 4002A400001 Održavanje stambenih prostora";"1.1.001    1.OPĆI PRIHODI I PRIMICI";"323470 Pričuva";"0660 Rashodi vezani za stanovanje i kom. pogodnosti koji nisu drugdje svrstani";"12233510";"PRIČUVA 10-12/2025 25/0004381";"2025-12-16T00:00:00.000Z";"2026-01-15T00:00:00.000Z";"HR3223400091310812063";"HR00 12233510-2136-13071"
"GRAD LABIN";"2025-12-29T00:00:00.000Z";"11070 VINEŽ 152-164";"           ";"LABIN";;"EUR";"255.90";"R0355 Troškovi pričuve stanova";"400       01 UPRAVNI ODJEL ZA KOMUNALNO GOSPODARSTVO I UPRAVLJANJE IMOVINOM";"L01 4002A400001 Održavanje stambenih prostora";"1.1.001    1.OPĆI PRIHODI I PRIMICI";"323470 Pričuva";"0660 Rashodi vezani za stanovanje i kom. pogodnosti koji nisu drugdje svrstani";"12231959";"PRIČUVA 10-12/2025 25/0004380";"2025-12-16T00:00:00.000Z";"2026-01-15T00:00:00.000Z";"HR9424070003548012563";"HR00 12231959-2136-11070"
"GRAD LABIN";"2025-12-29T00:00:00.000Z";"10070 VINEŽ 138-150";"           ";"LABIN";;"EUR";"292.14";"R0355 Troškovi pričuve stanova";"400       01 UPRAVNI ODJEL ZA KOMUNALNO GOSPODARSTVO I UPRAVLJANJE IMOVINOM";"L01 4002A400001 Održavanje stambenih prostora";"1.1.001    1.OPĆI PRIHODI I PRIMICI";"323470 Pričuva";"0660 Rashodi vezani za stanovanje i kom. pogodnosti koji nisu drugdje svrstani";"12228958";"PRIČUVA 10-12/2025 25/0004379";"2025-12-16T00:00:00.000Z";"2026-01-15T00:00:00.000Z";"HR4124070003548012547";"HR00 12228958-2136-10070"
"GRAD LABIN";"2025-12-29T00:00:00.000Z";"10021 VILETE 20";"           ";"LABIN";;"EUR";"202.77";"R0355 Troškovi pričuve stanova";"400       01 UPRAVNI ODJEL ZA KOMUNALNO GOSPODARSTVO I UPRAVLJANJE IMOVINOM";"L01 4002A400001 Održavanje stambenih prostora";"1.1.001    1.OPĆI PRIHODI I PRIMICI";"323470 Pričuva";"0660 Rashodi vezani za stanovanje i kom. pogodnosti koji nisu drugdje svrstani";"12101397";"PRIČUVA 10-12/2025 25/0004378";"2025-12-16T00:00:00.000Z";"2026-01-15T00:00:00.000Z";"HR0523400091310419602";"HR00 12101397-2136-10021"
"GRAD LABIN";"2025-12-29T00:00:00.000Z";"9021 KARLA KRANJCA 19";"           ";"LABIN";;"EUR";"80.70";"R0355 Troškovi pričuve stanova";"400       01 UPRAVNI ODJEL ZA KOMUNALNO GOSPODARSTVO I UPRAVLJANJE IMOVINOM";"L01 4002A400001 Održavanje stambenih prostora";"1.1.001    1.OPĆI PRIHODI I PRIMICI";"323470 Pričuva";"0660 Rashodi vezani za stanovanje i kom. pogodnosti koji nisu drugdje svrstani";"12092150";"PRIČUVA 10-12/2025 25/0004377";"2025-12-16T00:00:00.000Z";"2026-01-15T00:00:00.000Z";"HR4424070003548014918";"HR00 12092150-2136-9021"
"GRAD LABIN";"2025-12-29T00:00:00.000Z";"7041 SENARI 13";"           ";"LABIN";;"EUR";"54.99";"R0355 Troškovi pričuve stanova";"400       01 UPRAVNI ODJEL ZA KOMUNALNO GOSPODARSTVO I UPRAVLJANJE IMOVINOM";"L01 4002A400001 Održavanje stambenih prostora";"1.1.001    1.OPĆI PRIHODI I PRIMICI";"323470 Pričuva";"0660 Rashodi vezani za stanovanje i kom. pogodnosti koji nisu drugdje svrstani";"12029157";"PRIČUVA 10-12/2025 25/0004376";"2025-12-16T00:00:00.000Z";"2026-01-15T00:00:00.000Z";"HR4524070003548014803";"HR00 12029157-2136-7041"
"GRAD LABIN";"2025-12-29T00:00:00.000Z";"5041 SENARI 5 i 7";"           ";"LABIN";;"EUR";"54.51";"R0355 Troškovi pričuve stanova";"400       01 UPRAVNI ODJEL ZA KOMUNALNO GOSPODARSTVO I UPRAVLJANJE IMOVINOM";"L01 4002A400001 Održavanje stambenih prostora";"1.1.001    1.OPĆI PRIHODI I PRIMICI";"323470 Pričuva";"0660 Rashodi vezani za stanovanje i kom. pogodnosti koji nisu drugdje svrstani";"11903031";"PRIČUVA 10-12/2025 25/0004375";"2025-12-16T00:00:00.000Z";"2026-01-15T00:00:00.000Z";"HR3524070003500003863";"HR00 11903031-2136-5041"
"GRAD LABIN";"2025-12-29T00:00:00.000Z";"3041 SENARI 10";"           ";"LABIN";;"EUR";"54.78";"R0355 Troškovi pričuve stanova";"400       01 UPRAVNI ODJEL ZA KOMUNALNO GOSPODARSTVO I UPRAVLJANJE IMOVINOM";"L01 4002A400001 Održavanje stambenih prostora";"1.1.001    1.OPĆI PRIHODI I PRIMICI";"323470 Pričuva";"0660 Rashodi vezani za stanovanje i kom. pogodnosti koji nisu drugdje svrstani";"11983795";"PRIČUVA 10-12/2025 25/0004374";"2025-12-16T00:00:00.000Z";"2026-01-15T00:00:00.000Z";"HR2024070003548014477";"HR00 11983795-2136-3041"
"GRAD LABIN";"2025-12-29T00:00:00.000Z";"3031 RUDARSKA 17";"           ";"LABIN";;"EUR";"84.12";"R0355 Troškovi pričuve stanova";"400       01 UPRAVNI ODJEL ZA KOMUNALNO GOSPODARSTVO I UPRAVLJANJE IMOVINOM";"L01 4002A400001 Održavanje stambenih prostora";"1.1.001    1.OPĆI PRIHODI I PRIMICI";"323470 Pričuva";"0660 Rashodi vezani za stanovanje i kom. pogodnosti koji nisu drugdje svrstani";"12073318";"PRIČUVA 10-12/2025 25/0004373";"2025-12-16T00:00:00.000Z";"2026-01-15T00:00:00.000Z";"HR4324070003548015130";"HR00 12073318-2136-3031"
"GRAD LABIN";"2025-12-29T00:00:00.000Z";"2031 RUDARSKA 15";"           ";"LABIN";;"EUR";"75.72";"R0355 Troškovi pričuve stanova";"400       01 UPRAVNI ODJEL ZA KOMUNALNO GOSPODARSTVO I UPRAVLJANJE IMOVINOM";"L01 4002A400001 Održavanje stambenih prostora";"1.1.001    1.OPĆI PRIHODI I PRIMICI";"323470 Pričuva";"0660 Rashodi vezani za stanovanje i kom. pogodnosti koji nisu drugdje svrstani";"12044750";"PRIČUVA 10-12/2025 25/0004372";"2025-12-16T00:00:00.000Z";"2026-01-15T00:00:00.000Z";"HR1624070003548014549";"HR00 12044750-2136-2031"
"GRAD LABIN";"2025-12-29T00:00:00.000Z";"1031 RUDARSKA 11";"           ";"LABIN";;"EUR";"75.72";"R0355 Troškovi pričuve stanova";"400       01 UPRAVNI ODJEL ZA KOMUNALNO GOSPODARSTVO I UPRAVLJANJE IMOVINOM";"L01 4002A400001 Održavanje stambenih prostora";"1.1.001    1.OPĆI PRIHODI I PRIMICI";"323470 Pričuva";"0660 Rashodi vezani za stanovanje i kom. pogodnosti koji nisu drugdje svrstani";"11997710";"PRIČUVA 10-12/2025 25/0004371";"2025-12-16T00:00:00.000Z";"2026-01-15T00:00:00.000Z";"HR0824070003548014887";"HR00 11997710-2136-1031"
"GRAD LABIN";"2025-12-29T00:00:00.000Z";"55041 KARLA KRANJCA 1";"           ";"LABIN";;"EUR";"111.48";"R0355 Troškovi pričuve stanova";"400       01 UPRAVNI ODJEL ZA KOMUNALNO GOSPODARSTVO I UPRAVLJANJE IMOVINOM";"L01 4002A400001 Održavanje stambenih prostora";"1.1.001    1.OPĆI PRIHODI I PRIMICI";"323470 Pričuva";"0660 Rashodi vezani za stanovanje i kom. pogodnosti koji nisu drugdje svrstani";"12323870";"PRIČUVA 10-12/2025 25/0004370";"2025-12-16T00:00:00.000Z";"2026-01-15T00:00:00.000Z";"HR4624070003548015076";"HR00 12323870-2136-2025"
"GRAD LABIN";"2025-12-29T00:00:00.000Z";"8042 SENARI 19";"           ";"LABIN";;"EUR";"54.99";"R0355 Troškovi pričuve stanova";"400       01 UPRAVNI ODJEL ZA KOMUNALNO GOSPODARSTVO I UPRAVLJANJE IMOVINOM";"L01 4002A400001 Održavanje stambenih prostora";"1.1.001    1.OPĆI PRIHODI I PRIMICI";"323470 Pričuva";"0660 Rashodi vezani za stanovanje i kom. pogodnosti koji nisu drugdje svrstani";"12093599";"PRIČUVA 10-12/2025 25/0004368";"2025-12-16T00:00:00.000Z";"2026-01-15T00:00:00.000Z";"HR2324070003548014811";"HR00 12093599-2136-8042"
"GRAD LABIN";"2025-12-29T00:00:00.000Z";"100014 RUDARSKA 1";"           ";"LABIN";;"EUR";"2051.19";"R0363 Troškovi pričuve poslovnih prostora";"400       01 UPRAVNI ODJEL ZA KOMUNALNO GOSPODARSTVO I UPRAVLJANJE IMOVINOM";"L01 4002A400002 Održavanje poslovnih prostora, štandova i privremenih priključaka";"1.1.001    1.OPĆI PRIHODI I PRIMICI";"323470 Pričuva";"0490 Ekonomski poslovi koji nisu drugdje svrstani";"11812435";"PRIČUVA 10-12/2025 25/0004367";"2025-12-16T00:00:00.000Z";"2026-01-15T00:00:00.000Z";"HR3923400091310407350";"HR00 11812435-2136-100014"
"GRAD LABIN";"2025-12-29T00:00:00.000Z";"200545 OBALA M.TITA 53";"           ";"RABAC";;"EUR";"272.16";"R0363 Troškovi pričuve poslovnih prostora";"400       01 UPRAVNI ODJEL ZA KOMUNALNO GOSPODARSTVO I UPRAVLJANJE IMOVINOM";"L01 4002A400002 Održavanje poslovnih prostora, štandova i privremenih priključaka";"1.1.001    1.OPĆI PRIHODI I PRIMICI";"323470 Pričuva";"0490 Ekonomski poslovi koji nisu drugdje svrstani";"12249718";"PRIČUVA 10-12/2025 25/0004366";"2025-12-16T00:00:00.000Z";"2026-01-15T00:00:00.000Z";"HR4823400091310418634";"HR00 12249718-2136-200545"
"GRAD LABIN";"2025-12-29T00:00:00.000Z";"200536 KALIC 2";"           ";"LABIN";;"EUR";"157.68";"R0363 Troškovi pričuve poslovnih prostora";"400       01 UPRAVNI ODJEL ZA KOMUNALNO GOSPODARSTVO I UPRAVLJANJE IMOVINOM";"L01 4002A400002 Održavanje poslovnih prostora, štandova i privremenih priključaka";"1.1.001    1.OPĆI PRIHODI I PRIMICI";"323470 Pričuva";"0490 Ekonomski poslovi koji nisu drugdje svrstani";"11834277";"PRIČUVA 10-12/2025 25/0004365";"2025-12-16T00:00:00.000Z";"2026-01-15T00:00:00.000Z";"HR6724070003507402253";"HR00 11834277-2136-200536"
"GRAD LABIN";"2025-12-29T00:00:00.000Z";"200526 ALDO NEGRI 3-4";"           ";"LABIN";;"EUR";"248.40";"R0363 Troškovi pričuve poslovnih prostora";"400       01 UPRAVNI ODJEL ZA KOMUNALNO GOSPODARSTVO I UPRAVLJANJE IMOVINOM";"L01 4002A400002 Održavanje poslovnih prostora, štandova i privremenih priključaka";"1.1.001    1.OPĆI PRIHODI I PRIMICI";"323470 Pričuva";"0490 Ekonomski poslovi koji nisu drugdje svrstani";"11871113";"PRIČUVA 10-12/2025 25/0004364";"2025-12-16T00:00:00.000Z";"2026-01-15T00:00:00.000Z";"HR3423400091310446919";"HR00 11871113-2136-200526"
"GRAD LABIN";"2025-12-29T00:00:00.000Z";"200522 ISTARSKA 11";"           ";"LABIN";;"EUR";"75.84";"R0363 Troškovi pričuve poslovnih prostora";"400       01 UPRAVNI ODJEL ZA KOMUNALNO GOSPODARSTVO I UPRAVLJANJE IMOVINOM";"L01 4002A400002 Održavanje poslovnih prostora, štandova i privremenih priključaka";"1.1.001    1.OPĆI PRIHODI I PRIMICI";"323470 Pričuva";"0490 Ekonomski poslovi koji nisu drugdje svrstani";"12254630";"PRIČUVA 10-12/2025 25/0004363";"2025-12-16T00:00:00.000Z";"2026-01-15T00:00:00.000Z";"HR4323400091310964640";"HR00 12254630-2136-200522"
"GRAD LABIN";"2025-12-29T00:00:00.000Z";"200505 UČKA 6";"           ";"LABIN";;"EUR";"103.65";"R0363 Troškovi pričuve poslovnih prostora";"400       01 UPRAVNI ODJEL ZA KOMUNALNO GOSPODARSTVO I UPRAVLJANJE IMOVINOM";"L01 4002A400002 Održavanje poslovnih prostora, štandova i privremenih priključaka";"1.1.001    1.OPĆI PRIHODI I PRIMICI";"323470 Pričuva";"0490 Ekonomski poslovi koji nisu drugdje svrstani";"11916478";"PRIČUVA 10-12/2025 25/0004362";"2025-12-16T00:00:00.000Z";"2026-01-15T00:00:00.000Z";"HR5224070003500009474";"HR00 11916478-2136-200505"
"GRAD LABIN";"2025-12-29T00:00:00.000Z";"200397 ALDO NEGRI 8";"           ";"LABIN";;"EUR";"274.32";"R0363 Troškovi pričuve poslovnih prostora";"400       01 UPRAVNI ODJEL ZA KOMUNALNO GOSPODARSTVO I UPRAVLJANJE IMOVINOM";"L01 4002A400002 Održavanje poslovnih prostora, štandova i privremenih priključaka";"1.1.001    1.OPĆI PRIHODI I PRIMICI";"323470 Pričuva";"0490 Ekonomski poslovi koji nisu drugdje svrstani";"11946474";"PRIČUVA 10-12/2025 25/0004361";"2025-12-16T00:00:00.000Z";"2026-01-15T00:00:00.000Z";"HR1823400091310408795";"HR00 11946474-2136-200397"
"GRAD LABIN";"2025-12-29T00:00:00.000Z";"200377 UČKA 1";"           ";"LABIN";;"EUR";"33.12";"R0363 Troškovi pričuve poslovnih prostora";"400       01 UPRAVNI ODJEL ZA KOMUNALNO GOSPODARSTVO I UPRAVLJANJE IMOVINOM";"L01 4002A400002 Održavanje poslovnih prostora, štandova i privremenih priključaka";"1.1.001    1.OPĆI PRIHODI I PRIMICI";"323470 Pričuva";"0490 Ekonomski poslovi koji nisu drugdje svrstani";"11814357";"PRIČUVA 10-12/2025 25/0004360";"2025-12-16T00:00:00.000Z";"2026-01-15T00:00:00.000Z";"HR9324070003500005535";"HR00 11814357-2136-200377"
"GRAD LABIN";"2025-12-29T00:00:00.000Z";"91011 G.MARTINUZZI 23";"           ";"LABIN";;"EUR";"267.48";"R0363 Troškovi pričuve poslovnih prostora";"400       01 UPRAVNI ODJEL ZA KOMUNALNO GOSPODARSTVO I UPRAVLJANJE IMOVINOM";"L01 4002A400002 Održavanje poslovnih prostora, štandova i privremenih priključaka";"1.1.001    1.OPĆI PRIHODI I PRIMICI";"323470 Pričuva";"0490 Ekonomski poslovi koji nisu drugdje svrstani";"12256919";"PRIČUVA 10-12/2025 25/0004358";"2025-12-16T00:00:00.000Z";"2026-01-15T00:00:00.000Z";"HR1023400091311073971";"HR00 12256919-2136-91011"
"GRAD LABIN";"2025-12-29T00:00:00.000Z";"87040 SV.MIKULE 5";"           ";"LABIN";;"EUR";"135.63";"R0363 Troškovi pričuve poslovnih prostora";"400       01 UPRAVNI ODJEL ZA KOMUNALNO GOSPODARSTVO I UPRAVLJANJE IMOVINOM";"L01 4002A400002 Održavanje poslovnih prostora, štandova i privremenih priključaka";"1.1.001    1.OPĆI PRIHODI I PRIMICI";"323470 Pričuva";"0490 Ekonomski poslovi koji nisu drugdje svrstani";"11906391";"PRIČUVA 10-12/2025 25/0004357";"2025-12-16T00:00:00.000Z";"2026-01-15T00:00:00.000Z";"HR2624070003548013011";"HR00 11906391-2136-87040"
"GRAD LABIN";"2025-12-29T00:00:00.000Z";"86041 ISTARSKA 14";"           ";"LABIN";;"EUR";"73.44";"R0363 Troškovi pričuve poslovnih prostora";"400       01 UPRAVNI ODJEL ZA KOMUNALNO GOSPODARSTVO I UPRAVLJANJE IMOVINOM";"L01 4002A400002 Održavanje poslovnih prostora, štandova i privremenih priključaka";"1.1.001    1.OPĆI PRIHODI I PRIMICI";"323470 Pričuva";"0490 Ekonomski poslovi koji nisu drugdje svrstani";"12040673";"PRIČUVA 10-12/2025 25/0004356";"2025-12-16T00:00:00.000Z";"2026-01-15T00:00:00.000Z";"HR6724070003548011691";"HR00 12040673-2136-86041"
"GRAD LABIN";"2025-12-29T00:00:00.000Z";"86040 ISTARSKA 12";"           ";"LABIN";;"EUR";"73.44";"R0363 Troškovi pričuve poslovnih prostora";"400       01 UPRAVNI ODJEL ZA KOMUNALNO GOSPODARSTVO I UPRAVLJANJE IMOVINOM";"L01 4002A400002 Održavanje poslovnih prostora, štandova i privremenih priključaka";"1.1.001    1.OPĆI PRIHODI I PRIMICI";"323470 Pričuva";"0490 Ekonomski poslovi koji nisu drugdje svrstani";"12019070";"PRIČUVA 10-12/2025 25/0004355";"2025-12-16T00:00:00.000Z";"2026-01-15T00:00:00.000Z";"HR8824070003548011992";"HR00 12019070-2136-86040"
"GRAD LABIN";"2025-12-29T00:00:00.000Z";"48030 KARLA KRANJCA 15";"           ";"LABIN";;"EUR";"122.40";"R0355 Troškovi pričuve stanova";"400       01 UPRAVNI ODJEL ZA KOMUNALNO GOSPODARSTVO I UPRAVLJANJE IMOVINOM";"L01 4002A400001 Održavanje stambenih prostora";"1.1.001    1.OPĆI PRIHODI I PRIMICI";"323470 Pričuva";"0660 Rashodi vezani za stanovanje i kom. pogodnosti koji nisu drugdje svrstani";"12323632";"PRIČUVA 10-12/2025 25/0004369";"2025-12-16T00:00:00.000Z";"2026-01-15T00:00:00.000Z";"HR7924070003548012057";"HR00 12323632-2136-2025"
"GRAD LABIN";"2025-12-29T00:00:00.000Z";"86011 G. MARTINUZZI 16";"           ";"LABIN";;"EUR";"54.00";"R0363 Troškovi pričuve poslovnih prostora";"400       01 UPRAVNI ODJEL ZA KOMUNALNO GOSPODARSTVO I UPRAVLJANJE IMOVINOM";"L01 4002A400002 Održavanje poslovnih prostora, štandova i privremenih priključaka";"1.1.001    1.OPĆI PRIHODI I PRIMICI";"323470 Pričuva";"0490 Ekonomski poslovi koji nisu drugdje svrstani";"12063231";"PRIČUVA 10-12/2025 25/0004354";"2025-12-16T00:00:00.000Z";"2026-01-15T00:00:00.000Z";"HR6524070003548015025";"HR00 12063231-2136-86011"
"GRAD LABIN";"2025-12-29T00:00:00.000Z";"85049 ISTARSKA 30";"           ";"LABIN";;"EUR";"103.68";"R0363 Troškovi pričuve poslovnih prostora";"400       01 UPRAVNI ODJEL ZA KOMUNALNO GOSPODARSTVO I UPRAVLJANJE IMOVINOM";"L01 4002A400002 Održavanje poslovnih prostora, štandova i privremenih priključaka";"1.1.001    1.OPĆI PRIHODI I PRIMICI";"323470 Pričuva";"0490 Ekonomski poslovi koji nisu drugdje svrstani";"12166316";"PRIČUVA 10-12/2025 25/0004353";"2025-12-16T00:00:00.000Z";"2026-01-15T00:00:00.000Z";"HR3524070003548014401";"HR00 12166316-2136-58049"
"GRAD LABIN";"2025-12-29T00:00:00.000Z";"85047 ISTARSKA 16";"           ";"LABIN";;"EUR";"102.33";"R0363 Troškovi pričuve poslovnih prostora";"400       01 UPRAVNI ODJEL ZA KOMUNALNO GOSPODARSTVO I UPRAVLJANJE IMOVINOM";"L01 4002A400002 Održavanje poslovnih prostora, štandova i privremenih priključaka";"1.1.001    1.OPĆI PRIHODI I PRIMICI";"323470 Pričuva";"0490 Ekonomski poslovi koji nisu drugdje svrstani";"12062634";"PRIČUVA 10-12/2025 25/0004352";"2025-12-16T00:00:00.000Z";"2026-01-15T00:00:00.000Z";"HR6224070003548012848";"HR00 12062634-2136-85047"
"GRAD LABIN";"2025-12-29T00:00:00.000Z";"84045 SVETOG MIKULE 21";"           ";"LABIN";;"EUR";"25.92";"R0363 Troškovi pričuve poslovnih prostora";"400       01 UPRAVNI ODJEL ZA KOMUNALNO GOSPODARSTVO I UPRAVLJANJE IMOVINOM";"L01 4002A400002 Održavanje poslovnih prostora, štandova i privremenih priključaka";"1.1.001    1.OPĆI PRIHODI I PRIMICI";"323470 Pričuva";"0490 Ekonomski poslovi koji nisu drugdje svrstani";"12109312";"PRIČUVA 10-12/2025 25/0004351";"2025-12-16T00:00:00.000Z";"2026-01-15T00:00:00.000Z";"HR1524070003548011851";"HR00 12109312-2136-84045"
"GRAD LABIN";"2025-12-29T00:00:00.000Z";"79043 PRILAZ GRIŽA 9";"           ";"LABIN";;"EUR";"242.58";"R0363 Troškovi pričuve poslovnih prostora";"400       01 UPRAVNI ODJEL ZA KOMUNALNO GOSPODARSTVO I UPRAVLJANJE IMOVINOM";"L01 4002A400002 Održavanje poslovnih prostora, štandova i privremenih priključaka";"1.1.001    1.OPĆI PRIHODI I PRIMICI";"323470 Pričuva";"0490 Ekonomski poslovi koji nisu drugdje svrstani";"11968559";"PRIČUVA 10-12/2025 25/0004349";"2025-12-16T00:00:00.000Z";"2026-01-15T00:00:00.000Z";"HR4423400091310536367";"HR00 11968559-2136-79043"
"GRAD LABIN";"2025-12-29T00:00:00.000Z";"72040 PRILAZ VALA 13";"           ";"LABIN";;"EUR";"188.52";"R0363 Troškovi pričuve poslovnih prostora";"400       01 UPRAVNI ODJEL ZA KOMUNALNO GOSPODARSTVO I UPRAVLJANJE IMOVINOM";"L01 4002A400002 Održavanje poslovnih prostora, štandova i privremenih priključaka";"1.1.001    1.OPĆI PRIHODI I PRIMICI";"323470 Pričuva";"0490 Ekonomski poslovi koji nisu drugdje svrstani";"12025550";"PRIČUVA 10-12/2025 25/0004348";"2025-12-16T00:00:00.000Z";"2026-01-15T00:00:00.000Z";"HR5423400091310408826";"HR00 12025550-2136-72040"
"GRAD LABIN";"2025-12-29T00:00:00.000Z";"65011 1.MAJ 2";"           ";"LABIN";;"EUR";"127.44";"R0363 Troškovi pričuve poslovnih prostora";"400       01 UPRAVNI ODJEL ZA KOMUNALNO GOSPODARSTVO I UPRAVLJANJE IMOVINOM";"L01 4002A400002 Održavanje poslovnih prostora, štandova i privremenih priključaka";"1.1.001    1.OPĆI PRIHODI I PRIMICI";"323470 Pričuva";"0490 Ekonomski poslovi koji nisu drugdje svrstani";"11832118";"PRIČUVA 10-12/2025 25/0004347";"2025-12-16T00:00:00.000Z";"2026-01-15T00:00:00.000Z";"HR5124070003548015277";"HR00 11832118-2136-65011"
"GRAD LABIN";"2025-12-29T00:00:00.000Z";"62011 1.MAJ 1";"           ";"LABIN";;"EUR";"56.16";"R0363 Troškovi pričuve poslovnih prostora";"400       01 UPRAVNI ODJEL ZA KOMUNALNO GOSPODARSTVO I UPRAVLJANJE IMOVINOM";"L01 4002A400002 Održavanje poslovnih prostora, štandova i privremenih priključaka";"1.1.001    1.OPĆI PRIHODI I PRIMICI";"323470 Pričuva";"0490 Ekonomski poslovi koji nisu drugdje svrstani";"11812672";"PRIČUVA 10-12/2025 25/0004346";"2025-12-16T00:00:00.000Z";"2026-01-15T00:00:00.000Z";"HR6823400091310410708";"HR00 11812672-2136-62011"
"GRAD LABIN";"2025-12-29T00:00:00.000Z";"58030 ZELENICE 25 i 27";"           ";"LABIN";;"EUR";"138.24";"R0363 Troškovi pričuve poslovnih prostora";"400       01 UPRAVNI ODJEL ZA KOMUNALNO GOSPODARSTVO I UPRAVLJANJE IMOVINOM";"L01 4002A400002 Održavanje poslovnih prostora, štandova i privremenih priključaka";"1.1.001    1.OPĆI PRIHODI I PRIMICI";"323470 Pričuva";"0490 Ekonomski poslovi koji nisu drugdje svrstani";"12141356";"PRIČUVA 10-12/2025 25/0004345";"2025-12-16T00:00:00.000Z";"2026-01-15T00:00:00.000Z";"HR4024070003548012856";"HR00 12141356-2136-58030"
"GRAD LABIN";"2025-12-29T00:00:00.000Z";"56033 ANTONA SELANA 7";"           ";"LABIN";;"EUR";"88.56";"R0363 Troškovi pričuve poslovnih prostora";"400       01 UPRAVNI ODJEL ZA KOMUNALNO GOSPODARSTVO I UPRAVLJANJE IMOVINOM";"L01 4002A400002 Održavanje poslovnih prostora, štandova i privremenih priključaka";"1.1.001    1.OPĆI PRIHODI I PRIMICI";"323470 Pričuva";"0490 Ekonomski poslovi koji nisu drugdje svrstani";"11934590";"PRIČUVA 10-12/2025 25/0004344";"2025-12-16T00:00:00.000Z";"2026-01-15T00:00:00.000Z";"HR7923400091310751077";"HR00 11934590-2136-56033"
"GRAD LABIN";"2025-12-29T00:00:00.000Z";"55009 1.MAJ 10";"           ";"LABIN";;"EUR";"110.16";"R0363 Troškovi pričuve poslovnih prostora";"400       01 UPRAVNI ODJEL ZA KOMUNALNO GOSPODARSTVO I UPRAVLJANJE IMOVINOM";"L01 4002A400002 Održavanje poslovnih prostora, štandova i privremenih priključaka";"1.1.001    1.OPĆI PRIHODI I PRIMICI";"323470 Pričuva";"0490 Ekonomski poslovi koji nisu drugdje svrstani";"11980192";"PRIČUVA 10-12/2025 25/0004343";"2025-12-16T00:00:00.000Z";"2026-01-15T00:00:00.000Z";"HR7924070003548014967";"HR00 11980192-2136-55009"
"GRAD LABIN";"2025-12-29T00:00:00.000Z";"54042 ZELENICE 22";"           ";"LABIN";;"EUR";"183.42";"R0363 Troškovi pričuve poslovnih prostora";"400       01 UPRAVNI ODJEL ZA KOMUNALNO GOSPODARSTVO I UPRAVLJANJE IMOVINOM";"L01 4002A400002 Održavanje poslovnih prostora, štandova i privremenih priključaka";"1.1.001    1.OPĆI PRIHODI I PRIMICI";"323470 Pričuva";"0490 Ekonomski poslovi koji nisu drugdje svrstani";"12116637";"PRIČUVA 10-12/2025 25/0004342";"2025-12-16T00:00:00.000Z";"2026-01-15T00:00:00.000Z";"HR2623400091310657844";"HR00 12116637-2136-54042"
"GRAD LABIN";"2025-12-29T00:00:00.000Z";"51040 MATIJE VLAČIĆA 2";"           ";"LABIN";;"EUR";"29.49";"R0363 Troškovi pričuve poslovnih prostora";"400       01 UPRAVNI ODJEL ZA KOMUNALNO GOSPODARSTVO I UPRAVLJANJE IMOVINOM";"L01 4002A400002 Održavanje poslovnih prostora, štandova i privremenih priključaka";"1.1.001    1.OPĆI PRIHODI I PRIMICI";"323470 Pričuva";"0490 Ekonomski poslovi koji nisu drugdje svrstani";"11841354";"PRIČUVA 10-12/2025 25/0004340";"2025-12-16T00:00:00.000Z";"2026-01-15T00:00:00.000Z";"HR6523400091311012744";"HR00 11841354-2136-51040"
"GRAD LABIN";"2025-12-29T00:00:00.000Z";"46010 J.RAKOVCA 8";"           ";"LABIN";;"EUR";"684.93";"R0363 Troškovi pričuve poslovnih prostora";"400       01 UPRAVNI ODJEL ZA KOMUNALNO GOSPODARSTVO I UPRAVLJANJE IMOVINOM";"L01 4002A400002 Održavanje poslovnih prostora, štandova i privremenih priključaka";"1.1.001    1.OPĆI PRIHODI I PRIMICI";"323470 Pričuva";"0490 Ekonomski poslovi koji nisu drugdje svrstani";"11948035";"PRIČUVA 10-12/2025 25/0004339";"2025-12-16T00:00:00.000Z";"2026-01-15T00:00:00.000Z";"HR6023400091310423074";"HR00 11948035-8136-46010"
"GRAD LABIN";"2025-12-29T00:00:00.000Z";"44090 OBALA M.TITA 25";"           ";"RABAC";;"EUR";"129.60";"R0363 Troškovi pričuve poslovnih prostora";"400       01 UPRAVNI ODJEL ZA KOMUNALNO GOSPODARSTVO I UPRAVLJANJE IMOVINOM";"L01 4002A400002 Održavanje poslovnih prostora, štandova i privremenih priključaka";"1.1.001    1.OPĆI PRIHODI I PRIMICI";"323470 Pričuva";"0490 Ekonomski poslovi koji nisu drugdje svrstani";"12136077";"PRIČUVA 10-12/2025 25/0004338";"2025-12-16T00:00:00.000Z";"2026-01-15T00:00:00.000Z";"HR1124070003548012311";"HR00 12136077-2136-44090"
"GRAD LABIN";"2025-12-29T00:00:00.000Z";"43032 ANTONA SELANA 15";"           ";"LABIN";;"EUR";"338.49";"R0363 Troškovi pričuve poslovnih prostora";"400       01 UPRAVNI ODJEL ZA KOMUNALNO GOSPODARSTVO I UPRAVLJANJE IMOVINOM";"L01 4002A400002 Održavanje poslovnih prostora, štandova i privremenih priključaka";"1.1.001    1.OPĆI PRIHODI I PRIMICI";"323470 Pričuva";"0490 Ekonomski poslovi koji nisu drugdje svrstani";"12051594";"PRIČUVA 10-12/2025 25/0004337";"2025-12-16T00:00:00.000Z";"2026-01-15T00:00:00.000Z";"HR8523400091310411372";"HR00 12051594-2136-43032"
"GRAD LABIN";"2025-12-29T00:00:00.000Z";"83011 G.MARTINUZZI 13";"           ";"LABIN";;"EUR";"331.86";"R0363 Troškovi pričuve poslovnih prostora";"400       01 UPRAVNI ODJEL ZA KOMUNALNO GOSPODARSTVO I UPRAVLJANJE IMOVINOM";"L01 4002A400002 Održavanje poslovnih prostora, štandova i privremenih priključaka";"1.1.001    1.OPĆI PRIHODI I PRIMICI";"323470 Pričuva";"0490 Ekonomski poslovi koji nisu drugdje svrstani";"12254851";"PRIČUVA 10-12/2025 25/0004350";"2025-12-16T00:00:00.000Z";"2026-01-15T00:00:00.000Z";"HR8824070003548012768";"HR00 12254851-2136-83011"
"GRAD LABIN";"2025-12-29T00:00:00.000Z";"43031 ANTONA SELANA 14";"           ";"LABIN";;"EUR";"598.65";"R0363 Troškovi pričuve poslovnih prostora";"400       01 UPRAVNI ODJEL ZA KOMUNALNO GOSPODARSTVO I UPRAVLJANJE IMOVINOM";"L01 4002A400002 Održavanje poslovnih prostora, štandova i privremenih priključaka";"1.1.001    1.OPĆI PRIHODI I PRIMICI";"323470 Pričuva";"0490 Ekonomski poslovi koji nisu drugdje svrstani";"12034312";"PRIČUVA 10-12/2025 25/0004336";"2025-12-16T00:00:00.000Z";"2026-01-15T00:00:00.000Z";"HR8923400091310440788";"HR00 12034312-2136-43031"
"GRAD LABIN";"2025-12-29T00:00:00.000Z";"23010 TITOV TRG 10";"           ";"LABIN";;"EUR";"203.04";"R0363 Troškovi pričuve poslovnih prostora";"400       01 UPRAVNI ODJEL ZA KOMUNALNO GOSPODARSTVO I UPRAVLJANJE IMOVINOM";"L01 4002A400002 Održavanje poslovnih prostora, štandova i privremenih priključaka";"1.1.001    1.OPĆI PRIHODI I PRIMICI";"323470 Pričuva";"0490 Ekonomski poslovi koji nisu drugdje svrstani";"11979593";"PRIČUVA 10-12/2025 25/0004333";"2025-12-16T00:00:00.000Z";"2026-01-15T00:00:00.000Z";"HR5724070003548012065";"HR00 11979593-2136-23010"
"GRAD LABIN";"2025-12-29T00:00:00.000Z";"24011 P.SFECI 1";"           ";"LABIN";;"EUR";"495.06";"R0363 Troškovi pričuve poslovnih prostora";"400       01 UPRAVNI ODJEL ZA KOMUNALNO GOSPODARSTVO I UPRAVLJANJE IMOVINOM";"L01 4002A400002 Održavanje poslovnih prostora, štandova i privremenih priključaka";"1.1.001    1.OPĆI PRIHODI I PRIMICI";"323470 Pričuva";"0490 Ekonomski poslovi koji nisu drugdje svrstani";"11813512";"PRIČUVA 10-12/2025 25/0004334";"2025-12-16T00:00:00.000Z";"2026-01-15T00:00:00.000Z";"HR8123400091311095876";"HR00 11813512-2136-24011"
"GRAD LABIN";"2025-12-29T00:00:00.000Z";"17010 ALDO NEGRI 2";"           ";"LABIN";;"EUR";"45.36";"R0363 Troškovi pričuve poslovnih prostora";"400       01 UPRAVNI ODJEL ZA KOMUNALNO GOSPODARSTVO I UPRAVLJANJE IMOVINOM";"L01 4002A400002 Održavanje poslovnih prostora, štandova i privremenih priključaka";"1.1.001    1.OPĆI PRIHODI I PRIMICI";"323470 Pričuva";"0490 Ekonomski poslovi koji nisu drugdje svrstani";"11832835";"PRIČUVA 10-12/2025 25/0004332";"2025-12-16T00:00:00.000Z";"2026-01-15T00:00:00.000Z";"HR2423400091310410142";"HR00 11832835-2136-17010"
"GRAD LABIN";"2025-12-29T00:00:00.000Z";"9090 OBALA M.TITA 19";"           ";"RABAC";;"EUR";"107.64";"R0363 Troškovi pričuve poslovnih prostora";"400       01 UPRAVNI ODJEL ZA KOMUNALNO GOSPODARSTVO I UPRAVLJANJE IMOVINOM";"L01 4002A400002 Održavanje poslovnih prostora, štandova i privremenih priključaka";"1.1.001    1.OPĆI PRIHODI I PRIMICI";"323470 Pričuva";"0490 Ekonomski poslovi koji nisu drugdje svrstani";"12095877";"PRIČUVA 10-12/2025 25/0004329";"2025-12-16T00:00:00.000Z";"2026-01-15T00:00:00.000Z";"HR3623400091310739144";"HR00 12095877-2136-9090"
"GRAD LABIN";"2025-12-29T00:00:00.000Z";"10091 OBALA M.TITA 23";"           ";"RABAC";;"EUR";"82.08";"R0363 Troškovi pričuve poslovnih prostora";"400       01 UPRAVNI ODJEL ZA KOMUNALNO GOSPODARSTVO I UPRAVLJANJE IMOVINOM";"L01 4002A400002 Održavanje poslovnih prostora, štandova i privremenih priključaka";"1.1.001    1.OPĆI PRIHODI I PRIMICI";"323470 Pričuva";"0490 Ekonomski poslovi koji nisu drugdje svrstani";"12126713";"PRIČUVA 10-12/2025 25/0004330";"2025-12-16T00:00:00.000Z";"2026-01-15T00:00:00.000Z";"HR2623400091310456375";"HR00 12126713-2136-10091"
"GRAD LABIN";"2025-12-29T00:00:00.000Z";"SAMOSTALNA DJ. GLAZBENIK, ŽELJKO BEBEK";"GDPR";"";;"EUR";"18080.00";"R0450-1 Intelektualne i osobne usluge";"500       01 UPRAVNI ODJEL ZA DRUŠTVENE DJELATNOSTI";"L01 5004A500017 Božić u Labinu";"1.1.001    1.OPĆI PRIHODI I PRIMICI";"323790 Ostale intelektualne usluge";"0820 Službe kulture";"45/1/1-2025";"KONCERTNI NASTUP S BENDOM 20.12.2025. - ID 2708 25/0004609";"2025-12-20T00:00:00.000Z";"2025-12-29T00:00:00.000Z";"";"HR99"
"GRAD LABIN";"2025-12-29T00:00:00.000Z";"9012 ALDO NEGRI 18";"           ";"LABIN";;"EUR";"501.06";"R0363 Troškovi pričuve poslovnih prostora";"400       01 UPRAVNI ODJEL ZA KOMUNALNO GOSPODARSTVO I UPRAVLJANJE IMOVINOM";"L01 4002A400002 Održavanje poslovnih prostora, štandova i privremenih priključaka";"1.1.001    1.OPĆI PRIHODI I PRIMICI";"323470 Pričuva";"0490 Ekonomski poslovi koji nisu drugdje svrstani";"12269514";"PRIČUVA 10-12/2025 25/0004328";"2025-12-16T00:00:00.000Z";"2026-01-15T00:00:00.000Z";"HR3223400091310632031";"HR00 12269514-2136-9012"
"GRAD LABIN";"2025-12-29T00:00:00.000Z";"LAMP OBRT ZA DIZAJN vl. TEO JAKONIŠIĆ";"GDPR";"";;"EUR";"935.00";"R1110 Intelektualne i osobne usluge";"600       01 UPRAVNI ODJEL ZA GOSPODARSTVO I EU PROJEKTE";"L01 6001A600006 Iformativna i edukativna potpora";"1.1.001    1.OPĆI PRIHODI I PRIMICI";"323790 Ostale intelektualne usluge";"0490 Ekonomski poslovi koji nisu drugdje svrstani";"23-01-2025";"USLUGA DIZAJNA ZVUKA I SVIJETLA ""SNAGA ZAJEDNIŠTVA"" 11.12.20 25/0004596";"2025-12-11T00:00:00.000Z";"2025-12-24T00:00:00.000Z";"";"HR99"
"GRAD LABIN";"2025-12-29T00:00:00.000Z";"14010 ALDO NEGRI 5";"           ";"LABIN";;"EUR";"125.28";"R0363 Troškovi pričuve poslovnih prostora";"400       01 UPRAVNI ODJEL ZA KOMUNALNO GOSPODARSTVO I UPRAVLJANJE IMOVINOM";"L01 4002A400002 Održavanje poslovnih prostora, štandova i privremenih priključaka";"1.1.001    1.OPĆI PRIHODI I PRIMICI";"323470 Pričuva";"0490 Ekonomski poslovi koji nisu drugdje svrstani";"11896914";"PRIČUVA 10-12/2025 25/0004331";"2025-12-16T00:00:00.000Z";"2026-01-15T00:00:00.000Z";"HR2324070003548012580";"HR00 11896914-2136-14010"
"GRAD LABIN";"2025-12-29T00:00:00.000Z";"LAMP OBRT ZA DIZAJN vl. TEO JAKONIŠIĆ";"GDPR";"";;"EUR";"500.00";"R0418 Intelektualne i osobne usluge";"500       01 UPRAVNI ODJEL ZA DRUŠTVENE DJELATNOSTI";"L01 5004A500001 Kulturne manifestacije Grada Labina";"1.1.001    1.OPĆI PRIHODI I PRIMICI";"323790 Ostale intelektualne usluge";"0820 Službe kulture";"16-01-2025";"MONTAŽA I DEMONTAŽA RAZGLASNE I RASVJETNE OPREME - OTVORENJE 25/0003502";"2025-08-13T00:00:00.000Z";"2025-08-28T00:00:00.000Z";"";"HR99"
"GRAD LABIN";"2025-12-29T00:00:00.000Z";"9011 ALDO NEGRI 18/5-8";"           ";"LABIN";;"EUR";"60.48";"R0363 Troškovi pričuve poslovnih prostora";"400       01 UPRAVNI ODJEL ZA KOMUNALNO GOSPODARSTVO I UPRAVLJANJE IMOVINOM";"L01 4002A400002 Održavanje poslovnih prostora, štandova i privremenih priključaka";"1.1.001    1.OPĆI PRIHODI I PRIMICI";"323470 Pričuva";"0490 Ekonomski poslovi koji nisu drugdje svrstani";"12089150";"PRIČUVA 10-12/2025 25/0004327";"2025-12-16T00:00:00.000Z";"2026-01-15T00:00:00.000Z";"HR9624070003548013206";"HR00 12089150-2136-9011"
"GRAD LABIN";"2025-12-29T00:00:00.000Z";"HEP ELEKTRA D.O.O.";"43965974818";"ZAGREB";;"EUR";"743.58";"R0350-76 Troškovi javne rasvjete";"400       01 UPRAVNI ODJEL ZA KOMUNALNO GOSPODARSTVO I UPRAVLJANJE IMOVINOM";"L01 4001A400019 Održavanje javne rasvjete i potrošnja električne energije";"4.6.001    4. KOMUNALNA NAKNADA";"322310 Električna energija";"0640 Ulična rasvjeta";"2500000233-251121-7";"USLUGA ZA 11/25 - PRESIKA BB , RABAC BB - ID 2510 25/0004583";"2025-11-30T00:00:00.000Z";"2025-12-23T00:00:00.000Z";"HR4323900011500128056";"HR01 2500000233-251121-7"
"GRAD LABIN";"2025-12-29T00:00:00.000Z";"40011 TITOV TRG 8";"           ";"LABIN";;"EUR";"125.28";"R0363 Troškovi pričuve poslovnih prostora";"400       01 UPRAVNI ODJEL ZA KOMUNALNO GOSPODARSTVO I UPRAVLJANJE IMOVINOM";"L01 4002A400002 Održavanje poslovnih prostora, štandova i privremenih priključaka";"1.1.001    1.OPĆI PRIHODI I PRIMICI";"323470 Pričuva";"0490 Ekonomski poslovi koji nisu drugdje svrstani";"11945990";"PRIČUVA 10-12/2025 25/0004335";"2025-12-16T00:00:00.000Z";"2026-01-15T00:00:00.000Z";"HR1023400091310411364";"HR00 11945990-2136-40011"
"GRAD LABIN";"2025-12-29T00:00:00.000Z";"HEP ELEKTRA D.O.O.";"43965974818";"ZAGREB";;"EUR";"29.63";"R0359 Troškovi priključaka poslovnih prostora";"400       01 UPRAVNI ODJEL ZA KOMUNALNO GOSPODARSTVO I UPRAVLJANJE IMOVINOM";"L01 4002A400002 Održavanje poslovnih prostora, štandova i privremenih priključaka";"1.1.001    1.OPĆI PRIHODI I PRIMICI";"322310 Električna energija";"0490 Ekonomski poslovi koji nisu drugdje svrstani";"2301013786-251122-2";"USLUGA ZA 11/25 - KATURI 17 - ID 2512 25/0004584";"2025-11-30T00:00:00.000Z";"2025-12-23T00:00:00.000Z";"HR4323900011500128056";"HR01 2301013786-251122-2"
"GRAD LABIN";"2025-12-29T00:00:00.000Z";"56036 ANTONA SELANA 10";"           ";"LABIN";;"EUR";"66.45";"R0363 Troškovi pričuve poslovnih prostora";"400       01 UPRAVNI ODJEL ZA KOMUNALNO GOSPODARSTVO I UPRAVLJANJE IMOVINOM";"L01 4002A400002 Održavanje poslovnih prostora, štandova i privremenih priključaka";"1.1.001    1.OPĆI PRIHODI I PRIMICI";"323470 Pričuva";"0490 Ekonomski poslovi koji nisu drugdje svrstani";"12323756";"PRIČUVA 10-12/2025 25/0004326";"2025-12-16T00:00:00.000Z";"2026-01-15T00:00:00.000Z";"HR3523400091310751093";"HR00 12323756-2136-2025"
"GRAD LABIN";"2025-12-29T00:00:00.000Z";"SAVEZ DRUŠTVA NAŠA DJECA";"82683059627";"ZAGREB";;"EUR";"497.71";"R0527-3 Članarine";"500       01 UPRAVNI ODJEL ZA DRUŠTVENE DJELATNOSTI";"L01 5010A500001 Grad Prijatelj djece";"1.1.001    1.OPĆI PRIHODI I PRIMICI";"329410 Tuzemne članarine";"0980 Usluge obrazovanja koje nisu drugdje svrstane";"221-1-1";"Kotizacija G/O za 2025. - ID 2397 25/0004580";"2025-11-20T00:00:00.000Z";"2025-12-20T00:00:00.000Z";"HR6623400091310118483";"HR00 221-1-1"
"GRAD LABIN";"2025-12-29T00:00:00.000Z";"72044 PRILAZ VALA 17";"           ";"LABIN";;"EUR";"105.51";"R0363 Troškovi pričuve poslovnih prostora";"400       01 UPRAVNI ODJEL ZA KOMUNALNO GOSPODARSTVO I UPRAVLJANJE IMOVINOM";"L01 4002A400002 Održavanje poslovnih prostora, štandova i privremenih priključaka";"1.1.001    1.OPĆI PRIHODI I PRIMICI";"323470 Pričuva";"0490 Ekonomski poslovi koji nisu drugdje svrstani";"12076074";"PRIČUVA 10-12/2025 25/0004325";"2025-12-16T00:00:00.000Z";"2026-01-15T00:00:00.000Z";"HR1123400091310601078";"HR00 12076074-2136-72044"
"GRAD LABIN";"2025-12-29T00:00:00.000Z";"LABIN 2000 D.O.O.";"93779491456";"LABIN";;"EUR";"212.11";"R0010 Usluge tekućeg i investicijskog održavanja";"100       01 UPRAVNI ODJEL ZA POSLOVE GRADONAČELNIKA, GRADSKO VIJEĆE I OPĆE POSLOVE";"L01 1001A100001 Redovna djelatnost upravnih odjela";"1.1.001    1.OPĆI PRIHODI I PRIMICI";"323221 Usluge tekućeg i investicijskog održavanja - održavanje servera";"0133 Ostale opće usluge";"308/1/1";"ODRŽAVANJE SERVERSKOG SUSTAVA 11/2025 RIZNICA - ID 2671 25/0004594";"2025-11-30T00:00:00.000Z";"2025-12-20T00:00:00.000Z";"HR2023400091110367599";"HR00 27-308-10"
"GRAD LABIN";"2025-12-29T00:00:00.000Z";"LABIN 2000 D.O.O.";"93779491456";"LABIN";;"EUR";"1043.78";"R0010 Usluge tekućeg i investicijskog održavanja";"100       01 UPRAVNI ODJEL ZA POSLOVE GRADONAČELNIKA, GRADSKO VIJEĆE I OPĆE POSLOVE";"L01 1001A100001 Redovna djelatnost upravnih odjela";"1.1.001    1.OPĆI PRIHODI I PRIMICI";"323221 Usluge tekućeg i investicijskog održavanja - održavanje servera";"0133 Ostale opće usluge";"307/1/1";"ODRŽAVANJE SERVERSKOG SUSTAVA 11/2025 - ID 2672 25/0004595";"2025-11-30T00:00:00.000Z";"2025-12-20T00:00:00.000Z";"HR2023400091110367599";"HR00 27-307-10"
"GRAD LABIN";"2025-12-29T00:00:00.000Z";"85048 ISTARSKA 24";"           ";"LABIN";;"EUR";"61.56";"R0363 Troškovi pričuve poslovnih prostora";"400       01 UPRAVNI ODJEL ZA KOMUNALNO GOSPODARSTVO I UPRAVLJANJE IMOVINOM";"L01 4002A400002 Održavanje poslovnih prostora, štandova i privremenih priključaka";"1.1.001    1.OPĆI PRIHODI I PRIMICI";"323470 Pričuva";"0490 Ekonomski poslovi koji nisu drugdje svrstani";"12132357";"PRIČUVA 10-12/2025 25/0004324";"2025-12-16T00:00:00.000Z";"2026-01-15T00:00:00.000Z";"HR3823400091310607382";"HR00 12132357-2136-85048"
"GRAD LABIN";"2025-12-29T00:00:00.000Z";"85042 ISTARSKA 26";"           ";"LABIN";;"EUR";"117.36";"R0363 Troškovi pričuve poslovnih prostora";"400       01 UPRAVNI ODJEL ZA KOMUNALNO GOSPODARSTVO I UPRAVLJANJE IMOVINOM";"L01 4002A400002 Održavanje poslovnih prostora, štandova i privremenih priključaka";"1.1.001    1.OPĆI PRIHODI I PRIMICI";"323470 Pričuva";"0490 Ekonomski poslovi koji nisu drugdje svrstani";"12144592";"PRIČUVA 10-12/2025 25/0004323";"2025-12-16T00:00:00.000Z";"2026-01-15T00:00:00.000Z";"HR5924070003548011835";"HR00 12144592-2136-85042"
"GRAD LABIN";"2025-12-29T00:00:00.000Z";"LABIN 2000 D.O.O.";"93779491456";"LABIN";;"EUR";"2475.00";"R0373 Usluge čuvanja imovine i osoba";"400       01 UPRAVNI ODJEL ZA KOMUNALNO GOSPODARSTVO I UPRAVLJANJE IMOVINOM";"L01 4002A400005 Usluge pomoći izvršenja poslova komun. i promet. redarstva";"1.1.001    1.OPĆI PRIHODI I PRIMICI";"323960 Usluge čuvanja imovine i osoba";"0360 Rashodi za javni red i sigurnost koji nisu drugdje svrstani";"281/1/1";"Usluge čuvanja imovine i osoba-Usluga zaštitarske službe- ID 25/0004613";"2025-10-31T00:00:00.000Z";"2025-11-30T00:00:00.000Z";"HR2023400091110367599";"HR00 27-281-10"
"GRAD LABIN";"2025-12-29T00:00:00.000Z";"79042 PRILAZ GRIŽA 7";"           ";"LABIN";;"EUR";"100.20";"R0363 Troškovi pričuve poslovnih prostora";"400       01 UPRAVNI ODJEL ZA KOMUNALNO GOSPODARSTVO I UPRAVLJANJE IMOVINOM";"L01 4002A400002 Održavanje poslovnih prostora, štandova i privremenih priključaka";"1.1.001    1.OPĆI PRIHODI I PRIMICI";"323470 Pričuva";"0490 Ekonomski poslovi koji nisu drugdje svrstani";"11935910";"PRIČUVA 10-12/2025 25/0004322";"2025-12-16T00:00:00.000Z";"2026-01-15T00:00:00.000Z";"HR3523400091310414406";"HR00 11935910-2136-79042"
"GRAD LABIN";"2025-12-29T00:00:00.000Z";"ELEKTRA d.o.o.";"53086210999";"LABIN";;"EUR";"8890.11";"R0350-77 Troškovi održavanja  javne rasvjete";"400       01 UPRAVNI ODJEL ZA KOMUNALNO GOSPODARSTVO I UPRAVLJANJE IMOVINOM";"L01 4001A400019 Održavanje javne rasvjete i potrošnja električne energije";"4.6.001    4. KOMUNALNA NAKNADA";"323290 Ostale usluge tekućeg i investicijskog održavanja";"0640 Ulična rasvjeta";"699-10-1";"ODRŽAVANJE JAVNE RASVJETE ZA 11/2025 - ID 2664 25/0004590";"2025-11-28T00:00:00.000Z";"2025-12-29T00:00:00.000Z";"HR3324020061100386931";"HR01 12024004-10100699-12"
"GRAD LABIN";"2025-12-29T00:00:00.000Z";"79041 PRILAZ GRIŽA 5";"           ";"LABIN";;"EUR";"43.74";"R0363 Troškovi pričuve poslovnih prostora";"400       01 UPRAVNI ODJEL ZA KOMUNALNO GOSPODARSTVO I UPRAVLJANJE IMOVINOM";"L01 4002A400002 Održavanje poslovnih prostora, štandova i privremenih priključaka";"1.1.001    1.OPĆI PRIHODI I PRIMICI";"323470 Pričuva";"0490 Ekonomski poslovi koji nisu drugdje svrstani";"11902191";"PRIČUVA 10-12/2025 25/0004321";"2025-12-16T00:00:00.000Z";"2026-01-15T00:00:00.000Z";"HR3624070003548011667";"HR00 11902191-2136-79041"
"GRAD LABIN";"2025-12-29T00:00:00.000Z";"HRVATSKA POŠTA d.d. ODJEL ODRŽAVANJA";"87311810356";"ZAGREB";;"EUR";"7.90";"R0009 Usluge telefona, pošte i prijevoza";"100       01 UPRAVNI ODJEL ZA POSLOVE GRADONAČELNIKA, GRADSKO VIJEĆE I OPĆE POSLOVE";"L01 1001A100001 Redovna djelatnost upravnih odjela";"1.1.001    1.OPĆI PRIHODI I PRIMICI";"323130 Poštarina (pisma, tiskanice i sl.)";"0133 Ostale opće usluge";"16491-92007-2";"PRIJAMNE KNJIGE - ID 2241 25/0004578";"2025-10-31T00:00:00.000Z";"2025-12-11T00:00:00.000Z";"HR1623900011100018674";"HR00 16491-92007-2"
"GRAD LABIN";"2025-12-29T00:00:00.000Z";"79040 PRILAZ GRIŽA 3";"           ";"LABIN";;"EUR";"43.74";"R0363 Troškovi pričuve poslovnih prostora";"400       01 UPRAVNI ODJEL ZA KOMUNALNO GOSPODARSTVO I UPRAVLJANJE IMOVINOM";"L01 4002A400002 Održavanje poslovnih prostora, štandova i privremenih priključaka";"1.1.001    1.OPĆI PRIHODI I PRIMICI";"323470 Pričuva";"0490 Ekonomski poslovi koji nisu drugdje svrstani";"11863439";"PRIČUVA 10-12/2025 25/0004320";"2025-12-16T00:00:00.000Z";"2026-01-15T00:00:00.000Z";"HR8223400091310416858";"HR00 11863439-2136-79040"
"GRAD LABIN";"2025-12-29T00:00:00.000Z";"INA INDUSTRIJA NAFTE D.D.";"27759560625";"ZAGREB";;"EUR";"241.72";"R0005 Energija";"100       01 UPRAVNI ODJEL ZA POSLOVE GRADONAČELNIKA, GRADSKO VIJEĆE I OPĆE POSLOVE";"L01 1001A100001 Redovna djelatnost upravnih odjela";"1.1.001    1.OPĆI PRIHODI I PRIMICI";"322340 Motorni benzin i dizel gorivo";"0133 Ostale opće usluge";"139233/IK/1";"GORIVO ZA SLUŽBENA VOZILA - ID 2370 25/0004579";"2025-11-15T00:00:00.000Z";"2025-12-17T00:00:00.000Z";"HR4723400091400010083";"HR01 327051-555051286448-1"
"GRAD LABIN";"2025-12-29T00:00:00.000Z";"JEDINSTVO D.O.O.";"29947239127";"LABIN";;"EUR";"239.77";"R0066 Ostali nespomenuti rashodi poslovanja";"100       01 UPRAVNI ODJEL ZA POSLOVE GRADONAČELNIKA, GRADSKO VIJEĆE I OPĆE POSLOVE";"L01 1002A100002 Financiranje mjesnog odbora Vinež";"1.1.001    1.OPĆI PRIHODI I PRIMICI";"329990 Ostali nespomenuti rashodi poslovanja";"0111 Izvršna  i zakonodavna tijela";"2014-23-1";"MO VINEŽ - ČAŠĆENJE MJEŠTANA - ID 2703 25/0004606";"2025-12-10T00:00:00.000Z";"2025-12-27T00:00:00.000Z";"HR4924020061100387225";"HR01 08080-23102014-14"
"GRAD LABIN";"2025-12-29T00:00:00.000Z";"74042 PRILAZ KIKOVA 6";"           ";"LABIN";;"EUR";"38.88";"R0363 Troškovi pričuve poslovnih prostora";"400       01 UPRAVNI ODJEL ZA KOMUNALNO GOSPODARSTVO I UPRAVLJANJE IMOVINOM";"L01 4002A400002 Održavanje poslovnih prostora, štandova i privremenih priključaka";"1.1.001    1.OPĆI PRIHODI I PRIMICI";"323470 Pričuva";"0490 Ekonomski poslovi koji nisu drugdje svrstani";"11925116";"PRIČUVA 10-12/2025 25/0004319";"2025-12-16T00:00:00.000Z";"2026-01-15T00:00:00.000Z";"HR7223400091310511419";"HR00 11925116-2136-74042"
"GRAD LABIN";"2025-12-29T00:00:00.000Z";"Hrvatski Telekom d.d.";"81793146560";"ZAGREB";;"EUR";"0.93";"R0220 Zatezne kamate";"200       01 UPRAVNI ODJEL ZA PRORAČUN I FINANCIJE";"L01 2001A200001 Zajednički troškovi upravnih odjela";"1.1.001    1.OPĆI PRIHODI I PRIMICI";"343330 Zatezne kamate iz poslovnih odnosa";"0112 Financijski i fiskalni poslovi";"01828078383000251201";"USLUGA ZA 11/2025, ID 2515 25/0004585";"2025-11-30T00:00:00.000Z";"2025-12-19T00:00:00.000Z";"HR7723400091510473628";"HR01 828078383000-251201-2"
"GRAD LABIN";"2025-12-29T00:00:00.000Z";"Hrvatski Telekom d.d.";"81793146560";"ZAGREB";;"EUR";"139.64";"R0009 Usluge telefona, pošte i prijevoza";"100       01 UPRAVNI ODJEL ZA POSLOVE GRADONAČELNIKA, GRADSKO VIJEĆE I OPĆE POSLOVE";"L01 1001A100001 Redovna djelatnost upravnih odjela";"1.1.001    1.OPĆI PRIHODI I PRIMICI";"323110 Usluge telefona, telefaksa";"0133 Ostale opće usluge";"01828078383000251201";"USLUGA ZA 11/2025, ID 2515 25/0004585";"2025-11-30T00:00:00.000Z";"2025-12-19T00:00:00.000Z";"HR7723400091510473628";"HR01 828078383000-251201-2"
"GRAD LABIN";"2025-12-29T00:00:00.000Z";"74040 PRILAZ KIKOVA 2";"           ";"LABIN";;"EUR";"38.88";"R0363 Troškovi pričuve poslovnih prostora";"400       01 UPRAVNI ODJEL ZA KOMUNALNO GOSPODARSTVO I UPRAVLJANJE IMOVINOM";"L01 4002A400002 Održavanje poslovnih prostora, štandova i privremenih priključaka";"1.1.001    1.OPĆI PRIHODI I PRIMICI";"323470 Pričuva";"0490 Ekonomski poslovi koji nisu drugdje svrstani";"11843756";"PRIČUVA 10-12/2025 25/0004318";"2025-12-16T00:00:00.000Z";"2026-01-15T00:00:00.000Z";"HR2823400091310415890";"HR00 11843756-2136-74040"
"GRAD LABIN";"2025-12-29T00:00:00.000Z";"Hrvatski Telekom d.d.";"81793146560";"ZAGREB";;"EUR";"1.70";"R0220 Zatezne kamate";"200       01 UPRAVNI ODJEL ZA PRORAČUN I FINANCIJE";"L01 2001A200001 Zajednički troškovi upravnih odjela";"1.1.001    1.OPĆI PRIHODI I PRIMICI";"343330 Zatezne kamate iz poslovnih odnosa";"0112 Financijski i fiskalni poslovi";"01823517528000251201";"USLUGA ZA 11/2025, ID 2516 25/0004586";"2025-11-30T00:00:00.000Z";"2025-12-19T00:00:00.000Z";"HR7723400091510473628";"HR01 823517528000-251201-3"
"GRAD LABIN";"2025-12-29T00:00:00.000Z";"Hrvatski Telekom d.d.";"81793146560";"ZAGREB";;"EUR";"311.78";"R0009 Usluge telefona, pošte i prijevoza";"100       01 UPRAVNI ODJEL ZA POSLOVE GRADONAČELNIKA, GRADSKO VIJEĆE I OPĆE POSLOVE";"L01 1001A100001 Redovna djelatnost upravnih odjela";"1.1.001    1.OPĆI PRIHODI I PRIMICI";"323110 Usluge telefona, telefaksa";"0133 Ostale opće usluge";"01823517528000251201";"USLUGA ZA 11/2025, ID 2516 25/0004586";"2025-11-30T00:00:00.000Z";"2025-12-19T00:00:00.000Z";"HR7723400091510473628";"HR01 823517528000-251201-3"
"GRAD LABIN";"2025-12-29T00:00:00.000Z";"Hrvatski Telekom d.d.";"81793146560";"ZAGREB";;"EUR";"0.41";"R0220 Zatezne kamate";"200       01 UPRAVNI ODJEL ZA PRORAČUN I FINANCIJE";"L01 2001A200001 Zajednički troškovi upravnih odjela";"1.1.001    1.OPĆI PRIHODI I PRIMICI";"343330 Zatezne kamate iz poslovnih odnosa";"0112 Financijski i fiskalni poslovi";"5010991818-315-8";"USLUGA ZA 11/2025 - ID 2476 25/0004581";"2025-11-30T00:00:00.000Z";"2025-12-16T00:00:00.000Z";"HR7723400091510473628";"HR01 5010991818-315-8"
"GRAD LABIN";"2025-12-29T00:00:00.000Z";"Hrvatski Telekom d.d.";"81793146560";"ZAGREB";;"EUR";"6.39";"R0013 Ostale zakupnine i najamnine";"100       01 UPRAVNI ODJEL ZA POSLOVE GRADONAČELNIKA, GRADSKO VIJEĆE I OPĆE POSLOVE";"L01 1001A100001 Redovna djelatnost upravnih odjela";"1.1.001    1.OPĆI PRIHODI I PRIMICI";"323530 Zakupnine i najamnine za opremu";"0133 Ostale opće usluge";"5010991818-315-8";"USLUGA ZA 11/2025 - ID 2476 25/0004581";"2025-11-30T00:00:00.000Z";"2025-12-16T00:00:00.000Z";"HR7723400091510473628";"HR01 5010991818-315-8"
"GRAD LABIN";"2025-12-29T00:00:00.000Z";"Hrvatski Telekom d.d.";"81793146560";"ZAGREB";;"EUR";"48.84";"R0009 Usluge telefona, pošte i prijevoza";"100       01 UPRAVNI ODJEL ZA POSLOVE GRADONAČELNIKA, GRADSKO VIJEĆE I OPĆE POSLOVE";"L01 1001A100001 Redovna djelatnost upravnih odjela";"1.1.001    1.OPĆI PRIHODI I PRIMICI";"323120 Usluge interneta";"0133 Ostale opće usluge";"5010991818-315-8";"USLUGA ZA 11/2025 - ID 2476 25/0004581";"2025-11-30T00:00:00.000Z";"2025-12-16T00:00:00.000Z";"HR7723400091510473628";"HR01 5010991818-315-8"
"GRAD LABIN";"2025-12-29T00:00:00.000Z";"Hrvatski Telekom d.d.";"81793146560";"ZAGREB";;"EUR";"693.30";"R0009 Usluge telefona, pošte i prijevoza";"100       01 UPRAVNI ODJEL ZA POSLOVE GRADONAČELNIKA, GRADSKO VIJEĆE I OPĆE POSLOVE";"L01 1001A100001 Redovna djelatnost upravnih odjela";"1.1.001    1.OPĆI PRIHODI I PRIMICI";"323110 Usluge telefona, telefaksa";"0133 Ostale opće usluge";"5010991818-315-8";"USLUGA ZA 11/2025 - ID 2476 25/0004581";"2025-11-30T00:00:00.000Z";"2025-12-16T00:00:00.000Z";"HR7723400091510473628";"HR01 5010991818-315-8"
"GRAD LABIN";"2025-12-29T00:00:00.000Z";"1.MAJ LABIN D.O.O. LABIN";"23557321379";"LABIN";;"EUR";"15.00";"R0421 Ostali nespomenuti rashodi poslovanja";"500       01 UPRAVNI ODJEL ZA DRUŠTVENE DJELATNOSTI";"L01 5004A500001 Kulturne manifestacije Grada Labina";"1.1.001    1.OPĆI PRIHODI I PRIMICI";"329990 Ostali nespomenuti rashodi poslovanja";"0820 Službe kulture";"101RAČ-01-2100-24-0518/25";"Buket za izložbu, nagrada povodom LUL-a Alison Ivašić, Grads 25/0004577";"2025-10-16T00:00:00.000Z";"2025-10-31T00:00:00.000Z";"HR3224020061100387143";"HR00 518-0155292"
"GRAD LABIN";"2025-12-24T00:00:00.000Z";"KERAMIKA A.R. OBRT ZA PROIZ";"GDPR";"";;"EUR";"589.00";"R0024 Ostali nespomenuti rashodi poslovanja";"100       01 UPRAVNI ODJEL ZA POSLOVE GRADONAČELNIKA, GRADSKO VIJEĆE I OPĆE POSLOVE";"L01 1001A100002 Redovna djelatnost  ureda gradonačelnika";"1.1.001    1.OPĆI PRIHODI I PRIMICI";"329990 Ostali nespomenuti rashodi poslovanja";"0133 Ostale opće usluge";"76-AR1-01";"PROTOKOLARNI POKLON ZABOŽIĆNO - NOVOGODIŠNJE BLAGDANE40 KO 25/0004554";"2025-11-27T00:00:00.000Z";"2025-12-25T00:00:00.000Z";"";"HR99"
"GRAD LABIN";"2025-12-24T00:00:00.000Z";"CILJ PROJEKTA D.O.O.";"34274470045";"ZAGREB";;"EUR";"2000.00";"R1119 Intelektualne i osobne usluge";"600       01 UPRAVNI ODJEL ZA GOSPODARSTVO I EU PROJEKTE";"L01 6002A600001 Priprema projekata iz EU fondova";"1.1.001    1.OPĆI PRIHODI I PRIMICI";"323790 Ostale intelektualne usluge";"0133 Ostale opće usluge";"11/01/251";"USLUGA SAVJETO. -PROGRAM UČINKOVITI LJUDSKIPOTENCIJALI 202 25/0004555";"2025-11-27T00:00:00.000Z";"2025-12-27T00:00:00.000Z";"HR3323600001102645627";"HR00 11-01-251"
"GRAD LABIN";"2025-12-24T00:00:00.000Z";"VALENTA WINES d.o.o.";"87454411145";"Motovun";;"EUR";"289.88";"R0024 Ostali nespomenuti rashodi poslovanja";"100       01 UPRAVNI ODJEL ZA POSLOVE GRADONAČELNIKA, GRADSKO VIJEĆE I OPĆE POSLOVE";"L01 1001A100002 Redovna djelatnost  ureda gradonačelnika";"1.1.001    1.OPĆI PRIHODI I PRIMICI";"329990 Ostali nespomenuti rashodi poslovanja";"0133 Ostale opće usluge";"372-1-300";"VINO ZA PROTOKOLARNEPOKLONE - ID 2681 25/0004545";"2025-12-17T00:00:00.000Z";"2025-12-24T00:00:00.000Z";"HR6423400091110876154";"HR00 372"
"GRAD LABIN";"2025-12-24T00:00:00.000Z";"HEP ELEKTRA D.O.O.";"43965974818";"ZAGREB";;"EUR";"12.08";"R0350-76 Troškovi javne rasvjete";"400       01 UPRAVNI ODJEL ZA KOMUNALNO GOSPODARSTVO I UPRAVLJANJE IMOVINOM";"L01 4001A400019 Održavanje javne rasvjete i potrošnja električne energije";"4.6.001    4. KOMUNALNA NAKNADA";"322310 Električna energija";"0640 Ulična rasvjeta";"2500031200-251120-2";"EL. ENERGIJA002500031200 ZA 11/2025 - ID2492 25/0004529";"2025-11-30T00:00:00.000Z";"2025-12-20T00:00:00.000Z";"HR4323900011500128056";"HR01 2500031200-251120-2"
"GRAD LABIN";"2025-12-24T00:00:00.000Z";"HEP ELEKTRA D.O.O.";"43965974818";"ZAGREB";;"EUR";"13193.05";"R0350-76 Troškovi javne rasvjete";"400       01 UPRAVNI ODJEL ZA KOMUNALNO GOSPODARSTVO I UPRAVLJANJE IMOVINOM";"L01 4001A400019 Održavanje javne rasvjete i potrošnja električne energije";"4.6.001    4. KOMUNALNA NAKNADA";"322310 Električna energija";"0640 Ulična rasvjeta";"2500000233-251120-9";"EL. ENERGIJA 11/2025 -ID 2504 25/0004479";"2025-11-30T00:00:00.000Z";"2025-12-20T00:00:00.000Z";"HR4323900011500128056";"HR01 2500000233-251120-9"
"GRAD LABIN";"2025-12-24T00:00:00.000Z";"HEP ELEKTRA D.O.O.";"43965974818";"ZAGREB";;"EUR";"40.81";"R0358 Troškovi priključaka štandova i dr.";"400       01 UPRAVNI ODJEL ZA KOMUNALNO GOSPODARSTVO I UPRAVLJANJE IMOVINOM";"L01 4002A400002 Održavanje poslovnih prostora, štandova i privremenih priključaka";"1.1.001    1.OPĆI PRIHODI I PRIMICI";"322310 Električna energija";"0490 Ekonomski poslovi koji nisu drugdje svrstani";"2500000233-251120-9";"EL. ENERGIJA 11/2025 -ID 2504 25/0004479";"2025-11-30T00:00:00.000Z";"2025-12-20T00:00:00.000Z";"HR4323900011500128056";"HR01 2500000233-251120-9"
"GRAD LABIN";"2025-12-24T00:00:00.000Z";"HEP ELEKTRA D.O.O.";"43965974818";"ZAGREB";;"EUR";"87.74";"R0350-76 Troškovi javne rasvjete";"400       01 UPRAVNI ODJEL ZA KOMUNALNO GOSPODARSTVO I UPRAVLJANJE IMOVINOM";"L01 4001A400019 Održavanje javne rasvjete i potrošnja električne energije";"4.6.001    4. KOMUNALNA NAKNADA";"322310 Električna energija";"0640 Ulična rasvjeta";"2500000222-251120-4";"EL. ENERGIJA 2500000222ZA 11/2025 - ID2494 25/0004538";"2025-11-30T00:00:00.000Z";"2025-12-20T00:00:00.000Z";"HR4323900011500128056";"HR01 2500000222-251120-4"
"GRAD LABIN";"2025-12-24T00:00:00.000Z";"HEP ELEKTRA D.O.O.";"43965974818";"ZAGREB";;"EUR";"49.87";"R0359 Troškovi priključaka poslovnih prostora";"400       01 UPRAVNI ODJEL ZA KOMUNALNO GOSPODARSTVO I UPRAVLJANJE IMOVINOM";"L01 4002A400002 Održavanje poslovnih prostora, štandova i privremenih priključaka";"1.1.001    1.OPĆI PRIHODI I PRIMICI";"322310 Električna energija";"0490 Ekonomski poslovi koji nisu drugdje svrstani";"2500000222-251120-4";"EL. ENERGIJA 2500000222ZA 11/2025 - ID2494 25/0004538";"2025-11-30T00:00:00.000Z";"2025-12-20T00:00:00.000Z";"HR4323900011500128056";"HR01 2500000222-251120-4"
"GRAD LABIN";"2025-12-24T00:00:00.000Z";"HEP ELEKTRA D.O.O.";"43965974818";"ZAGREB";;"EUR";"2137.80";"R0366-7 Energija";"400       01 UPRAVNI ODJEL ZA KOMUNALNO GOSPODARSTVO I UPRAVLJANJE IMOVINOM";"L01 4002A400008 Održavanje igrališta";"4.6.001    4. KOMUNALNA NAKNADA";"322310 Električna energija";"0810 Službe rekreacije i sporta";"2301036216-251120-7";"EL. ENERGIJA 11/2025 -ID 2496 25/0004531";"2025-11-30T00:00:00.000Z";"2025-12-20T00:00:00.000Z";"HR4323900011500128056";"HR01 2301036216-251120-7"
"GRAD LABIN";"2025-12-24T00:00:00.000Z";"HEP ELEKTRA D.O.O.";"43965974818";"ZAGREB";;"EUR";"12.19";"R0350-83 Energija";"400       01 UPRAVNI ODJEL ZA KOMUNALNO GOSPODARSTVO I UPRAVLJANJE IMOVINOM";"L01 4001A400020 Održavanje ostale komunalne infrastrukture";"4.6.001    4. KOMUNALNA NAKNADA";"322310 Električna energija";"0660 Rashodi vezani za stanovanje i kom. pogodnosti koji nisu drugdje svrstani";"2301035785-251120-1";"EL. ENERGIJA 11/2025 -ID 2497 25/0004528";"2025-11-30T00:00:00.000Z";"2025-12-20T00:00:00.000Z";"HR4323900011500128056";"HR01 2301035785-251120-1"
"GRAD LABIN";"2025-12-24T00:00:00.000Z";"HEP ELEKTRA D.O.O.";"43965974818";"ZAGREB";;"EUR";"12.20";"R0350-83 Energija";"400       01 UPRAVNI ODJEL ZA KOMUNALNO GOSPODARSTVO I UPRAVLJANJE IMOVINOM";"L01 4001A400020 Održavanje ostale komunalne infrastrukture";"4.6.001    4. KOMUNALNA NAKNADA";"322310 Električna energija";"0660 Rashodi vezani za stanovanje i kom. pogodnosti koji nisu drugdje svrstani";"2301011475-251120-9";"EL. ENERGIJA 11/2025 -ID 2502 25/0004526";"2025-11-30T00:00:00.000Z";"2025-12-20T00:00:00.000Z";"HR4323900011500128056";"HR01 2301011475-251120-9"
"GRAD LABIN";"2025-12-24T00:00:00.000Z";"HEP ELEKTRA D.O.O.";"43965974818";"ZAGREB";;"EUR";"5291.15";"R0366-7 Energija";"400       01 UPRAVNI ODJEL ZA KOMUNALNO GOSPODARSTVO I UPRAVLJANJE IMOVINOM";"L01 4002A400008 Održavanje igrališta";"4.6.001    4. KOMUNALNA NAKNADA";"322310 Električna energija";"0810 Službe rekreacije i sporta";"2300183272-251120-3";"EL. ENERGIJA 11/2025 -ID 2488 25/0004530";"2025-11-30T00:00:00.000Z";"2025-12-20T00:00:00.000Z";"HR4323900011500128056";"HR01 2300183272-251120-3"
"GRAD LABIN";"2025-12-24T00:00:00.000Z";"HEP ELEKTRA D.O.O.";"43965974818";"ZAGREB";;"EUR";"26.91";"R0359 Troškovi priključaka poslovnih prostora";"400       01 UPRAVNI ODJEL ZA KOMUNALNO GOSPODARSTVO I UPRAVLJANJE IMOVINOM";"L01 4002A400002 Održavanje poslovnih prostora, štandova i privremenih priključaka";"1.1.001    1.OPĆI PRIHODI I PRIMICI";"322310 Električna energija";"0490 Ekonomski poslovi koji nisu drugdje svrstani";"2300088971-251120-9";"EL. ENERGIJA 11/2025 -ID 2499 25/0004527";"2025-11-30T00:00:00.000Z";"2025-12-20T00:00:00.000Z";"HR4323900011500128056";"HR01 2300088971-251120-9"
"GRAD LABIN";"2025-12-24T00:00:00.000Z";"HEP ELEKTRA D.O.O.";"43965974818";"ZAGREB";;"EUR";"0.16";"R0220 Zatezne kamate";"200       01 UPRAVNI ODJEL ZA PRORAČUN I FINANCIJE";"L01 2001A200001 Zajednički troškovi upravnih odjela";"1.1.001    1.OPĆI PRIHODI I PRIMICI";"343330 Zatezne kamate iz poslovnih odnosa";"0112 Financijski i fiskalni poslovi";"2301013786-251120-6";"EL. ENERGIJA 11/2025,002301013786, NOG.IGR. VINEŽPRATE. O 25/0004533";"2025-11-30T00:00:00.000Z";"2025-12-19T00:00:00.000Z";"HR4323900011500128056";"HR01 2301013786-251120-6"
"GRAD LABIN";"2025-12-24T00:00:00.000Z";"HEP ELEKTRA D.O.O.";"43965974818";"ZAGREB";;"EUR";"700.67";"R0366-7 Energija";"400       01 UPRAVNI ODJEL ZA KOMUNALNO GOSPODARSTVO I UPRAVLJANJE IMOVINOM";"L01 4002A400008 Održavanje igrališta";"4.6.001    4. KOMUNALNA NAKNADA";"322310 Električna energija";"0810 Službe rekreacije i sporta";"2301013786-251120-6";"EL. ENERGIJA 11/2025,002301013786, NOG.IGR. VINEŽPRATE. O 25/0004533";"2025-11-30T00:00:00.000Z";"2025-12-19T00:00:00.000Z";"HR4323900011500128056";"HR01 2301013786-251120-6"
"GRAD LABIN";"2025-12-24T00:00:00.000Z";"INGINSPEKT - OPATIJA d.o.o.";"43134493918";"Matulji";;"EUR";"106.25";"R0015 Intelektualne i osobne usluge";"100       01 UPRAVNI ODJEL ZA POSLOVE GRADONAČELNIKA, GRADSKO VIJEĆE I OPĆE POSLOVE";"L01 1001A100001 Redovna djelatnost upravnih odjela";"1.1.001    1.OPĆI PRIHODI I PRIMICI";"323791 Ostale intelektualne usluge - usluge zaštite na radu";"0133 Ostale opće usluge";"964/1/2";"OBAVLJ. POSL. ZAŠ. NARADU I ZAŠ. OD POŽARA ZA 12/25 ,ID 24 25/0004550";"2025-11-30T00:00:00.000Z";"2025-12-15T00:00:00.000Z";"HR5523600001101879319";"HR00 964-1-2"
"GRAD LABIN";"2025-12-24T00:00:00.000Z";"VIDACOMMERC D.O.O.";"31860053829";"LABIN";;"EUR";"564.63";"R0350-50 Uredski materijal i ostali materijalni rashodi";"400       01 UPRAVNI ODJEL ZA KOMUNALNO GOSPODARSTVO I UPRAVLJANJE IMOVINOM";"L01 4001A400016 Održavanje građevina, uređaja i predmeta javne namjene";"4.4.001    4.BORAVIŠNE PRISTOJBE";"322140 Materijal i sredstva za čišćenje i održavanje";"0660 Rashodi vezani za stanovanje i kom. pogodnosti koji nisu drugdje svrstani";"2832-01-91";"MAT. ZA PSIHOLOŠKEBRANE NA MORSKOM PROSTORU URAPCU - ID 24 25/0004171";"2025-11-27T00:00:00.000Z";"2025-12-29T00:00:00.000Z";"HR3824020061100209622";"HR00 25-0004171"
"GRAD LABIN";"2025-12-24T00:00:00.000Z";"FINA FINANCIJSKA AGENCIJA";"85821130368";"ZAGREB";;"EUR";"6.16";"R0218 Ostali nespomenuti rashodi poslovanja";"200       01 UPRAVNI ODJEL ZA PRORAČUN I FINANCIJE";"L01 2001A200001 Zajednički troškovi upravnih odjela";"1.1.001    1.OPĆI PRIHODI I PRIMICI";"329990 Ostali nespomenuti rashodi poslovanja";"0112 Financijski i fiskalni poslovi";"25-1125-0753667";"USLUGA ZA 11/2025.E-RAČUN - ID 2637 25/0004549";"2025-11-30T00:00:00.000Z";"2025-12-28T00:00:00.000Z";"HR4223900011100017042";"HR03 256-11258-07536674"
"GRAD LABIN";"2025-12-24T00:00:00.000Z";"FINA FINANCIJSKA AGENCIJA";"85821130368";"ZAGREB";;"EUR";"47.81";"R0219 Bankarske usluge i usluge platnog prometa";"200       01 UPRAVNI ODJEL ZA PRORAČUN I FINANCIJE";"L01 2001A200001 Zajednički troškovi upravnih odjela";"1.1.001    1.OPĆI PRIHODI I PRIMICI";"343120 Usluge platnog prometa";"0112 Financijski i fiskalni poslovi";"35-1125-0737498";"IZVJEŠTAJ O NAPLATIPRIHODA ZA 11/25 - ID 263825/0004546";"2025-11-30T00:00:00.000Z";"2025-12-26T00:00:00.000Z";"HR4223900011100017042";"HR03 353-11258-07374984"
"GRAD LABIN";"2025-12-24T00:00:00.000Z";"ELEKTRA d.o.o.";"53086210999";"LABIN";;"EUR";"1185.00";"R0350-77 Troškovi održavanja  javne rasvjete";"400       01 UPRAVNI ODJEL ZA KOMUNALNO GOSPODARSTVO I UPRAVLJANJE IMOVINOM";"L01 4001A400019 Održavanje javne rasvjete i potrošnja električne energije";"4.6.001    4. KOMUNALNA NAKNADA";"323290 Ostale usluge tekućeg i investicijskog održavanja";"0640 Ulična rasvjeta";"697-10-1";"INV. RAD. JR NA ULAZU UPLOMINSKU ULICU- PARKIRALIŠTE -ID 25/0004489";"2025-11-28T00:00:00.000Z";"2025-12-29T00:00:00.000Z";"HR3324020061100386931";"HR01 12024004-10100697-18"
"GRAD LABIN";"2025-12-24T00:00:00.000Z";"JEDINSTVO D.O.O.";"29947239127";"LABIN";;"EUR";"172.95";"R0024 Ostali nespomenuti rashodi poslovanja";"100       01 UPRAVNI ODJEL ZA POSLOVE GRADONAČELNIKA, GRADSKO VIJEĆE I OPĆE POSLOVE";"L01 1001A100002 Redovna djelatnost  ureda gradonačelnika";"1.1.001    1.OPĆI PRIHODI I PRIMICI";"329990 Ostali nespomenuti rashodi poslovanja";"0133 Ostale opće usluge";"1961-23-1";"Roba potrebna za poklonpakete - posjetaGradonačelnikaUdru 25/0004547";"2025-12-03T00:00:00.000Z";"2025-12-19T00:00:00.000Z";"HR4924020061100387225";"HR01 08080-23101961-19"
"GRAD LABIN";"2025-12-24T00:00:00.000Z";"JEDINSTVO D.O.O.";"29947239127";"LABIN";;"EUR";"95.28";"R0350-50 Uredski materijal i ostali materijalni rashodi";"400       01 UPRAVNI ODJEL ZA KOMUNALNO GOSPODARSTVO I UPRAVLJANJE IMOVINOM";"L01 4001A400016 Održavanje građevina, uređaja i predmeta javne namjene";"4.4.001    4.BORAVIŠNE PRISTOJBE";"322140 Materijal i sredstva za čišćenje i održavanje";"0660 Rashodi vezani za stanovanje i kom. pogodnosti koji nisu drugdje svrstani";"32-16-1";"Higijenski materijal zapotrebe održavanjajavnogsanitarnog 25/0004553";"2025-11-10T00:00:00.000Z";"2025-11-25T00:00:00.000Z";"HR4924020061100387225";"HR01 08080-16100032-18"
"GRAD LABIN";"2025-12-24T00:00:00.000Z";"REGRES";"           ";"LABIN";;"EUR";"58.33";"R0209 Ostali rashodi za zaposlene";"200       01 UPRAVNI ODJEL ZA PRORAČUN I FINANCIJE";"L01 2001A200001 Zajednički troškovi upravnih odjela";"1.1.001    1.OPĆI PRIHODI I PRIMICI";"312110 Bonus za uspješan rad";"0112 Financijski i fiskalni poslovi";"";"REGRES ZA GO 2025";"2025-12-24T00:00:00.000Z";"2025-12-24T00:00:00.000Z";"HR6423400091000000013";"HR05 10456-073726"
"GRAD LABIN";"2025-12-24T00:00:00.000Z";"REGRES";"           ";"LABIN";;"EUR";"1400.00";"R0209 Ostali rashodi za zaposlene";"200       01 UPRAVNI ODJEL ZA PRORAČUN I FINANCIJE";"L01 2001A200001 Zajednički troškovi upravnih odjela";"1.1.001    1.OPĆI PRIHODI I PRIMICI";"312110 Bonus za uspješan rad";"0112 Financijski i fiskalni poslovi";"";"REGRES ZA GO 2025";"2025-12-24T00:00:00.000Z";"2025-12-24T00:00:00.000Z";"HR6423400091000000013";"HR05 10456-073726"
"GRAD LABIN";"2025-12-24T00:00:00.000Z";"UGOVOR O DJELU-POZ.527-12";"           ";"LABIN";;"EUR";"72.00";"R0527-12 Intelektualne i osobne usluge";"500       01 UPRAVNI ODJEL ZA DRUŠTVENE DJELATNOSTI";"L01 5010A500003 Aktivnosti Zdravog grada";"1.1.001    1.OPĆI PRIHODI I PRIMICI";"323710 Autorski honorari";"0960 Dodatne usluge u obrazovanju";"";"UG-IVANA GRIPARIĆ FAB Za mjesec 11/25";"2025-12-24T00:00:00.000Z";"2025-12-24T00:00:00.000Z";"HR3224070003140023337";"HR69 40002-19041331726-130"
"GRAD LABIN";"2025-12-24T00:00:00.000Z";"UGOVOR O DJELU-POZ.527-12";"           ";"LABIN";;"EUR";"72.00";"R0527-12 Intelektualne i osobne usluge";"500       01 UPRAVNI ODJEL ZA DRUŠTVENE DJELATNOSTI";"L01 5010A500003 Aktivnosti Zdravog grada";"1.1.001    1.OPĆI PRIHODI I PRIMICI";"323710 Autorski honorari";"0960 Dodatne usluge u obrazovanju";"";"UG-JASMINA BELOČ Za mjesec 11/25";"2025-12-24T00:00:00.000Z";"2025-12-24T00:00:00.000Z";"HR1324070003102657145";"HR69 40002-19041331726-130"
"GRAD LABIN";"2025-12-24T00:00:00.000Z";"UGOVOR O DJELU-POZ.527-12";"           ";"LABIN";;"EUR";"84.00";"R0527-12 Intelektualne i osobne usluge";"500       01 UPRAVNI ODJEL ZA DRUŠTVENE DJELATNOSTI";"L01 5010A500003 Aktivnosti Zdravog grada";"1.1.001    1.OPĆI PRIHODI I PRIMICI";"323710 Autorski honorari";"0960 Dodatne usluge u obrazovanju";"";"UG- LEA ČERNJUL Za mjesec 11/25";"2025-12-24T00:00:00.000Z";"2025-12-24T00:00:00.000Z";"HR7624020063206875599";"HR69 40002-19041331726-130"
"GRAD LABIN";"2025-12-24T00:00:00.000Z";"REGRES";"           ";"LABIN";;"EUR";"816.65";"R0209 Ostali rashodi za zaposlene";"200       01 UPRAVNI ODJEL ZA PRORAČUN I FINANCIJE";"L01 2001A200001 Zajednički troškovi upravnih odjela";"1.1.001    1.OPĆI PRIHODI I PRIMICI";"312110 Bonus za uspješan rad";"0112 Financijski i fiskalni poslovi";"";"REGRES ZA GO 2025";"2025-12-24T00:00:00.000Z";"2025-12-24T00:00:00.000Z";"HR6423400091000000013";"HR05 10456-073726"
"GRAD LABIN";"2025-12-24T00:00:00.000Z";"UGOVOR O DJELU POZ.350-55";"GDPR";"";;"EUR";"500.00";"R0350-55 Usluge čišćenja javnih wc-a";"400       01 UPRAVNI ODJEL ZA KOMUNALNO GOSPODARSTVO I UPRAVLJANJE IMOVINOM";"L01 4001A400016 Održavanje građevina, uređaja i predmeta javne namjene";"4.4.001    4.BORAVIŠNE PRISTOJBE";"323710 Autorski honorari";"0660 Rashodi vezani za stanovanje i kom. pogodnosti koji nisu drugdje svrstani";"";"UG- HAZEMINA REDŽIĆ Za  11/25";"2025-12-24T00:00:00.000Z";"2025-12-24T00:00:00.000Z";"";"HR99"
"GRAD LABIN";"2025-12-24T00:00:00.000Z";"UGOVOR O DJELU-POZ.527-12";"           ";"LABIN";;"EUR";"18.00";"R0527-12 Intelektualne i osobne usluge";"500       01 UPRAVNI ODJEL ZA DRUŠTVENE DJELATNOSTI";"L01 5010A500003 Aktivnosti Zdravog grada";"1.1.001    1.OPĆI PRIHODI I PRIMICI";"323710 Autorski honorari";"0960 Dodatne usluge u obrazovanju";"";"Porez Za 11/25   - KRŠAN";"2025-12-24T00:00:00.000Z";"2025-12-24T00:00:00.000Z";"HR6010010051721712006";"HR68 1945-19041331726-25358"
"GRAD LABIN";"2025-12-24T00:00:00.000Z";"UGOVOR O DJELU POZ.350-55";"GDPR";"";;"EUR";"500.00";"R0350-55 Usluge čišćenja javnih wc-a";"400       01 UPRAVNI ODJEL ZA KOMUNALNO GOSPODARSTVO I UPRAVLJANJE IMOVINOM";"L01 4001A400016 Održavanje građevina, uređaja i predmeta javne namjene";"4.4.001    4.BORAVIŠNE PRISTOJBE";"323710 Autorski honorari";"0660 Rashodi vezani za stanovanje i kom. pogodnosti koji nisu drugdje svrstani";"";"UG- DENIS ROŽMAN Za  11/25";"2025-12-24T00:00:00.000Z";"2025-12-24T00:00:00.000Z";"";"HR99"
"GRAD LABIN";"2025-12-24T00:00:00.000Z";"UGOVOR O DJELU-POZ.527-12";"           ";"LABIN";;"EUR";"39.00";"R0527-12 Intelektualne i osobne usluge";"500       01 UPRAVNI ODJEL ZA DRUŠTVENE DJELATNOSTI";"L01 5010A500003 Aktivnosti Zdravog grada";"1.1.001    1.OPĆI PRIHODI I PRIMICI";"323710 Autorski honorari";"0960 Dodatne usluge u obrazovanju";"";"Porez  Za 11/25   - LABIN";"2025-12-24T00:00:00.000Z";"2025-12-24T00:00:00.000Z";"HR0310010051722212000";"HR68 1945-19041331726-25358"
"GRAD LABIN";"2025-12-24T00:00:00.000Z";"UGOVOR O DJELU POZ.350-55";"GDPR";"";;"EUR";"250.00";"R0350-55 Usluge čišćenja javnih wc-a";"400       01 UPRAVNI ODJEL ZA KOMUNALNO GOSPODARSTVO I UPRAVLJANJE IMOVINOM";"L01 4001A400016 Održavanje građevina, uređaja i predmeta javne namjene";"4.4.001    4.BORAVIŠNE PRISTOJBE";"323710 Autorski honorari";"0660 Rashodi vezani za stanovanje i kom. pogodnosti koji nisu drugdje svrstani";"";"Porez  Za 11/25   - LABIN";"2025-12-24T00:00:00.000Z";"2025-12-24T00:00:00.000Z";"";"HR99"
"GRAD LABIN";"2025-12-24T00:00:00.000Z";"UGOVOR O DJELU POZ.350-55";"GDPR";"";;"EUR";"104.16";"R0350-55 Usluge čišćenja javnih wc-a";"400       01 UPRAVNI ODJEL ZA KOMUNALNO GOSPODARSTVO I UPRAVLJANJE IMOVINOM";"L01 4001A400016 Održavanje građevina, uređaja i predmeta javne namjene";"4.4.001    4.BORAVIŠNE PRISTOJBE";"323710 Autorski honorari";"0660 Rashodi vezani za stanovanje i kom. pogodnosti koji nisu drugdje svrstani";"";"DOPRINOS ZA OSN. ZDRAVSTVENO OSI 11/25";"2025-12-24T00:00:00.000Z";"2025-12-24T00:00:00.000Z";"";"HR99"
"GRAD LABIN";"2025-12-24T00:00:00.000Z";"UGOVOR O DJELU-POZ.527-12";"           ";"LABIN";;"EUR";"7.92";"R0527-12 Intelektualne i osobne usluge";"500       01 UPRAVNI ODJEL ZA DRUŠTVENE DJELATNOSTI";"L01 5010A500003 Aktivnosti Zdravog grada";"1.1.001    1.OPĆI PRIHODI I PRIMICI";"323710 Autorski honorari";"0960 Dodatne usluge u obrazovanju";"";"DOPRINOS ZA MIO II STUP/11.25";"2025-12-24T00:00:00.000Z";"2025-12-24T00:00:00.000Z";"HR7610010051700036001";"HR68 2291-19041331726-25358"
"GRAD LABIN";"2025-12-24T00:00:00.000Z";"UGOVOR O DJELU-POZ.527-12";"           ";"LABIN";;"EUR";"23.75";"R0527-12 Intelektualne i osobne usluge";"500       01 UPRAVNI ODJEL ZA DRUŠTVENE DJELATNOSTI";"L01 5010A500003 Aktivnosti Zdravog grada";"1.1.001    1.OPĆI PRIHODI I PRIMICI";"323710 Autorski honorari";"0960 Dodatne usluge u obrazovanju";"";"DOPRINOS ZA OSN. ZDRAVSTVENO OSI.11/25";"2025-12-24T00:00:00.000Z";"2025-12-24T00:00:00.000Z";"HR6510010051550100001";"HR68 8540-19041331726-25358"
"GRAD LABIN";"2025-12-24T00:00:00.000Z";"UGOVOR O DJELU POZ.350-55";"GDPR";"";;"EUR";"138.88";"R0350-55 Usluge čišćenja javnih wc-a";"400       01 UPRAVNI ODJEL ZA KOMUNALNO GOSPODARSTVO I UPRAVLJANJE IMOVINOM";"L01 4001A400016 Održavanje građevina, uređaja i predmeta javne namjene";"4.4.001    4.BORAVIŠNE PRISTOJBE";"323710 Autorski honorari";"0660 Rashodi vezani za stanovanje i kom. pogodnosti koji nisu drugdje svrstani";"";"DOPRINOS ZA MIO I STUP/11.25";"2025-12-24T00:00:00.000Z";"2025-12-24T00:00:00.000Z";"";"HR99"
"GRAD LABIN";"2025-12-24T00:00:00.000Z";"UGOVOR O DJELU-POZ.527-12";"           ";"LABIN";;"EUR";"23.75";"R0527-12 Intelektualne i osobne usluge";"500       01 UPRAVNI ODJEL ZA DRUŠTVENE DJELATNOSTI";"L01 5010A500003 Aktivnosti Zdravog grada";"1.1.001    1.OPĆI PRIHODI I PRIMICI";"323710 Autorski honorari";"0960 Dodatne usluge u obrazovanju";"";"DOPRINOS ZA MIO I STUP/11.25";"2025-12-24T00:00:00.000Z";"2025-12-24T00:00:00.000Z";"HR1210010051863000160";"HR68 8176-19041331726-25358"
"GRAD LABIN";"2025-12-23T00:00:00.000Z";"Fizičke osobe";"GDPR";"";"DOM ZA STARIJE OSOBE LABIN";"EUR";"14000.00";"R1100-30 Ostali rashodi za zaposlene";"500       05        53994 DOM ZA STARIJE OSOBE LABIN";"L01 5011A500001 Socijalna zaštita starijih i nemoćnih osoba";"4.9.000001 4.PRIHODI ZA POSEBNE NAMJENE - PRIHODI KORISNIKA";"312130 Darovi";"1020 Starost";"";"";"2025-12-16T00:00:00.000Z";"2025-12-18T00:00:00.000Z";"";"HR99"
"GRAD LABIN";"2025-12-23T00:00:00.000Z";"Fizičke osobe";"GDPR";"";"DOM ZA STARIJE OSOBE LABIN";"EUR";"239.50";"R1100-96 Ostale naknade troškova zaposlenima";"500       05        53994 DOM ZA STARIJE OSOBE LABIN";"L01 5011A500001 Socijalna zaštita starijih i nemoćnih osoba";"4.9.000001 4.PRIHODI ZA POSEBNE NAMJENE - PRIHODI KORISNIKA";"321410 Naknada za korištenje privatnog automobila u službene svrhe";"1020 Starost";"";"";"2025-12-16T00:00:00.000Z";"2025-12-18T00:00:00.000Z";"";"HR99"
"GRAD LABIN";"2025-12-23T00:00:00.000Z";"Fizičke osobe";"GDPR";"";"JAVNA VATROGASNA POSTROJBA LABIN";"EUR";"5950.00";"R0156 Ostali rashodi za zaposlene";"100       03        35837 JAVNA VATROGASNA POSTROJBA LABIN";"L01 1003A100004 Financiranje Javne vatrogasne postrojbe Labin";"5.9.000002 5. POMOĆI - OPĆINE - PRIHODI KORISNIKA GL 02";"312120 Nagrade";"0320 Usluge protupožarne zaštite";"";"";"2025-12-23T00:00:00.000Z";"2025-12-23T00:00:00.000Z";"";"HR99"
"GRAD LABIN";"2025-12-23T00:00:00.000Z";"Fizičke osobe";"GDPR";"";"JAVNA VATROGASNA POSTROJBA LABIN";"EUR";"4550.00";"R0114 Ostali rashodi za zaposlene";"100       03        35837 JAVNA VATROGASNA POSTROJBA LABIN";"L01 1003A100004 Financiranje Javne vatrogasne postrojbe Labin";"1.1.001    1.OPĆI PRIHODI I PRIMICI";"312120 Nagrade";"0320 Usluge protupožarne zaštite";"";"";"2025-12-23T00:00:00.000Z";"2025-12-23T00:00:00.000Z";"";"HR99"
"GRAD LABIN";"2025-12-23T00:00:00.000Z";"Fizičke osobe";"GDPR";"";;"EUR";"14115.00";"R0396 Naknade građanima i kućanstvima u novcu";"500       01 UPRAVNI ODJEL ZA DRUŠTVENE DJELATNOSTI";"L01 5002A500001 Stipendiranje učenika i studenata";"1.1.001    1.OPĆI PRIHODI I PRIMICI";"372150 Stipendije i školarine";"0912 Osnovno obrazovanje";"";"";"2025-12-18T00:00:00.000Z";"2025-12-18T00:00:00.000Z";"";"HR99"
"GRAD LABIN";"2025-12-23T00:00:00.000Z";"Fizičke osobe";"GDPR";"";;"EUR";"760.00";"R0472 Jednokratne novčane pomoći umirovljenicima";"500       01 UPRAVNI ODJEL ZA DRUŠTVENE DJELATNOSTI";"L01 5006A500002 Socijalna zaštita starijih, bolesnih i nemoćnih osoba";"1.1.001    1.OPĆI PRIHODI I PRIMICI";"372190 Ostale naknade iz proračuna u novcu";"1020 Starost";"";"";"2025-12-18T00:00:00.000Z";"2025-12-18T00:00:00.000Z";"";"HR99"
"GRAD LABIN";"2025-12-23T00:00:00.000Z";"Fizičke osobe";"GDPR";"";;"EUR";"118.00";"R0473 Ostale novčane pomoći starijim i nemoćnim osobama";"500       01 UPRAVNI ODJEL ZA DRUŠTVENE DJELATNOSTI";"L01 5006A500002 Socijalna zaštita starijih, bolesnih i nemoćnih osoba";"1.1.001    1.OPĆI PRIHODI I PRIMICI";"372120 Pomoć obiteljima i kućanstvima";"1020 Starost";"";"";"2025-12-18T00:00:00.000Z";"2025-12-18T00:00:00.000Z";"";"HR99"
"GRAD LABIN";"2025-12-23T00:00:00.000Z";"TRIONIS 1 vl. Vedran Ivančević";"55816735642";"LABIN";;"EUR";"200.00";"R1110 Intelektualne i osobne usluge";"600       01 UPRAVNI ODJEL ZA GOSPODARSTVO I EU PROJEKTE";"L01 6001A600006 Iformativna i edukativna potpora";"1.1.001    1.OPĆI PRIHODI I PRIMICI";"323790 Ostale intelektualne usluge";"0490 Ekonomski poslovi koji nisu drugdje svrstani";"21-1-1";"Usluga osmišljavanja išripreme manifestacije ""Snagazajedni 25/0004448";"2025-12-09T00:00:00.000Z";"2025-12-16T00:00:00.000Z";"HR7724020061140471971";"HR00 21112025"
"GRAD LABIN";"2025-12-23T00:00:00.000Z";"HRVATSKI SKIJAŠKI SAVEZ";"72333959658";"ZAGREB";;"EUR";"2562.50";"R1110 Intelektualne i osobne usluge";"600       01 UPRAVNI ODJEL ZA GOSPODARSTVO I EU PROJEKTE";"L01 6001A600006 Iformativna i edukativna potpora";"1.1.001    1.OPĆI PRIHODI I PRIMICI";"323790 Ostale intelektualne usluge";"0490 Ekonomski poslovi koji nisu drugdje svrstani";"154/1/1";"Predavanje IviceKostelica u sklopu događaja""Snaga zajedniš 25/0004467";"2025-12-10T00:00:00.000Z";"2025-12-17T00:00:00.000Z";"HR1024840081105631098";"HR00 2016-154-10"
"GRAD LABIN";"2025-12-23T00:00:00.000Z";"PUBLIC PROCUREMENT SOLUTIONS";"03934152526";"Cestica";;"EUR";"1250.00";"R0276-52 Izrada projektne dokumentacije";"300       01 UPRAVNI ODJEL ZA PROSTORNO UREĐENJE, ZAŠTITU OKOLIŠA I IZDAVANJA AKATA ZA GRADNJU";"L01 3003K300038 Pilot projekt, kod NPOO.C6.1.R5.02.0031 (ranije Obnova i prenamjena zgrade škole Ripenda)";"1.1.001    1.OPĆI PRIHODI I PRIMICI";"426410 Ostala nematerijalna proizvedena imovina";"0620 Razvoj zajednice";"81-1-1";"Usluga poslovnogsavjetovanja iz javne nabave -ID2470 25/0004450";"2025-12-02T00:00:00.000Z";"2025-12-07T00:00:00.000Z";"HR9623600001103151318";"HR00 03122025"
"GRAD LABIN";"2025-12-23T00:00:00.000Z";"PRO VITALIS D.O.O.";"11857024889";"Žminj";;"EUR";"33.01";"R0013 Ostale zakupnine i najamnine";"100       01 UPRAVNI ODJEL ZA POSLOVE GRADONAČELNIKA, GRADSKO VIJEĆE I OPĆE POSLOVE";"L01 1001A100001 Redovna djelatnost upravnih odjela";"1.1.001    1.OPĆI PRIHODI I PRIMICI";"323530 Zakupnine i najamnine za opremu";"0133 Ostale opće usluge";"2143-100-2";"NAJAM APARATA ZA VODUZA 11/2025 - ID 2430 25/0004519";"2025-12-18T00:00:00.000Z";"2025-12-13T00:00:00.000Z";"HR3224840081104964506";"HR00 23600214300"
"GRAD LABIN";"2025-12-23T00:00:00.000Z";"BAZGIN d.o.o.";"84589818455";"PULA";;"EUR";"9193.16";"R0385-01 Instalacija sunčane elektrane-Katuri 17";"400       01 UPRAVNI ODJEL ZA KOMUNALNO GOSPODARSTVO I UPRAVLJANJE IMOVINOM";"L01 4003K400002 Izgradnja komunalne infrastrukture";"4.6.001    4. KOMUNALNA NAKNADA";"421490 Ostali nespomenuti građevinski objekti";"0620 Razvoj zajednice";"137-P1-91";"Radovi na izgradnjielektrane - ID 2632 25/0004522";"2025-12-09T00:00:00.000Z";"2025-12-09T00:00:00.000Z";"HR9623600001102422751";"HR00 4405130133-559"
"GRAD LABIN";"2025-12-23T00:00:00.000Z";"INOVIRAJ OBRT ZA USLUGE I SAVJETOVANJE";"13980683762";"PULA";;"EUR";"5900.00";"R1119 Intelektualne i osobne usluge";"600       01 UPRAVNI ODJEL ZA GOSPODARSTVO I EU PROJEKTE";"L01 6002A600001 Priprema projekata iz EU fondova";"1.1.001    1.OPĆI PRIHODI I PRIMICI";"323790 Ostale intelektualne usluge";"0133 Ostale opće usluge";"7/01/251";"IZRADA PROG. INKUBACIJEI POSL. PLANA ""HUB KREATIVNE IIKT I 25/0004463";"2025-12-05T00:00:00.000Z";"2025-12-20T00:00:00.000Z";"HR9124840081135143054";"HR00 7-01-251"
"GRAD LABIN";"2025-12-23T00:00:00.000Z";"INOVIRAJ OBRT ZA USLUGE I SAVJETOVANJE";"13980683762";"PULA";;"EUR";"4410.00";"R1119 Intelektualne i osobne usluge";"600       01 UPRAVNI ODJEL ZA GOSPODARSTVO I EU PROJEKTE";"L01 6002A600001 Priprema projekata iz EU fondova";"1.1.001    1.OPĆI PRIHODI I PRIMICI";"323790 Ostale intelektualne usluge";"0133 Ostale opće usluge";"6/01/251";"TEHNIČKA POMOĆ UPRIPREMI PRIJAVE PROJEKTA ?HUBKREATIVNE I 25/0004462";"2025-12-05T00:00:00.000Z";"2025-12-20T00:00:00.000Z";"HR9124840081135143054";"HR00 6-01-251"
"GRAD LABIN";"2025-12-23T00:00:00.000Z";"MINFOR D.O.O.";"97130327224";"VARAŽDIN";;"EUR";"5750.00";"R0013 Ostale zakupnine i najamnine";"100       01 UPRAVNI ODJEL ZA POSLOVE GRADONAČELNIKA, GRADSKO VIJEĆE I OPĆE POSLOVE";"L01 1001A100001 Redovna djelatnost upravnih odjela";"1.1.001    1.OPĆI PRIHODI I PRIMICI";"323540 Licence";"0133 Ostale opće usluge";"29/25";"KORIŠTENJE WEBAPLIKACIJE E-GLASANJE - ID 250825/0004525";"2025-12-01T00:00:00.000Z";"2025-12-15T00:00:00.000Z";"HR5523600001102671130";"HR00 08122025"
"GRAD LABIN";"2025-12-23T00:00:00.000Z";"Pino Mi j.d.o.o.";"52229594441";"LABIN";;"EUR";"172.50";"R0354 Održavanje stanova";"400       01 UPRAVNI ODJEL ZA KOMUNALNO GOSPODARSTVO I UPRAVLJANJE IMOVINOM";"L01 4002A400001 Održavanje stambenih prostora";"1.1.001    1.OPĆI PRIHODI I PRIMICI";"323210 Usluge tekućeg i investicijskog održavanja građevinskih objekata";"0660 Rashodi vezani za stanovanje i kom. pogodnosti koji nisu drugdje svrstani";"92/1/1";"Održavanje stanova-OBJEKT: Ex Samacki:izmjenatermostata, 25/0004451";"2025-12-03T00:00:00.000Z";"2025-12-18T00:00:00.000Z";"HR2823400091111129099";"HR00 39-92-10"
"GRAD LABIN";"2025-12-23T00:00:00.000Z";"Pino Mi j.d.o.o.";"52229594441";"LABIN";;"EUR";"1026.00";"R0361 Održavanje poslovnih prostora";"400       01 UPRAVNI ODJEL ZA KOMUNALNO GOSPODARSTVO I UPRAVLJANJE IMOVINOM";"L01 4002A400002 Održavanje poslovnih prostora, štandova i privremenih priključaka";"1.1.001    1.OPĆI PRIHODI I PRIMICI";"323212 Usluge tekućeg i investicijskog održavanja gr. objekata -priznati pretporeza";"0490 Ekonomski poslovi koji nisu drugdje svrstani";"84/1/1";"Održavanje poslovnihprostora - Objekat:SAMACKI-prizemlje 25/0004485";"2025-11-28T00:00:00.000Z";"2025-12-13T00:00:00.000Z";"HR2823400091111129099";"HR00 39-84-10"
"GRAD LABIN";"2025-12-23T00:00:00.000Z";"Pino Mi j.d.o.o.";"52229594441";"LABIN";;"EUR";"97.50";"R0354 Održavanje stanova";"400       01 UPRAVNI ODJEL ZA KOMUNALNO GOSPODARSTVO I UPRAVLJANJE IMOVINOM";"L01 4002A400001 Održavanje stambenih prostora";"1.1.001    1.OPĆI PRIHODI I PRIMICI";"323210 Usluge tekućeg i investicijskog održavanja građevinskih objekata";"0660 Rashodi vezani za stanovanje i kom. pogodnosti koji nisu drugdje svrstani";"85/1/1";"Održavanje stanova -OBJEKT: A. Selana 24:Dobava,doprema i 25/0004452";"2025-11-29T00:00:00.000Z";"2025-11-29T00:00:00.000Z";"HR2823400091111129099";"HR00 39-85-10"
"GRAD LABIN";"2025-12-23T00:00:00.000Z";"LOGOPEDSKA PRAKSA SANDRA VIDAKOVIĆ K.";"GDPR";"";;"EUR";"495.00";"R0519-3 Intelektualne i osobne usluge";"500       01 UPRAVNI ODJEL ZA DRUŠTVENE DJELATNOSTI";"L01 5008A500008 Prevencija bolesti i promocija zdravlja";"1.1.001    1.OPĆI PRIHODI I PRIMICI";"323720 Ugovori o djelu";"0760 Poslovi i usluge zdravstva koji nisu drugdje svrstani";"204-01-2025";"Logopedske usluge -08.11.2025. i 22.11.2025. -ID2458 25/0004454";"2025-12-03T00:00:00.000Z";"2025-12-03T00:00:00.000Z";"";"HR99"
"GRAD LABIN";"2025-12-23T00:00:00.000Z";"LOGOPEDSKA PRAKSA SANDRA VIDAKOVIĆ K.";"GDPR";"";;"EUR";"1500.00";"R0519-3 Intelektualne i osobne usluge";"500       01 UPRAVNI ODJEL ZA DRUŠTVENE DJELATNOSTI";"L01 5008A500008 Prevencija bolesti i promocija zdravlja";"1.1.001    1.OPĆI PRIHODI I PRIMICI";"323720 Ugovori o djelu";"0760 Poslovi i usluge zdravstva koji nisu drugdje svrstani";"203-01-2025";"Logopedske usluge -03.11.2025. do 27.11.2025 -ID2449 - ID 25/0004455";"2025-11-28T00:00:00.000Z";"2025-12-03T00:00:00.000Z";"";"HR99"
"GRAD LABIN";"2025-12-23T00:00:00.000Z";"AUTOMATIC SERVIS D.O.O.";"41664839195";"BUZET";;"EUR";"30.00";"R0024 Ostali nespomenuti rashodi poslovanja";"100       01 UPRAVNI ODJEL ZA POSLOVE GRADONAČELNIKA, GRADSKO VIJEĆE I OPĆE POSLOVE";"L01 1001A100002 Redovna djelatnost  ureda gradonačelnika";"1.1.001    1.OPĆI PRIHODI I PRIMICI";"329910 Rashodi protokola (vijenci, cvijeće, svijeće i slično)";"0133 Ostale opće usluge";"25-PJ1-3-03961";"REPREZENTACIJA -NAPITCI IZ APARATA - ID255825/0004517";"2025-12-10T00:00:00.000Z";"2025-12-25T00:00:00.000Z";"HR1324020061100065639";"HR00 09994-251303961"
"GRAD LABIN";"2025-12-23T00:00:00.000Z";"AUTOMATIC SERVIS D.O.O.";"41664839195";"BUZET";;"EUR";"30.00";"R0024 Ostali nespomenuti rashodi poslovanja";"100       01 UPRAVNI ODJEL ZA POSLOVE GRADONAČELNIKA, GRADSKO VIJEĆE I OPĆE POSLOVE";"L01 1001A100002 Redovna djelatnost  ureda gradonačelnika";"1.1.001    1.OPĆI PRIHODI I PRIMICI";"329910 Rashodi protokola (vijenci, cvijeće, svijeće i slično)";"0133 Ostale opće usluge";"25-PJ1-3-03720";"REPREZENTACIJA -NAPITCI IZ APARATA - ID241225/0004516";"2025-11-25T00:00:00.000Z";"2025-12-10T00:00:00.000Z";"HR1324020061100065639";"HR00 09994-251303720"
"GRAD LABIN";"2025-12-23T00:00:00.000Z";"AUTOMATIC SERVIS D.O.O.";"41664839195";"BUZET";;"EUR";"40.00";"R0024 Ostali nespomenuti rashodi poslovanja";"100       01 UPRAVNI ODJEL ZA POSLOVE GRADONAČELNIKA, GRADSKO VIJEĆE I OPĆE POSLOVE";"L01 1001A100002 Redovna djelatnost  ureda gradonačelnika";"1.1.001    1.OPĆI PRIHODI I PRIMICI";"329910 Rashodi protokola (vijenci, cvijeće, svijeće i slično)";"0133 Ostale opće usluge";"25-PJ1-3-03677";"REPREZENTACIJA -NAPITCI IZ APARATA - ID239225/0004515";"2025-11-19T00:00:00.000Z";"2025-12-04T00:00:00.000Z";"HR1324020061100065639";"HR00 09994-251303677"
"GRAD LABIN";"2025-12-23T00:00:00.000Z";"ADRIATIC OSIGURANJE D.D.";"94472454976";"PULA";;"EUR";"147.00";"R0214 Premije osiguranja";"200       01 UPRAVNI ODJEL ZA PRORAČUN I FINANCIJE";"L01 2001A200001 Zajednički troškovi upravnih odjela";"1.1.001    1.OPĆI PRIHODI I PRIMICI";"329210 Premije osiguranja prijevoznih sredstava";"0112 Financijski i fiskalni poslovi";"86112518696";"OSIGURANJE CESTOVNIHVOZILA 05.9.25-05.9.26 - ID 245725/0004180";"2025-12-03T00:00:00.000Z";"2025-12-27T00:00:00.000Z";"HR9724810001411000034";"HR02 86112518696-27"
"GRAD LABIN";"2025-12-23T00:00:00.000Z";"STRUDES D.O.O.";"68137150346";"ZAGREB";;"EUR";"1150.00";"R0259-5 Glavni i izvedbeni projekt rudarska kupatila";"300       01 UPRAVNI ODJEL ZA PROSTORNO UREĐENJE, ZAŠTITU OKOLIŠA I IZDAVANJA AKATA ZA GRADNJU";"L01 3003K300005 Rekons. i sanacija velikog kupatila,tople veze i šohta u sklopu rudar.komp. Pijacal";"1.1.001    1.OPĆI PRIHODI I PRIMICI";"426410 Ostala nematerijalna proizvedena imovina";"0620 Razvoj zajednice";"255-01-1";"Glavni i izvedbeniprojekt rudarskih kupatila -Kontrola gl. 25/0004472";"2025-11-27T00:00:00.000Z";"2025-12-20T00:00:00.000Z";"HR8423600001102646940";"HR00 1-1"
"GRAD LABIN";"2025-12-23T00:00:00.000Z";"ZANDEL JAJČEVIĆ DANIJELA-HAPPULAND OBRT";"GDPR";"";;"EUR";"255.00";"R0395-3 Subvencija djelatnosti obrta za čuvanje djece";"500       01 UPRAVNI ODJEL ZA DRUŠTVENE DJELATNOSTI";"L01 5001A500001 Sufinanciranje predškolske djelatnosti";"1.1.001    1.OPĆI PRIHODI I PRIMICI";"352320 Subvencije obrtnicima";"0911 Predškolsko obrazovanje";"19/P1/2";"SUFIN.OBRTA ZA ČUVANJEDJECE - BORAVAK UDJEČJOJIGRAONICI10 25/0004468";"2025-10-31T00:00:00.000Z";"2025-11-15T00:00:00.000Z";"";"HR99"
"GRAD LABIN";"2025-12-23T00:00:00.000Z";"HEP ELEKTRA D.O.O.";"43965974818";"ZAGREB";;"EUR";"12.17";"R0358 Troškovi priključaka štandova i dr.";"400       01 UPRAVNI ODJEL ZA KOMUNALNO GOSPODARSTVO I UPRAVLJANJE IMOVINOM";"L01 4002A400002 Održavanje poslovnih prostora, štandova i privremenih priključaka";"1.1.001    1.OPĆI PRIHODI I PRIMICI";"322310 Električna energija";"0490 Ekonomski poslovi koji nisu drugdje svrstani";"2301048527-251120-3";"EL. ENERGIJA 11/2025 -ID 2495 25/0004478";"2025-11-30T00:00:00.000Z";"2025-12-20T00:00:00.000Z";"HR4323900011500128056";"HR01 2301048527-251120-3"
"GRAD LABIN";"2025-12-23T00:00:00.000Z";"HEP ELEKTRA D.O.O.";"43965974818";"ZAGREB";;"EUR";"32.58";"R0359 Troškovi priključaka poslovnih prostora";"400       01 UPRAVNI ODJEL ZA KOMUNALNO GOSPODARSTVO I UPRAVLJANJE IMOVINOM";"L01 4002A400002 Održavanje poslovnih prostora, štandova i privremenih priključaka";"1.1.001    1.OPĆI PRIHODI I PRIMICI";"322314 Električna energija - osnov. za priznati pretporez";"0490 Ekonomski poslovi koji nisu drugdje svrstani";"2301048527-251120-3";"EL. ENERGIJA 11/2025 -ID 2495 25/0004478";"2025-11-30T00:00:00.000Z";"2025-12-20T00:00:00.000Z";"HR4323900011500128056";"HR01 2301048527-251120-3"
"GRAD LABIN";"2025-12-23T00:00:00.000Z";"HEP ELEKTRA D.O.O.";"43965974818";"ZAGREB";;"EUR";"10.96";"R0353 Troškovi priključaka - električna energija";"400       01 UPRAVNI ODJEL ZA KOMUNALNO GOSPODARSTVO I UPRAVLJANJE IMOVINOM";"L01 4002A400001 Održavanje stambenih prostora";"1.1.001    1.OPĆI PRIHODI I PRIMICI";"322314 Električna energija - osnov. za priznati pretporez";"0660 Rashodi vezani za stanovanje i kom. pogodnosti koji nisu drugdje svrstani";"2301033924-251120-0";"EL. ENERGIJA 11/2025 -ID 2500 25/0004480";"2025-11-30T00:00:00.000Z";"2025-12-20T00:00:00.000Z";"HR4323900011500128056";"HR01 301033924-251120-0"
"GRAD LABIN";"2025-12-23T00:00:00.000Z";"HEP ELEKTRA D.O.O.";"43965974818";"ZAGREB";;"EUR";"351.59";"R1112 Energija";"600       01 UPRAVNI ODJEL ZA GOSPODARSTVO I EU PROJEKTE";"L01 6001T600001 Coworking";"1.1.001    1.OPĆI PRIHODI I PRIMICI";"322314 Električna energija - osnov. za priznati pretporez";"0160 Opće javne usluge koje nisu drugdje svrstane";"2301031965-251120-0";"EL. ENERGIJA COWORKING11/2025 - ID 2498 25/0004475";"2025-11-30T00:00:00.000Z";"2025-12-20T00:00:00.000Z";"HR4323900011500128056";"HR01 301031965-251120-0"
"GRAD LABIN";"2025-12-23T00:00:00.000Z";"HEP ELEKTRA D.O.O.";"43965974818";"ZAGREB";;"EUR";"27.44";"R0359 Troškovi priključaka poslovnih prostora";"400       01 UPRAVNI ODJEL ZA KOMUNALNO GOSPODARSTVO I UPRAVLJANJE IMOVINOM";"L01 4002A400002 Održavanje poslovnih prostora, štandova i privremenih priključaka";"1.1.001    1.OPĆI PRIHODI I PRIMICI";"322314 Električna energija - osnov. za priznati pretporez";"0490 Ekonomski poslovi koji nisu drugdje svrstani";"2301011774-251120-9";"EL. ENERGIJA 11/2025 -ID 2501 25/0004481";"2025-11-30T00:00:00.000Z";"2025-12-20T00:00:00.000Z";"HR4323900011500128056";"HR01 2301011774-251120-9"
"GRAD LABIN";"2025-12-23T00:00:00.000Z";"HEP ELEKTRA D.O.O.";"43965974818";"ZAGREB";;"EUR";"46.55";"R0005 Energija";"100       01 UPRAVNI ODJEL ZA POSLOVE GRADONAČELNIKA, GRADSKO VIJEĆE I OPĆE POSLOVE";"L01 1001A100001 Redovna djelatnost upravnih odjela";"1.1.001    1.OPĆI PRIHODI I PRIMICI";"322313 Električna energija - Ostali";"0133 Ostale opće usluge";"2301005407-251120-2";"EL. ENERGIJA 11/2025 -ID 2503 25/0004508";"2025-11-30T00:00:00.000Z";"2025-12-20T00:00:00.000Z";"HR4323900011500128056";"HR01 2301005407-251120-2"
"GRAD LABIN";"2025-12-23T00:00:00.000Z";"HEP ELEKTRA D.O.O.";"43965974818";"ZAGREB";;"EUR";"11.17";"R0359 Troškovi priključaka poslovnih prostora";"400       01 UPRAVNI ODJEL ZA KOMUNALNO GOSPODARSTVO I UPRAVLJANJE IMOVINOM";"L01 4002A400002 Održavanje poslovnih prostora, štandova i privremenih priključaka";"1.1.001    1.OPĆI PRIHODI I PRIMICI";"322310 Električna energija";"0490 Ekonomski poslovi koji nisu drugdje svrstani";"2301005407-251120-2";"EL. ENERGIJA 11/2025 -ID 2503 25/0004508";"2025-11-30T00:00:00.000Z";"2025-12-20T00:00:00.000Z";"HR4323900011500128056";"HR01 2301005407-251120-2"
"GRAD LABIN";"2025-12-23T00:00:00.000Z";"HEP ELEKTRA D.O.O.";"43965974818";"ZAGREB";;"EUR";"39.56";"R0359 Troškovi priključaka poslovnih prostora";"400       01 UPRAVNI ODJEL ZA KOMUNALNO GOSPODARSTVO I UPRAVLJANJE IMOVINOM";"L01 4002A400002 Održavanje poslovnih prostora, štandova i privremenih priključaka";"1.1.001    1.OPĆI PRIHODI I PRIMICI";"322314 Električna energija - osnov. za priznati pretporez";"0490 Ekonomski poslovi koji nisu drugdje svrstani";"2301005407-251120-2";"EL. ENERGIJA 11/2025 -ID 2503 25/0004508";"2025-11-30T00:00:00.000Z";"2025-12-20T00:00:00.000Z";"HR4323900011500128056";"HR01 2301005407-251120-2"
"GRAD LABIN";"2025-12-23T00:00:00.000Z";"HEP ELEKTRA D.O.O.";"43965974818";"ZAGREB";;"EUR";"19.59";"R0358 Troškovi priključaka štandova i dr.";"400       01 UPRAVNI ODJEL ZA KOMUNALNO GOSPODARSTVO I UPRAVLJANJE IMOVINOM";"L01 4002A400002 Održavanje poslovnih prostora, štandova i privremenih priključaka";"1.1.001    1.OPĆI PRIHODI I PRIMICI";"322310 Električna energija";"0490 Ekonomski poslovi koji nisu drugdje svrstani";"2301005407-251120-2";"EL. ENERGIJA 11/2025 -ID 2503 25/0004508";"2025-11-30T00:00:00.000Z";"2025-12-20T00:00:00.000Z";"HR4323900011500128056";"HR01 2301005407-251120-2"
"GRAD LABIN";"2025-12-23T00:00:00.000Z";"HEP ELEKTRA D.O.O.";"43965974818";"ZAGREB";;"EUR";"10.79";"R0359 Troškovi priključaka poslovnih prostora";"400       01 UPRAVNI ODJEL ZA KOMUNALNO GOSPODARSTVO I UPRAVLJANJE IMOVINOM";"L01 4002A400002 Održavanje poslovnih prostora, štandova i privremenih priključaka";"1.1.001    1.OPĆI PRIHODI I PRIMICI";"322314 Električna energija - osnov. za priznati pretporez";"0490 Ekonomski poslovi koji nisu drugdje svrstani";"2301001541-251120-4";"EL. ENERGIJA 1166212255RUDARSKA 1 ZA 11/2025 - ID249125/0004482";"2025-11-30T00:00:00.000Z";"2025-12-20T00:00:00.000Z";"HR4323900011500128056";"HR01 2301001541-251120-4"
"GRAD LABIN";"2025-12-23T00:00:00.000Z";"HEP ELEKTRA D.O.O.";"43965974818";"ZAGREB";;"EUR";"614.61";"R0005 Energija";"100       01 UPRAVNI ODJEL ZA POSLOVE GRADONAČELNIKA, GRADSKO VIJEĆE I OPĆE POSLOVE";"L01 1001A100001 Redovna djelatnost upravnih odjela";"1.1.001    1.OPĆI PRIHODI I PRIMICI";"322311 Električna energija - Gradska uprava";"0133 Ostale opće usluge";"2300183296-251120-8";"EL. ENERGIJA ZGRADAOPĆINE 11/2025 - ID248925/0004476";"2025-11-30T00:00:00.000Z";"2025-12-20T00:00:00.000Z";"HR4323900011500128056";"HR01 2300183296-251120-8"
"GRAD LABIN";"2025-12-23T00:00:00.000Z";"HEP ELEKTRA D.O.O.";"43965974818";"ZAGREB";;"EUR";"155.20";"R0005 Energija";"100       01 UPRAVNI ODJEL ZA POSLOVE GRADONAČELNIKA, GRADSKO VIJEĆE I OPĆE POSLOVE";"L01 1001A100001 Redovna djelatnost upravnih odjela";"1.1.001    1.OPĆI PRIHODI I PRIMICI";"322314 Električna energija - osnov. za priznati pretporez";"0133 Ostale opće usluge";"2300183296-251120-8";"EL. ENERGIJA ZGRADAOPĆINE 11/2025 - ID248925/0004476";"2025-11-30T00:00:00.000Z";"2025-12-20T00:00:00.000Z";"HR4323900011500128056";"HR01 2300183296-251120-8"
"GRAD LABIN";"2025-12-23T00:00:00.000Z";"HEP ELEKTRA D.O.O.";"43965974818";"ZAGREB";;"EUR";"135.15";"R0005 Energija";"100       01 UPRAVNI ODJEL ZA POSLOVE GRADONAČELNIKA, GRADSKO VIJEĆE I OPĆE POSLOVE";"L01 1001A100001 Redovna djelatnost upravnih odjela";"1.1.001    1.OPĆI PRIHODI I PRIMICI";"322313 Električna energija - Ostali";"0133 Ostale opće usluge";"2300183269-251120-0";"EL. ENERGIJAPODUZETNIČKI INKUBATOR 11/2025 -ID 2490 25/0004509";"2025-11-30T00:00:00.000Z";"2025-12-20T00:00:00.000Z";"HR4323900011500128056";"HR01 2300183269-251120-0"
"GRAD LABIN";"2025-12-23T00:00:00.000Z";"HEP ELEKTRA D.O.O.";"43965974818";"ZAGREB";;"EUR";"69.87";"R0359 Troškovi priključaka poslovnih prostora";"400       01 UPRAVNI ODJEL ZA KOMUNALNO GOSPODARSTVO I UPRAVLJANJE IMOVINOM";"L01 4002A400002 Održavanje poslovnih prostora, štandova i privremenih priključaka";"1.1.001    1.OPĆI PRIHODI I PRIMICI";"322314 Električna energija - osnov. za priznati pretporez";"0490 Ekonomski poslovi koji nisu drugdje svrstani";"2300183269-251120-0";"EL. ENERGIJAPODUZETNIČKI INKUBATOR 11/2025 -ID 2490 25/0004509";"2025-11-30T00:00:00.000Z";"2025-12-20T00:00:00.000Z";"HR4323900011500128056";"HR01 2300183269-251120-0"
"GRAD LABIN";"2025-12-23T00:00:00.000Z";"HEP ELEKTRA D.O.O.";"43965974818";"ZAGREB";;"EUR";"10.79";"R0359 Troškovi priključaka poslovnih prostora";"400       01 UPRAVNI ODJEL ZA KOMUNALNO GOSPODARSTVO I UPRAVLJANJE IMOVINOM";"L01 4002A400002 Održavanje poslovnih prostora, štandova i privremenih priključaka";"1.1.001    1.OPĆI PRIHODI I PRIMICI";"322314 Električna energija - osnov. za priznati pretporez";"0490 Ekonomski poslovi koji nisu drugdje svrstani";"2300116622-251120-4";"EL. ENERGIJA TRGETKAPELICA BB 1197282508 ZA11/2025 - 2493 25/0004483";"2025-11-30T00:00:00.000Z";"2025-12-20T00:00:00.000Z";"HR4323900011500128056";"HR01 2300116622-251120-4"
"GRAD LABIN";"2025-12-23T00:00:00.000Z";"HEP ELEKTRA D.O.O.";"43965974818";"ZAGREB";;"EUR";"14.54";"R0350-83 Energija";"400       01 UPRAVNI ODJEL ZA KOMUNALNO GOSPODARSTVO I UPRAVLJANJE IMOVINOM";"L01 4001A400020 Održavanje ostale komunalne infrastrukture";"4.6.001    4. KOMUNALNA NAKNADA";"322310 Električna energija";"0660 Rashodi vezani za stanovanje i kom. pogodnosti koji nisu drugdje svrstani";"2300088962-251120-0";"EL. ENERGIJA 11/2025 -ID 2505 25/0004507";"2025-11-30T00:00:00.000Z";"2025-12-20T00:00:00.000Z";"HR4323900011500128056";"HR01 300088962-251120-0"
"GRAD LABIN";"2025-12-23T00:00:00.000Z";"HEP ELEKTRA D.O.O.";"43965974818";"ZAGREB";;"EUR";"10.04";"R0350-51 Energija";"400       01 UPRAVNI ODJEL ZA KOMUNALNO GOSPODARSTVO I UPRAVLJANJE IMOVINOM";"L01 4001A400016 Održavanje građevina, uređaja i predmeta javne namjene";"4.4.001    4.BORAVIŠNE PRISTOJBE";"322310 Električna energija";"0660 Rashodi vezani za stanovanje i kom. pogodnosti koji nisu drugdje svrstani";"2300088962-251120-0";"EL. ENERGIJA 11/2025 -ID 2505 25/0004507";"2025-11-30T00:00:00.000Z";"2025-12-20T00:00:00.000Z";"HR4323900011500128056";"HR01 300088962-251120-0"
"GRAD LABIN";"2025-12-23T00:00:00.000Z";"HEP ELEKTRA D.O.O.";"43965974818";"ZAGREB";;"EUR";"785.97";"R0493 Energija";"500       01 UPRAVNI ODJEL ZA DRUŠTVENE DJELATNOSTI";"L01 5006A500007 Socijalna zaštita obitelji u nužnom smještaju";"1.1.001    1.OPĆI PRIHODI I PRIMICI";"322310 Električna energija";"1060 Stanovanje";"2300088962-251120-0";"EL. ENERGIJA 11/2025 -ID 2505 25/0004507";"2025-11-30T00:00:00.000Z";"2025-12-20T00:00:00.000Z";"HR4323900011500128056";"HR01 300088962-251120-0"
"GRAD LABIN";"2025-12-23T00:00:00.000Z";"HEP ELEKTRA D.O.O.";"43965974818";"ZAGREB";;"EUR";"332.34";"R0359 Troškovi priključaka poslovnih prostora";"400       01 UPRAVNI ODJEL ZA KOMUNALNO GOSPODARSTVO I UPRAVLJANJE IMOVINOM";"L01 4002A400002 Održavanje poslovnih prostora, štandova i privremenih priključaka";"1.1.001    1.OPĆI PRIHODI I PRIMICI";"322314 Električna energija - osnov. za priznati pretporez";"0490 Ekonomski poslovi koji nisu drugdje svrstani";"2300088962-251120-0";"EL. ENERGIJA 11/2025 -ID 2505 25/0004507";"2025-11-30T00:00:00.000Z";"2025-12-20T00:00:00.000Z";"HR4323900011500128056";"HR01 300088962-251120-0"
"GRAD LABIN";"2025-12-23T00:00:00.000Z";"HEP ELEKTRA D.O.O.";"43965974818";"ZAGREB";;"EUR";"10.28";"R0350-76 Troškovi javne rasvjete";"400       01 UPRAVNI ODJEL ZA KOMUNALNO GOSPODARSTVO I UPRAVLJANJE IMOVINOM";"L01 4001A400019 Održavanje javne rasvjete i potrošnja električne energije";"4.6.001    4. KOMUNALNA NAKNADA";"322310 Električna energija";"0640 Ulična rasvjeta";"2300088962-251120-0";"EL. ENERGIJA 11/2025 -ID 2505 25/0004507";"2025-11-30T00:00:00.000Z";"2025-12-20T00:00:00.000Z";"HR4323900011500128056";"HR01 300088962-251120-0"
"GRAD LABIN";"2025-12-23T00:00:00.000Z";"HEP ELEKTRA D.O.O.";"43965974818";"ZAGREB";;"EUR";"9.83";"R0359 Troškovi priključaka poslovnih prostora";"400       01 UPRAVNI ODJEL ZA KOMUNALNO GOSPODARSTVO I UPRAVLJANJE IMOVINOM";"L01 4002A400002 Održavanje poslovnih prostora, štandova i privremenih priključaka";"1.1.001    1.OPĆI PRIHODI I PRIMICI";"322310 Električna energija";"0490 Ekonomski poslovi koji nisu drugdje svrstani";"2300088962-251120-0";"EL. ENERGIJA 11/2025 -ID 2505 25/0004507";"2025-11-30T00:00:00.000Z";"2025-12-20T00:00:00.000Z";"HR4323900011500128056";"HR01 300088962-251120-0"
"GRAD LABIN";"2025-12-23T00:00:00.000Z";"HEP ELEKTRA D.O.O.";"43965974818";"ZAGREB";;"EUR";"174.83";"R0005 Energija";"100       01 UPRAVNI ODJEL ZA POSLOVE GRADONAČELNIKA, GRADSKO VIJEĆE I OPĆE POSLOVE";"L01 1001A100001 Redovna djelatnost upravnih odjela";"1.1.001    1.OPĆI PRIHODI I PRIMICI";"322313 Električna energija - Ostali";"0133 Ostale opće usluge";"2300088962-251120-0";"EL. ENERGIJA 11/2025 -ID 2505 25/0004507";"2025-11-30T00:00:00.000Z";"2025-12-20T00:00:00.000Z";"HR4323900011500128056";"HR01 300088962-251120-0"
"GRAD LABIN";"2025-12-23T00:00:00.000Z";"HEP ELEKTRA D.O.O.";"43965974818";"ZAGREB";;"EUR";"92.58";"R0358 Troškovi priključaka štandova i dr.";"400       01 UPRAVNI ODJEL ZA KOMUNALNO GOSPODARSTVO I UPRAVLJANJE IMOVINOM";"L01 4002A400002 Održavanje poslovnih prostora, štandova i privremenih priključaka";"1.1.001    1.OPĆI PRIHODI I PRIMICI";"322310 Električna energija";"0490 Ekonomski poslovi koji nisu drugdje svrstani";"2300088962-251120-0";"EL. ENERGIJA 11/2025 -ID 2505 25/0004507";"2025-11-30T00:00:00.000Z";"2025-12-20T00:00:00.000Z";"HR4323900011500128056";"HR01 300088962-251120-0"
"GRAD LABIN";"2025-12-23T00:00:00.000Z";"ALPHERA D.O.O.";"93272581932";"PULA";;"EUR";"700.00";"R0024 Ostali nespomenuti rashodi poslovanja";"100       01 UPRAVNI ODJEL ZA POSLOVE GRADONAČELNIKA, GRADSKO VIJEĆE I OPĆE POSLOVE";"L01 1001A100002 Redovna djelatnost  ureda gradonačelnika";"1.1.001    1.OPĆI PRIHODI I PRIMICI";"329990 Ostali nespomenuti rashodi poslovanja";"0133 Ostale opće usluge";"63/PJ1/1";"TROŠKOVI ORGA. MANIFE.ISTRIANA 22.12.2025. - ID 269625/0004520";"2025-12-18T00:00:00.000Z";"2025-12-19T00:00:00.000Z";"HR1323900011100354833";"HR00 63-2025"
"GRAD LABIN";"2025-12-23T00:00:00.000Z";"INFORMA d.o.o.";"55750503039";"LABIN";;"EUR";"2750.00";"R0016 Računalne usluge";"100       01 UPRAVNI ODJEL ZA POSLOVE GRADONAČELNIKA, GRADSKO VIJEĆE I OPĆE POSLOVE";"L01 1001A100001 Redovna djelatnost upravnih odjela";"1.1.001    1.OPĆI PRIHODI I PRIMICI";"323890 Ostale računalne usluge";"0133 Ostale opće usluge";"25214-1-1";"ODRŽAVANJE RAČUNALNOGSUSTAVA 11/2025 -ID 247125/0004524";"2025-11-30T00:00:00.000Z";"2025-12-15T00:00:00.000Z";"HR1624020061100384909";"HR00 25214-1-1"
"GRAD LABIN";"2025-12-23T00:00:00.000Z";"KERAMIKA A.R. OBRT ZA PROIZ";"GDPR";"";;"EUR";"220.88";"R0042 Ostali nespomenuti rashodi poslovanja";"100       01 UPRAVNI ODJEL ZA POSLOVE GRADONAČELNIKA, GRADSKO VIJEĆE I OPĆE POSLOVE";"L01 1001A100005 Financiranje predstavničkih i izvršnih tijela";"1.1.001    1.OPĆI PRIHODI I PRIMICI";"329993 Ost. nespomenuti rashodi - Održavanje sjednica vijeća i dr.";"0111 Izvršna  i zakonodavna tijela";"77-AR1-01";"PROTOKOLARNI POKLON ZAVIJEĆNIKE POVODOMBOŽIĆNO?NOVOGO. B 25/0004172";"2025-11-27T00:00:00.000Z";"2025-12-25T00:00:00.000Z";"";"HR99"
"GRAD LABIN";"2025-12-23T00:00:00.000Z";"VETERINARSKA BOLNICA POREČ d.o.o.";"01417607890";"POREČ";;"EUR";"4831.65";"R0369 Zdravstvene i veterinarske usluge";"400       01 UPRAVNI ODJEL ZA KOMUNALNO GOSPODARSTVO I UPRAVLJANJE IMOVINOM";"L01 4002A400003 Mjere preventivne zaštite i veterinarske usluge";"1.1.001    1.OPĆI PRIHODI I PRIMICI";"323620 Veterinarske usluge";"0560 Poslovi i usluge zaštite okoliša koji nisu drugdje svrstani";"264-P1-304/2025";"PROVEDENVETERINARSKO-ZDRAVSTVENI REDNAPODRUČJUGRADA LABI 25/0004445";"2025-10-31T00:00:00.000Z";"2025-12-14T00:00:00.000Z";"HR8723800061110018292";"HR00 25-304-264"
"GRAD LABIN";"2025-12-23T00:00:00.000Z";"TON-ALE D.O.O.";"13313980574";"LABIN";;"EUR";"29.04";"R1114 Ostale usluge";"600       01 UPRAVNI ODJEL ZA GOSPODARSTVO I EU PROJEKTE";"L01 6001T600001 Coworking";"1.1.001    1.OPĆI PRIHODI I PRIMICI";"323930 Uređenje prostora";"0160 Opće javne usluge koje nisu drugdje svrstane";"610/SKL1/5";"COWORKING ODRŽAVANJE ,MATERIJAL - ID 2428 25/0004474";"2025-11-28T00:00:00.000Z";"2025-12-08T00:00:00.000Z";"HR8024020061100290734";"HR00 356-610-13"
"GRAD LABIN";"2025-12-23T00:00:00.000Z";"UDRUGA LIJEPA NAŠA";"38798315529";"ZAGREB";;"EUR";"1168.00";"R0527-3 Članarine";"500       01 UPRAVNI ODJEL ZA DRUŠTVENE DJELATNOSTI";"L01 5010A500001 Grad Prijatelj djece";"1.1.001    1.OPĆI PRIHODI I PRIMICI";"329410 Tuzemne članarine";"0980 Usluge obrazovanja koje nisu drugdje svrstane";"EŠ 162/2025";"ČLANARINA ZA 2025.MEĐU.PROGRAMU EKOŠKOLE I FEEECOCAMPUS - 25/0004447";"2025-10-24T00:00:00.000Z";"2025-11-14T00:00:00.000Z";"HR9623600001101355266";"HR00 08794106777"
"GRAD LABIN";"2025-12-23T00:00:00.000Z";"LIBER DOMINI D.O.O.";"64324811611";"LABIN";;"EUR";"89.15";"R0527-17 Ostali nespomenuti rashodi poslovanja";"500       01 UPRAVNI ODJEL ZA DRUŠTVENE DJELATNOSTI";"L01 5010A500003 Aktivnosti Zdravog grada";"1.1.001    1.OPĆI PRIHODI I PRIMICI";"329990 Ostali nespomenuti rashodi poslovanja";"0960 Dodatne usluge u obrazovanju";"2918-VP1-1";"MAT. ZA LIKOVNERADIONICE MO RABAC I MOKATURE,OSOBE TREĆE 25/0004457";"2025-11-28T00:00:00.000Z";"2025-12-28T00:00:00.000Z";"HR5423800061148000982";"HR01 202546-001001-29183"
"GRAD LABIN";"2025-12-23T00:00:00.000Z";"LIBER DOMINI D.O.O.";"64324811611";"LABIN";;"EUR";"100.00";"R0527-17 Ostali nespomenuti rashodi poslovanja";"500       01 UPRAVNI ODJEL ZA DRUŠTVENE DJELATNOSTI";"L01 5010A500003 Aktivnosti Zdravog grada";"1.1.001    1.OPĆI PRIHODI I PRIMICI";"329990 Ostali nespomenuti rashodi poslovanja";"0960 Dodatne usluge u obrazovanju";"2509-VP1-1";"POKLON ZA DJEČJI TJEDAN2025. - CENTAR LIČE FARAGUNA, ID195 25/0004458";"2025-10-09T00:00:00.000Z";"2025-11-08T00:00:00.000Z";"HR5423800061148000982";"HR01 202546-001001-25099"
"GRAD LABIN";"2025-12-23T00:00:00.000Z";"ALVONA D.O.O.";"32489833747";"LABIN";;"EUR";"1900.00";"R1110-2 Reprezentacija";"600       01 UPRAVNI ODJEL ZA GOSPODARSTVO I EU PROJEKTE";"L01 6001A600006 Iformativna i edukativna potpora";"1.1.001    1.OPĆI PRIHODI I PRIMICI";"329310 Reprezentacija";"0490 Ekonomski poslovi koji nisu drugdje svrstani";"132/P1/2";"DOMJENAK U SKLOPUPROJEKTA ""SNAGA ZAJEDNIŠTVA""11.12.2025 10 25/0004521";"2025-12-12T00:00:00.000Z";"2025-12-20T00:00:00.000Z";"HR6823400091110889274";"HR00 2-1-2"
"GRAD LABIN";"2025-12-23T00:00:00.000Z";"ALVONA D.O.O.";"32489833747";"LABIN";;"EUR";"53.20";"R0041 Reprezentacija";"100       01 UPRAVNI ODJEL ZA POSLOVE GRADONAČELNIKA, GRADSKO VIJEĆE I OPĆE POSLOVE";"L01 1001A100005 Financiranje predstavničkih i izvršnih tijela";"1.1.001    1.OPĆI PRIHODI I PRIMICI";"329310 Reprezentacija";"0111 Izvršna  i zakonodavna tijela";"79/P1/1";"Kava za vijećnike iizvjestitelje na sjedniciGradskog vijeć 25/0004470";"2025-11-25T00:00:00.000Z";"2025-12-03T00:00:00.000Z";"HR6823400091110889274";"HR00 79-1-1"
"GRAD LABIN";"2025-12-23T00:00:00.000Z";"BIROGRAF D.O.O.";"84891871649";"LABIN";;"EUR";"6.00";"R0527-17 Ostali nespomenuti rashodi poslovanja";"500       01 UPRAVNI ODJEL ZA DRUŠTVENE DJELATNOSTI";"L01 5010A500003 Aktivnosti Zdravog grada";"1.1.001    1.OPĆI PRIHODI I PRIMICI";"329990 Ostali nespomenuti rashodi poslovanja";"0960 Dodatne usluge u obrazovanju";"664/1/2";"Matrijal za likovneradionice za osobe treće životnedobi ko 25/0004469";"2025-11-14T00:00:00.000Z";"2025-11-29T00:00:00.000Z";"HR8623800061148002734";"HR00 1602-664-10"
"GRAD LABIN";"2025-12-23T00:00:00.000Z";"OŠ MATIJE VLAČIĆA";"70312178512";"LABIN";;"EUR";"315.00";"R0466 Obrok u produženom boravku";"500       01 UPRAVNI ODJEL ZA DRUŠTVENE DJELATNOSTI";"L01 5006A500001 Socijalna zaštita djece i mladih";"1.1.001    1.OPĆI PRIHODI I PRIMICI";"372240 Prehrana";"1040 Obitelj i djeca";"58-pb-2025";"Obr. prod. boravka zakorisnike soc. programa 11/2525/0004294";"2025-11-30T00:00:00.000Z";"2025-12-20T00:00:00.000Z";"HR4523400091822200000";"HR64 7730-10581-65264-00508"
"GRAD LABIN";"2025-12-23T00:00:00.000Z";"NARODNE NOVINE D.D.";"64546066176";"ZAGREB";;"EUR";"248.85";"R0238 Usluge oglašavanja i ostale usluge";"300       01 UPRAVNI ODJEL ZA PROSTORNO UREĐENJE, ZAŠTITU OKOLIŠA I IZDAVANJA AKATA ZA GRADNJU";"L01 3001K300002 Provedba dokumenata prostornog uređenja";"1.1.001    1.OPĆI PRIHODI I PRIMICI";"323310 Elektronski mediji";"0620 Razvoj zajednice";"0157006-50205547";"Usluga strucnog nadzorai koordinatoraII zaštitena radun 25/0004456";"2025-12-08T00:00:00.000Z";"2025-12-23T00:00:00.000Z";"HR3623400091500243194";"HR01 0157006-50205547"
"GRAD LABIN";"2025-12-23T00:00:00.000Z";"JEDINSTVO D.O.O.";"29947239127";"LABIN";;"EUR";"49.43";"R0024 Ostali nespomenuti rashodi poslovanja";"100       01 UPRAVNI ODJEL ZA POSLOVE GRADONAČELNIKA, GRADSKO VIJEĆE I OPĆE POSLOVE";"L01 1001A100002 Redovna djelatnost  ureda gradonačelnika";"1.1.001    1.OPĆI PRIHODI I PRIMICI";"329990 Ostali nespomenuti rashodi poslovanja";"0133 Ostale opće usluge";"1962-23-1";"Slatkiši - bomboni ,(poklon u Košari) zaposjetudjece Zbor 25/0004459";"2025-12-03T00:00:00.000Z";"2025-12-19T00:00:00.000Z";"HR4924020061100387225";"HR01 08080-23101962-16"
"GRAD LABIN";"2025-12-23T00:00:00.000Z";"JEDINSTVO D.O.O.";"29947239127";"LABIN";;"EUR";"70.25";"R0350-50 Uredski materijal i ostali materijalni rashodi";"400       01 UPRAVNI ODJEL ZA KOMUNALNO GOSPODARSTVO I UPRAVLJANJE IMOVINOM";"L01 4001A400016 Održavanje građevina, uređaja i predmeta javne namjene";"4.4.001    4.BORAVIŠNE PRISTOJBE";"322140 Materijal i sredstva za čišćenje i održavanje";"0660 Rashodi vezani za stanovanje i kom. pogodnosti koji nisu drugdje svrstani";"1947-23-1";"Higijenski materijal zaodržavanje samačkog hotela- ID2567 25/0004460";"2025-12-02T00:00:00.000Z";"2025-12-17T00:00:00.000Z";"HR4924020061100387225";"HR01 08080-23101947-10"
"GRAD LABIN";"2025-12-23T00:00:00.000Z";"JEDINSTVO D.O.O.";"29947239127";"LABIN";;"EUR";"154.64";"R0024 Ostali nespomenuti rashodi poslovanja";"100       01 UPRAVNI ODJEL ZA POSLOVE GRADONAČELNIKA, GRADSKO VIJEĆE I OPĆE POSLOVE";"L01 1001A100002 Redovna djelatnost  ureda gradonačelnika";"1.1.001    1.OPĆI PRIHODI I PRIMICI";"329990 Ostali nespomenuti rashodi poslovanja";"0133 Ostale opće usluge";"1923-23-1";"Kolači za obukuvijećnika i za prijeme povodombožićno novog 25/0004461";"2025-11-21T00:00:00.000Z";"2025-12-06T00:00:00.000Z";"HR4924020061100387225";"HR01 08080-23101923-18"
"GRAD LABIN";"2025-12-23T00:00:00.000Z";"Hrvatski Telekom d.d.";"81793146560";"ZAGREB";;"EUR";"31.73";"R0366-20 Usluge telefona";"400       01 UPRAVNI ODJEL ZA KOMUNALNO GOSPODARSTVO I UPRAVLJANJE IMOVINOM";"L01 4002A400009 Održavanje sportske dvorane";"4.6.001    4. KOMUNALNA NAKNADA";"323110 Usluge telefona, telefaksa";"0810 Službe rekreacije i sporta";"5030434942-315-3";"USLUGA ZA 11/2025 - ID2477 25/0004464";"2025-11-30T00:00:00.000Z";"2025-12-16T00:00:00.000Z";"HR7723400091510473628";"HR01 5030434942-315-3"
"GRAD LABIN";"2025-12-23T00:00:00.000Z";"Hrvatski Telekom d.d.";"81793146560";"ZAGREB";;"EUR";"23.24";"R0366-20 Usluge telefona";"400       01 UPRAVNI ODJEL ZA KOMUNALNO GOSPODARSTVO I UPRAVLJANJE IMOVINOM";"L01 4002A400009 Održavanje sportske dvorane";"4.6.001    4. KOMUNALNA NAKNADA";"323110 Usluge telefona, telefaksa";"0810 Službe rekreacije i sporta";"5019414773-315-3";"USLUGA ZA 11/2025 - ID2475 25/0004465";"2025-11-30T00:00:00.000Z";"2025-12-16T00:00:00.000Z";"HR7723400091510473628";"HR01 5019414773-315-3"
"GRAD LABIN";"2025-12-23T00:00:00.000Z";"Hrvatski Telekom d.d.";"81793146560";"ZAGREB";;"EUR";"5.00";"R0350-84 Usluge telefona";"400       01 UPRAVNI ODJEL ZA KOMUNALNO GOSPODARSTVO I UPRAVLJANJE IMOVINOM";"L01 4001A400020 Održavanje ostale komunalne infrastrukture";"4.6.001    4. KOMUNALNA NAKNADA";"323110 Usluge telefona, telefaksa";"0660 Rashodi vezani za stanovanje i kom. pogodnosti koji nisu drugdje svrstani";"01830326257001251201";"USLUGA ZA 11/2025, ID2519 25/0004466";"2025-11-30T00:00:00.000Z";"2025-12-16T00:00:00.000Z";"HR7723400091510473628";"HR01 830326257001-251201-7"
"GRAD LABIN";"2025-12-23T00:00:00.000Z";"Hrvatski Telekom d.d.";"81793146560";"ZAGREB";;"EUR";"113.69";"R0013 Ostale zakupnine i najamnine";"100       01 UPRAVNI ODJEL ZA POSLOVE GRADONAČELNIKA, GRADSKO VIJEĆE I OPĆE POSLOVE";"L01 1001A100001 Redovna djelatnost upravnih odjela";"1.1.001    1.OPĆI PRIHODI I PRIMICI";"323530 Zakupnine i najamnine za opremu";"0133 Ostale opće usluge";"01827881888001251201";"USLUGA ZA 11/2025, ID2514 25/0004523";"2025-11-30T00:00:00.000Z";"2025-12-16T00:00:00.000Z";"HR7723400091510473628";"HR01 827881888001-251201-0"
"GRAD LABIN";"2025-12-23T00:00:00.000Z";"Hrvatski Telekom d.d.";"81793146560";"ZAGREB";;"EUR";"0.95";"R0220 Zatezne kamate";"200       01 UPRAVNI ODJEL ZA PRORAČUN I FINANCIJE";"L01 2001A200001 Zajednički troškovi upravnih odjela";"1.1.001    1.OPĆI PRIHODI I PRIMICI";"343330 Zatezne kamate iz poslovnih odnosa";"0112 Financijski i fiskalni poslovi";"01827881888001251201";"USLUGA ZA 11/2025, ID2514 25/0004523";"2025-11-30T00:00:00.000Z";"2025-12-16T00:00:00.000Z";"HR7723400091510473628";"HR01 827881888001-251201-0"
"GRAD LABIN";"2025-12-23T00:00:00.000Z";"GRAD LABIN";"19041331726";"LABIN";;"EUR";"0.66";"R0364 Komunalne usluge za poslovne objekte";"400       01 UPRAVNI ODJEL ZA KOMUNALNO GOSPODARSTVO I UPRAVLJANJE IMOVINOM";"L01 4002A400002 Održavanje poslovnih prostora, štandova i privremenih priključaka";"1.1.001    1.OPĆI PRIHODI I PRIMICI";"323492 Vodoprivredna naknada";"0490 Ekonomski poslovi koji nisu drugdje svrstani";"7499620";"NAKNADA ZA UREĐENJEVODA ZA 12/25 - ALDONEGRI 725/0004210";"2025-12-01T00:00:00.000Z";"2025-12-25T00:00:00.000Z";"HR4523400091822200000";"HR24 5770-7499620-0000280"
"GRAD LABIN";"2025-12-23T00:00:00.000Z";"GRAD LABIN";"19041331726";"LABIN";;"EUR";"0.24";"R0364 Komunalne usluge za poslovne objekte";"400       01 UPRAVNI ODJEL ZA KOMUNALNO GOSPODARSTVO I UPRAVLJANJE IMOVINOM";"L01 4002A400002 Održavanje poslovnih prostora, štandova i privremenih priključaka";"1.1.001    1.OPĆI PRIHODI I PRIMICI";"323492 Vodoprivredna naknada";"0490 Ekonomski poslovi koji nisu drugdje svrstani";"7487843";"NAKNADA ZA UREĐENJEVODA ZA 12/25 - KATURI 17 13-I25/0004212";"2025-12-01T00:00:00.000Z";"2025-12-25T00:00:00.000Z";"HR4523400091822200000";"HR24 5770-7487843-0000280"
"GRAD LABIN";"2025-12-23T00:00:00.000Z";"GRAD LABIN";"19041331726";"LABIN";;"EUR";"2.19";"R0364 Komunalne usluge za poslovne objekte";"400       01 UPRAVNI ODJEL ZA KOMUNALNO GOSPODARSTVO I UPRAVLJANJE IMOVINOM";"L01 4002A400002 Održavanje poslovnih prostora, štandova i privremenih priključaka";"1.1.001    1.OPĆI PRIHODI I PRIMICI";"323492 Vodoprivredna naknada";"0490 Ekonomski poslovi koji nisu drugdje svrstani";"7502427";"NAKNADA ZA UREĐENJEVODA ZA 12/25 - KATURI 1725/0004209";"2025-12-01T00:00:00.000Z";"2025-12-25T00:00:00.000Z";"HR4523400091822200000";"HR24 5770-7502427-0000280"
"GRAD LABIN";"2025-12-23T00:00:00.000Z";"GRAD LABIN";"19041331726";"LABIN";;"EUR";"124.52";"R0350-81 Naknada za uređenje voda";"400       01 UPRAVNI ODJEL ZA KOMUNALNO GOSPODARSTVO I UPRAVLJANJE IMOVINOM";"L01 4001A400020 Održavanje ostale komunalne infrastrukture";"4.6.001    4. KOMUNALNA NAKNADA";"323492 Vodoprivredna naknada";"0660 Rashodi vezani za stanovanje i kom. pogodnosti koji nisu drugdje svrstani";"7453922";"NAKNADA ZA UREĐENJEVODA ZA 12/25 - ST.GRAD BB25/0004225";"2025-12-01T00:00:00.000Z";"2025-12-25T00:00:00.000Z";"HR4523400091822200000";"HR24 5770-7453922-0000280"
"GRAD LABIN";"2025-12-23T00:00:00.000Z";"GRAD LABIN";"19041331726";"LABIN";;"EUR";"1.11";"R0364 Komunalne usluge za poslovne objekte";"400       01 UPRAVNI ODJEL ZA KOMUNALNO GOSPODARSTVO I UPRAVLJANJE IMOVINOM";"L01 4002A400002 Održavanje poslovnih prostora, štandova i privremenih priključaka";"1.1.001    1.OPĆI PRIHODI I PRIMICI";"323492 Vodoprivredna naknada";"0490 Ekonomski poslovi koji nisu drugdje svrstani";"7401787";"NAKNADA ZA UREĐENJEVODA ZA 12/25 - UL.1. MAJA 1025/0004213";"2025-12-01T00:00:00.000Z";"2025-12-25T00:00:00.000Z";"HR4523400091822200000";"HR24 5770-7401787-0000280"
"GRAD LABIN";"2025-12-23T00:00:00.000Z";"GRAD LABIN";"19041331726";"LABIN";;"EUR";"0.45";"R0364 Komunalne usluge za poslovne objekte";"400       01 UPRAVNI ODJEL ZA KOMUNALNO GOSPODARSTVO I UPRAVLJANJE IMOVINOM";"L01 4002A400002 Održavanje poslovnih prostora, štandova i privremenih priključaka";"1.1.001    1.OPĆI PRIHODI I PRIMICI";"323492 Vodoprivredna naknada";"0490 Ekonomski poslovi koji nisu drugdje svrstani";"7411561";"NAKNADA ZA UREĐENJEVODA ZA 12/25 - RUDARSKA 1 IK-3325/0004214";"2025-12-01T00:00:00.000Z";"2025-12-25T00:00:00.000Z";"HR4523400091822200000";"HR24 5770-7411561-0000280"
"GRAD LABIN";"2025-12-23T00:00:00.000Z";"GRAD LABIN";"19041331726";"LABIN";;"EUR";"0.64";"R0364 Komunalne usluge za poslovne objekte";"400       01 UPRAVNI ODJEL ZA KOMUNALNO GOSPODARSTVO I UPRAVLJANJE IMOVINOM";"L01 4002A400002 Održavanje poslovnih prostora, štandova i privremenih priključaka";"1.1.001    1.OPĆI PRIHODI I PRIMICI";"323492 Vodoprivredna naknada";"0490 Ekonomski poslovi koji nisu drugdje svrstani";"7430167";"NAKNADA ZA UREĐENJEVODA ZA 12/25 - P.VETVA 225/0004216";"2025-12-01T00:00:00.000Z";"2025-12-25T00:00:00.000Z";"HR4523400091822200000";"HR24 5770-7430167-0000280"
"GRAD LABIN";"2025-12-23T00:00:00.000Z";"GRAD LABIN";"19041331726";"LABIN";;"EUR";"0.52";"R0356 Komunalne usluge za stambene objekte";"400       01 UPRAVNI ODJEL ZA KOMUNALNO GOSPODARSTVO I UPRAVLJANJE IMOVINOM";"L01 4002A400001 Održavanje stambenih prostora";"1.1.001    1.OPĆI PRIHODI I PRIMICI";"323492 Vodoprivredna naknada";"0660 Rashodi vezani za stanovanje i kom. pogodnosti koji nisu drugdje svrstani";"7420749";"NAKNADA ZA UREĐENJEVODA ZA 12/25 - P.GRIŽA 625/0004215";"2025-12-01T00:00:00.000Z";"2025-12-25T00:00:00.000Z";"HR4523400091822200000";"HR24 5770-7420749-0000280"
"GRAD LABIN";"2025-12-23T00:00:00.000Z";"GRAD LABIN";"19041331726";"LABIN";;"EUR";"0.98";"R0364 Komunalne usluge za poslovne objekte";"400       01 UPRAVNI ODJEL ZA KOMUNALNO GOSPODARSTVO I UPRAVLJANJE IMOVINOM";"L01 4002A400002 Održavanje poslovnih prostora, štandova i privremenih priključaka";"1.1.001    1.OPĆI PRIHODI I PRIMICI";"323492 Vodoprivredna naknada";"0490 Ekonomski poslovi koji nisu drugdje svrstani";"7431660";"NAKNADA ZA UREĐENJEVODA ZA 12/25 - ALDONEGRI 725/0004217";"2025-12-01T00:00:00.000Z";"2025-12-25T00:00:00.000Z";"HR4523400091822200000";"HR24 5770-7431660-0000280"
"GRAD LABIN";"2025-12-23T00:00:00.000Z";"GRAD LABIN";"19041331726";"LABIN";;"EUR";"3.05";"R0364 Komunalne usluge za poslovne objekte";"400       01 UPRAVNI ODJEL ZA KOMUNALNO GOSPODARSTVO I UPRAVLJANJE IMOVINOM";"L01 4002A400002 Održavanje poslovnih prostora, štandova i privremenih priključaka";"1.1.001    1.OPĆI PRIHODI I PRIMICI";"323492 Vodoprivredna naknada";"0490 Ekonomski poslovi koji nisu drugdje svrstani";"7434243";"NAKNADA ZA UREĐENJEVODA ZA 12/25 - ALDONEGRI 4/125/0004206";"2025-12-01T00:00:00.000Z";"2025-12-25T00:00:00.000Z";"HR4523400091822200000";"HR24 5770-7434243-0000280"
"GRAD LABIN";"2025-12-23T00:00:00.000Z";"GRAD LABIN";"19041331726";"LABIN";;"EUR";"0.74";"R0364 Komunalne usluge za poslovne objekte";"400       01 UPRAVNI ODJEL ZA KOMUNALNO GOSPODARSTVO I UPRAVLJANJE IMOVINOM";"L01 4002A400002 Održavanje poslovnih prostora, štandova i privremenih priključaka";"1.1.001    1.OPĆI PRIHODI I PRIMICI";"323492 Vodoprivredna naknada";"0490 Ekonomski poslovi koji nisu drugdje svrstani";"7437480";"NAKNADA ZA UREĐENJEVODA ZA 12/25 - RUDARSKA 125/0004207";"2025-12-01T00:00:00.000Z";"2025-12-25T00:00:00.000Z";"HR4523400091822200000";"HR24 5770-7437480-0000280"
"GRAD LABIN";"2025-12-23T00:00:00.000Z";"GRAD LABIN";"19041331726";"LABIN";;"EUR";"0.98";"R0364 Komunalne usluge za poslovne objekte";"400       01 UPRAVNI ODJEL ZA KOMUNALNO GOSPODARSTVO I UPRAVLJANJE IMOVINOM";"L01 4002A400002 Održavanje poslovnih prostora, štandova i privremenih priključaka";"1.1.001    1.OPĆI PRIHODI I PRIMICI";"323492 Vodoprivredna naknada";"0490 Ekonomski poslovi koji nisu drugdje svrstani";"7438443";"NAKNADA ZA UREĐENJEVODA ZA 12/25 - KATURI 1725/0004208";"2025-12-01T00:00:00.000Z";"2025-12-25T00:00:00.000Z";"HR4523400091822200000";"HR24 5770-7438443-0000280"
"GRAD LABIN";"2025-12-23T00:00:00.000Z";"GRAD LABIN";"19041331726";"LABIN";;"EUR";"1.54";"R0364 Komunalne usluge za poslovne objekte";"400       01 UPRAVNI ODJEL ZA KOMUNALNO GOSPODARSTVO I UPRAVLJANJE IMOVINOM";"L01 4002A400002 Održavanje poslovnih prostora, štandova i privremenih priključaka";"1.1.001    1.OPĆI PRIHODI I PRIMICI";"323492 Vodoprivredna naknada";"0490 Ekonomski poslovi koji nisu drugdje svrstani";"7441266";"NAKNADA ZA UREĐENJEVODA ZA 12/25 -OB.M.TITA 25RABAC 25/0004219";"2025-12-01T00:00:00.000Z";"2025-12-25T00:00:00.000Z";"HR4523400091822200000";"HR24 5770-7441266-0000280"
"GRAD LABIN";"2025-12-23T00:00:00.000Z";"GRAD LABIN";"19041331726";"LABIN";;"EUR";"4.07";"R0356 Komunalne usluge za stambene objekte";"400       01 UPRAVNI ODJEL ZA KOMUNALNO GOSPODARSTVO I UPRAVLJANJE IMOVINOM";"L01 4002A400001 Održavanje stambenih prostora";"1.1.001    1.OPĆI PRIHODI I PRIMICI";"323492 Vodoprivredna naknada";"0660 Rashodi vezani za stanovanje i kom. pogodnosti koji nisu drugdje svrstani";"7448708";"NAKNADA ZA UREĐENJEVODA ZA 12/25 - KATURI 1725/0004221";"2025-12-01T00:00:00.000Z";"2025-12-25T00:00:00.000Z";"HR4523400091822200000";"HR24 5770-7448708-0000280"
"GRAD LABIN";"2025-12-23T00:00:00.000Z";"GRAD LABIN";"19041331726";"LABIN";;"EUR";"1.80";"R0356 Komunalne usluge za stambene objekte";"400       01 UPRAVNI ODJEL ZA KOMUNALNO GOSPODARSTVO I UPRAVLJANJE IMOVINOM";"L01 4002A400001 Održavanje stambenih prostora";"1.1.001    1.OPĆI PRIHODI I PRIMICI";"323492 Vodoprivredna naknada";"0660 Rashodi vezani za stanovanje i kom. pogodnosti koji nisu drugdje svrstani";"7443609";"NAKNADA ZA UREĐENJEVODA ZA 12/25 -P.VETVA 1425/0004220";"2025-12-01T00:00:00.000Z";"2025-12-25T00:00:00.000Z";"HR4523400091822200000";"HR24 5770-7443609-0000280"
"GRAD LABIN";"2025-12-23T00:00:00.000Z";"GRAD LABIN";"19041331726";"LABIN";;"EUR";"18.96";"R0364 Komunalne usluge za poslovne objekte";"400       01 UPRAVNI ODJEL ZA KOMUNALNO GOSPODARSTVO I UPRAVLJANJE IMOVINOM";"L01 4002A400002 Održavanje poslovnih prostora, štandova i privremenih priključaka";"1.1.001    1.OPĆI PRIHODI I PRIMICI";"323492 Vodoprivredna naknada";"0490 Ekonomski poslovi koji nisu drugdje svrstani";"7455305";"NAKNADA ZA UREĐENJEVODA ZA 12/25 - RUDARSKA 125/0004226";"2025-12-01T00:00:00.000Z";"2025-12-25T00:00:00.000Z";"HR4523400091822200000";"HR24 5770-7455305-0000280"
"GRAD LABIN";"2025-12-23T00:00:00.000Z";"GRAD LABIN";"19041331726";"LABIN";;"EUR";"35.42";"R0366-21 Komunalne usluge-utrošak vode, smeća";"400       01 UPRAVNI ODJEL ZA KOMUNALNO GOSPODARSTVO I UPRAVLJANJE IMOVINOM";"L01 4002A400009 Održavanje sportske dvorane";"4.6.001    4. KOMUNALNA NAKNADA";"323492 Vodoprivredna naknada";"0810 Službe rekreacije i sporta";"7449240";"NAKNADA ZA UREĐENJEVODA ZA 12/25 - RUDARSKA 225/0004223";"2025-12-01T00:00:00.000Z";"2025-12-25T00:00:00.000Z";"HR4523400091822200000";"HR24 5770-7449240-0000280"
"GRAD LABIN";"2025-12-23T00:00:00.000Z";"GRAD LABIN";"19041331726";"LABIN";;"EUR";"4.03";"R0364 Komunalne usluge za poslovne objekte";"400       01 UPRAVNI ODJEL ZA KOMUNALNO GOSPODARSTVO I UPRAVLJANJE IMOVINOM";"L01 4002A400002 Održavanje poslovnih prostora, štandova i privremenih priključaka";"1.1.001    1.OPĆI PRIHODI I PRIMICI";"323492 Vodoprivredna naknada";"0490 Ekonomski poslovi koji nisu drugdje svrstani";"7448767";"NAKNADA ZA UREĐENJEVODA ZA 12/25 - P.SFECI 125/0004222";"2025-12-01T00:00:00.000Z";"2025-12-25T00:00:00.000Z";"HR4523400091822200000";"HR24 5770-7448767-0000280"
"GRAD LABIN";"2025-12-23T00:00:00.000Z";"GRAD LABIN";"19041331726";"LABIN";;"EUR";"78.17";"R0366-21 Komunalne usluge-utrošak vode, smeća";"400       01 UPRAVNI ODJEL ZA KOMUNALNO GOSPODARSTVO I UPRAVLJANJE IMOVINOM";"L01 4002A400009 Održavanje sportske dvorane";"4.6.001    4. KOMUNALNA NAKNADA";"323492 Vodoprivredna naknada";"0810 Službe rekreacije i sporta";"7449186";"NAKNADA ZA UREĐENJEVODA ZA 12/25 - RUDARSKA 225/0004218";"2025-12-01T00:00:00.000Z";"2025-12-25T00:00:00.000Z";"HR4523400091822200000";"HR24 5770-7449186-0000280"
"GRAD LABIN";"2025-12-23T00:00:00.000Z";"GRAD LABIN";"19041331726";"LABIN";;"EUR";"0.55";"R0364 Komunalne usluge za poslovne objekte";"400       01 UPRAVNI ODJEL ZA KOMUNALNO GOSPODARSTVO I UPRAVLJANJE IMOVINOM";"L01 4002A400002 Održavanje poslovnih prostora, štandova i privremenih priključaka";"1.1.001    1.OPĆI PRIHODI I PRIMICI";"323492 Vodoprivredna naknada";"0490 Ekonomski poslovi koji nisu drugdje svrstani";"7452489";"NAKNADA ZA UREĐENJEVODA ZA 12/25 - RUDARSKA 225/0004224";"2025-12-01T00:00:00.000Z";"2025-12-25T00:00:00.000Z";"HR4523400091822200000";"HR24 5770-7452489-0000280"
"GRAD LABIN";"2025-12-23T00:00:00.000Z";"GRAD LABIN";"19041331726";"LABIN";;"EUR";"0.67";"R0356 Komunalne usluge za stambene objekte";"400       01 UPRAVNI ODJEL ZA KOMUNALNO GOSPODARSTVO I UPRAVLJANJE IMOVINOM";"L01 4002A400001 Održavanje stambenih prostora";"1.1.001    1.OPĆI PRIHODI I PRIMICI";"323492 Vodoprivredna naknada";"0660 Rashodi vezani za stanovanje i kom. pogodnosti koji nisu drugdje svrstani";"7499574";"NAKNADA ZA UREĐENJEVODA ZA 12/25 - VINEŽ 6725/0004211";"2025-12-01T00:00:00.000Z";"2025-12-25T00:00:00.000Z";"HR4523400091822200000";"HR24 5770-7499574-0000280"
"GRAD LABIN";"2025-12-23T00:00:00.000Z";"DRŽAVNE NEKRETNINE D.O.O.";"79058504140";"ZAGREB";;"EUR";"24.19";"R0482 Subvencija najamnine";"500       01 UPRAVNI ODJEL ZA DRUŠTVENE DJELATNOSTI";"L01 5006A500003 Socijalna zaštita obitelji";"1.1.001    1.OPĆI PRIHODI I PRIMICI";"372290 Ostale naknade iz proračuna u naravi";"1060 Stanovanje";"116853/1/1";"ZAŠTIĆENA NAJAMNINA ZA12/25 - P.VETVA 4 25/0004200";"2025-12-03T00:00:00.000Z";"2025-12-15T00:00:00.000Z";"HR0223900011100807245";"HR01 116853-507621-17"
"GRAD LABIN";"2025-12-23T00:00:00.000Z";"DRŽAVNE NEKRETNINE D.O.O.";"79058504140";"ZAGREB";;"EUR";"52.98";"R0482 Subvencija najamnine";"500       01 UPRAVNI ODJEL ZA DRUŠTVENE DJELATNOSTI";"L01 5006A500003 Socijalna zaštita obitelji";"1.1.001    1.OPĆI PRIHODI I PRIMICI";"372290 Ostale naknade iz proračuna u naravi";"1060 Stanovanje";"116897/1/1";"ZAŠTIĆENA NAJAMNINA ZA12/25 - ZELENICE20 25/0004201";"2025-12-03T00:00:00.000Z";"2025-12-15T00:00:00.000Z";"HR0223900011100807245";"HR01 116897-507643-15"
"GRAD LABIN";"2025-12-23T00:00:00.000Z";"DRŽAVNE NEKRETNINE D.O.O.";"79058504140";"ZAGREB";;"EUR";"20.41";"R0482 Subvencija najamnine";"500       01 UPRAVNI ODJEL ZA DRUŠTVENE DJELATNOSTI";"L01 5006A500003 Socijalna zaštita obitelji";"1.1.001    1.OPĆI PRIHODI I PRIMICI";"372290 Ostale naknade iz proračuna u naravi";"1060 Stanovanje";"116899/1/1";"ZAŠTIĆENA NAJAMNINA ZA12/25 - P.VALA 11 25/0004202";"2025-12-03T00:00:00.000Z";"2025-12-15T00:00:00.000Z";"HR0223900011100807245";"HR01 116899-507636-14"
"GRAD LABIN";"2025-12-23T00:00:00.000Z";"DRŽAVNE NEKRETNINE D.O.O.";"79058504140";"ZAGREB";;"EUR";"39.29";"R0482 Subvencija najamnine";"500       01 UPRAVNI ODJEL ZA DRUŠTVENE DJELATNOSTI";"L01 5006A500003 Socijalna zaštita obitelji";"1.1.001    1.OPĆI PRIHODI I PRIMICI";"372290 Ostale naknade iz proračuna u naravi";"1060 Stanovanje";"116849/1/1";"ZAŠTIĆENA NAJAMNINA ZA12/25 - P.VETVA 2 25/0004203";"2025-12-03T00:00:00.000Z";"2025-12-15T00:00:00.000Z";"HR0223900011100807245";"HR01 116849-514343-18"
"GRAD LABIN";"2025-12-23T00:00:00.000Z";"DRŽAVNE NEKRETNINE D.O.O.";"79058504140";"ZAGREB";;"EUR";"35.79";"R0482 Subvencija najamnine";"500       01 UPRAVNI ODJEL ZA DRUŠTVENE DJELATNOSTI";"L01 5006A500003 Socijalna zaštita obitelji";"1.1.001    1.OPĆI PRIHODI I PRIMICI";"372290 Ostale naknade iz proračuna u naravi";"1060 Stanovanje";"115779/1/1";"ZAŠTIĆENA NAJAMNINA ZA12/25 - ZELENICE15 25/0004204";"2025-12-03T00:00:00.000Z";"2025-12-15T00:00:00.000Z";"HR0223900011100807245";"HR01 115779-507642-10"
"GRAD LABIN";"2025-12-23T00:00:00.000Z";"DRŽAVNE NEKRETNINE D.O.O.";"79058504140";"ZAGREB";;"EUR";"31.75";"R0482 Subvencija najamnine";"500       01 UPRAVNI ODJEL ZA DRUŠTVENE DJELATNOSTI";"L01 5006A500003 Socijalna zaštita obitelji";"1.1.001    1.OPĆI PRIHODI I PRIMICI";"372290 Ostale naknade iz proračuna u naravi";"1060 Stanovanje";"115778/1/1";"ZAŠTIĆENA NAJAMNINA ZA12/25 - K.K. 33 25/0004205";"2025-12-03T00:00:00.000Z";"2025-12-15T00:00:00.000Z";"HR0223900011100807245";"HR01 115778-507611-12"
"GRAD LABIN";"2025-12-23T00:00:00.000Z";"DRŽAVNI PRORAČUN RH";"52634238587";"ZAGREB";;"EUR";"26.55";"R0216 Pristojbe - sudske, javnobilježničke";"200       01 UPRAVNI ODJEL ZA PRORAČUN I FINANCIJE";"L01 2001A200001 Zajednički troškovi upravnih odjela";"1.1.001    1.OPĆI PRIHODI I PRIMICI";"329520 Sudske pristojbe";"0112 Financijski i fiskalni poslovi";"23122025";"PRISTOJBA P-780/2021,OS PZ 25/0004532";"2025-12-23T00:00:00.000Z";"2025-12-23T00:00:00.000Z";"HR1210010051863000160";"HR63 5045-50563-1078713057"
"GRAD LABIN";"2025-12-23T00:00:00.000Z";"HRVATSKI ZAVOD ZA MIROVINSKO OSIGURANJE";"84397956623";"PULA";;"EUR";"83.19";"R0482 Subvencija najamnine";"500       01 UPRAVNI ODJEL ZA DRUŠTVENE DJELATNOSTI";"L01 5006A500003 Socijalna zaštita obitelji";"1.1.001    1.OPĆI PRIHODI I PRIMICI";"372290 Ostale naknade iz proračuna u naravi";"1060 Stanovanje";"25/04650";"MILEVOJ LIVIJA, subvencija najamnine Za razdoblje 12/2025";"2025-12-23T00:00:00.000Z";"2025-12-23T00:00:00.000Z";"HR1210010051863000160";"HR63 5436-23911-25040774"
"GRAD LABIN";"2025-12-23T00:00:00.000Z";"HRVATSKI ZAVOD ZA MIROVINSKO OSIGURANJE";"84397956623";"PULA";;"EUR";"31.14";"R0482 Subvencija najamnine";"500       01 UPRAVNI ODJEL ZA DRUŠTVENE DJELATNOSTI";"L01 5006A500003 Socijalna zaštita obitelji";"1.1.001    1.OPĆI PRIHODI I PRIMICI";"372290 Ostale naknade iz proračuna u naravi";"1060 Stanovanje";"25/04649";"HUŠIDIĆ ABIDA, subvencija najamnine Za razdoblje 12/2025";"2025-12-23T00:00:00.000Z";"2025-12-23T00:00:00.000Z";"HR1210010051863000160";"HR63 5436-23911-25041614"
"GRAD LABIN";"2025-12-23T00:00:00.000Z";"HRVATSKI ZAVOD ZA MIROVINSKO OSIGURANJE";"84397956623";"PULA";;"EUR";"137.37";"R0482 Subvencija najamnine";"500       01 UPRAVNI ODJEL ZA DRUŠTVENE DJELATNOSTI";"L01 5006A500003 Socijalna zaštita obitelji";"1.1.001    1.OPĆI PRIHODI I PRIMICI";"372290 Ostale naknade iz proračuna u naravi";"1060 Stanovanje";"25/04648";"GROZDANIĆ MILJENKO, subvencija najamnine Za razdoblje 12/2025";"2025-12-23T00:00:00.000Z";"2025-12-23T00:00:00.000Z";"HR1210010051863000160";"HR63 5436-23911-25040146"
"GRAD LABIN";"2025-12-23T00:00:00.000Z";"HRVATSKI ZAVOD ZA MIROVINSKO OSIGURANJE";"84397956623";"PULA";;"EUR";"22.23";"R0482 Subvencija najamnine";"500       01 UPRAVNI ODJEL ZA DRUŠTVENE DJELATNOSTI";"L01 5006A500003 Socijalna zaštita obitelji";"1.1.001    1.OPĆI PRIHODI I PRIMICI";"372290 Ostale naknade iz proračuna u naravi";"1060 Stanovanje";"25/04647";"BOLJEVIĆ SERGIO, subvencija najamnine Za razdoblje 12/2025";"2025-12-23T00:00:00.000Z";"2025-12-23T00:00:00.000Z";"HR1210010051863000160";"HR63 5436-23911-25039806"
"GRAD LABIN";"2025-12-23T00:00:00.000Z";"MEHURČEK D.O.O.";"19041331726";"LJUBLJANA , SLOVENIJA";"JAVNA VATROGASNA POSTROJBA LABIN";"EUR";"988.30";"R0164 Uredski materijal i ostali materijalni rashodi";"100       03        35837 JAVNA VATROGASNA POSTROJBA LABIN";"L01 1003A100004 Financiranje Javne vatrogasne postrojbe Labin";"6.9.000001 6.DONACIJE - PRIHODI KORISNIKA";"322140 Materijal i sredstva za čišćenje i održavanje";"0320 Usluge protupožarne zaštite";"TRN1-MK-31";"SI00131 JVP - sredstva za pranje i dekont. vatrog.odjeće 405-210676";"2025-11-12T00:00:00.000Z";"2025-12-24T00:00:00.000Z";"SI56028430263431616";"HR99"
"GRAD LABIN";"2025-12-23T00:00:00.000Z";"1.MAJ LABIN D.O.O. LABIN";"23557321379";"LABIN";" DJEČJI VRTIĆ PJERINA VERBANAC";"EUR";"163.86";"R0529-7 Komunalne usluge";"500       02        35812 DJEČJI VRTIĆ PJERINA VERBANAC";"L01 5001A500002 Odgojno, administrativno i tehničko osoblje";"1.1.001    1.OPĆI PRIHODI I PRIMICI";"323420 Iznošenje i odvoz smeća";"0911 Predškolsko obrazovanje";"25/0115650-27-7";"DV ODVOZ SMEĆA RAŠA";"2025-10-31T00:00:00.000Z";"2025-11-30T00:00:00.000Z";"HR3224020061100387143";"HR01 16062701-0129275-10252"
"GRAD LABIN";"2025-12-23T00:00:00.000Z";"1.MAJ LABIN D.O.O. LABIN";"23557321379";"LABIN";" DJEČJI VRTIĆ PJERINA VERBANAC";"EUR";"125.90";"R0529-7 Komunalne usluge";"500       02        35812 DJEČJI VRTIĆ PJERINA VERBANAC";"L01 5001A500002 Odgojno, administrativno i tehničko osoblje";"1.1.001    1.OPĆI PRIHODI I PRIMICI";"323420 Iznošenje i odvoz smeća";"0911 Predškolsko obrazovanje";"25/0115665-27-7";"DV ODVOZ SMEĆA LD";"2025-10-31T00:00:00.000Z";"2025-11-30T00:00:00.000Z";"HR3224020061100387143";"HR01 16062540-0129275-10250"
"GRAD LABIN";"2025-12-23T00:00:00.000Z";"1.MAJ LABIN D.O.O. LABIN";"23557321379";"LABIN";" DJEČJI VRTIĆ PJERINA VERBANAC";"EUR";"59.44";"R0529-7 Komunalne usluge";"500       02        35812 DJEČJI VRTIĆ PJERINA VERBANAC";"L01 5001A500002 Odgojno, administrativno i tehničko osoblje";"1.1.001    1.OPĆI PRIHODI I PRIMICI";"323420 Iznošenje i odvoz smeća";"0911 Predškolsko obrazovanje";"25/0115485-27-7";"DV ODVOZ SMEĆA RABAC";"2025-10-31T00:00:00.000Z";"2025-11-30T00:00:00.000Z";"HR3224020061100387143";"HR01 16061357-0129275-10257"
"GRAD LABIN";"2025-12-23T00:00:00.000Z";"1.MAJ LABIN D.O.O. LABIN";"23557321379";"LABIN";" DJEČJI VRTIĆ PJERINA VERBANAC";"EUR";"47.35";"R0529-7 Komunalne usluge";"500       02        35812 DJEČJI VRTIĆ PJERINA VERBANAC";"L01 5001A500002 Odgojno, administrativno i tehničko osoblje";"1.1.001    1.OPĆI PRIHODI I PRIMICI";"323420 Iznošenje i odvoz smeća";"0911 Predškolsko obrazovanje";"25/0115484-27-7";"DV ODVOZ SMEĆA ST.GRAD";"2025-10-31T00:00:00.000Z";"2025-11-30T00:00:00.000Z";"HR3224020061100387143";"HR01 16061349-0129275-10256"
"GRAD LABIN";"2025-12-23T00:00:00.000Z";"1.MAJ LABIN D.O.O. LABIN";"23557321379";"LABIN";" DJEČJI VRTIĆ PJERINA VERBANAC";"EUR";"258.17";"R0529-7 Komunalne usluge";"500       02        35812 DJEČJI VRTIĆ PJERINA VERBANAC";"L01 5001A500002 Odgojno, administrativno i tehničko osoblje";"1.1.001    1.OPĆI PRIHODI I PRIMICI";"323420 Iznošenje i odvoz smeća";"0911 Predškolsko obrazovanje";"25/0115761-27-7";"DV ODVOZ SMEĆA CV KUHINJA";"2025-10-31T00:00:00.000Z";"2025-11-30T00:00:00.000Z";"HR3224020061100387143";"HR01 16063813-0129275-10258"
"GRAD LABIN";"2025-12-23T00:00:00.000Z";"1.MAJ LABIN D.O.O. LABIN";"23557321379";"LABIN";" DJEČJI VRTIĆ PJERINA VERBANAC";"EUR";"218.39";"R0529-7 Komunalne usluge";"500       02        35812 DJEČJI VRTIĆ PJERINA VERBANAC";"L01 5001A500002 Odgojno, administrativno i tehničko osoblje";"1.1.001    1.OPĆI PRIHODI I PRIMICI";"323420 Iznošenje i odvoz smeća";"0911 Predškolsko obrazovanje";"25/0115738-27-7";"DV ODVOZ SMEĆA VREĆARI";"2025-10-31T00:00:00.000Z";"2025-11-30T00:00:00.000Z";"HR3224020061100387143";"HR01 16063635-0129275-10256"
"GRAD LABIN";"2025-12-23T00:00:00.000Z";"1.MAJ LABIN D.O.O. LABIN";"23557321379";"LABIN";" DJEČJI VRTIĆ PJERINA VERBANAC";"EUR";"218.39";"R0529-7 Komunalne usluge";"500       02        35812 DJEČJI VRTIĆ PJERINA VERBANAC";"L01 5001A500002 Odgojno, administrativno i tehničko osoblje";"1.1.001    1.OPĆI PRIHODI I PRIMICI";"323420 Iznošenje i odvoz smeća";"0911 Predškolsko obrazovanje";"25/0115699-27-7";"DV ODVOZ SMEĆA JASLICE";"2025-10-31T00:00:00.000Z";"2025-11-30T00:00:00.000Z";"HR3224020061100387143";"HR01 16063244-0129275-10250"
"GRAD LABIN";"2025-12-23T00:00:00.000Z";"1.MAJ LABIN D.O.O. LABIN";"23557321379";"LABIN";" DJEČJI VRTIĆ PJERINA VERBANAC";"EUR";"283.03";"R0529-7 Komunalne usluge";"500       02        35812 DJEČJI VRTIĆ PJERINA VERBANAC";"L01 5001A500002 Odgojno, administrativno i tehničko osoblje";"1.1.001    1.OPĆI PRIHODI I PRIMICI";"323420 Iznošenje i odvoz smeća";"0911 Predškolsko obrazovanje";"25/0115698-27-7";"DV ODVOZ SMEĆA CV";"2025-10-31T00:00:00.000Z";"2025-11-30T00:00:00.000Z";"HR3224020061100387143";"HR01 16063236-0129275-10259"
"GRAD LABIN";"2025-12-23T00:00:00.000Z";"1.MAJ LABIN D.O.O. LABIN";"23557321379";"LABIN";" DJEČJI VRTIĆ PJERINA VERBANAC";"EUR";"180.43";"R0529-7 Komunalne usluge";"500       02        35812 DJEČJI VRTIĆ PJERINA VERBANAC";"L01 5001A500002 Odgojno, administrativno i tehničko osoblje";"1.1.001    1.OPĆI PRIHODI I PRIMICI";"323420 Iznošenje i odvoz smeća";"0911 Predškolsko obrazovanje";"25/0115700-27-7";"DV ODVOZ SMEĆA VINEŽ";"2025-10-30T00:00:00.000Z";"2025-11-30T00:00:00.000Z";"HR3224020061100387143";"HR01 16063252-0129275-10250"
"GRAD LABIN";"2025-12-23T00:00:00.000Z";"1.MAJ LABIN D.O.O. LABIN";"23557321379";"LABIN";"JAVNA VATROGASNA POSTROJBA LABIN";"EUR";"134.03";"R0120 Komunalne usluge";"100       03        35837 JAVNA VATROGASNA POSTROJBA LABIN";"L01 1003A100004 Financiranje Javne vatrogasne postrojbe Labin";"1.1.001    1.OPĆI PRIHODI I PRIMICI";"323420 Iznošenje i odvoz smeća";"0320 Usluge protupožarne zaštite";"25/0128449-27-7";"JVP - RN odvoz smeća za 11.2025  427-019";"2025-12-05T00:00:00.000Z";"2025-12-30T00:00:00.000Z";"HR3224020061100387143";"HR01 16190696-0130109-11250"
"GRAD LABIN";"2025-12-23T00:00:00.000Z";"1.MAJ LABIN D.O.O. LABIN";"23557321379";"LABIN";"DOM ZA STARIJE OSOBE LABIN";"EUR";"1519.71";"R1100-20 Komunalne usluge";"500       05        53994 DOM ZA STARIJE OSOBE LABIN";"L01 5011A500001 Socijalna zaštita starijih i nemoćnih osoba";"1.1.001    1.OPĆI PRIHODI I PRIMICI";"323420 Iznošenje i odvoz smeća";"1020 Starost";"25/0128573-27-7";"DOM-Usluga odvoza smeća 11/25";"2025-11-30T00:00:00.000Z";"2025-12-30T00:00:00.000Z";"HR3224020061100387143";"HR00 16191927-0234680"
"GRAD LABIN";"2025-12-23T00:00:00.000Z";"1.MAJ LABIN D.O.O. LABIN";"23557321379";"LABIN";"OŠ ""IVO LOLA RIBAR"" LABIN";"EUR";"779.26";"R0681-4 Komunalne usluge";"500       03        10590 OSNOVNA ŠKOLA IVO LOLA RIBAR LABIN";"L01 5002A500003 Financiranje djelatnosti osnovnog školstva";"1.1.001    1.OPĆI PRIHODI I PRIMICI";"323420 Iznošenje i odvoz smeća";"0912 Osnovno obrazovanje";"25-0128524-27-7";"ILR 1742-19 - ODVOZ SMEĆA 11-2025";"2025-11-30T00:00:00.000Z";"2025-12-30T00:00:00.000Z";"HR3224020061100387143";"HR01 16191528-0129976-11253"
"GRAD LABIN";"2025-12-23T00:00:00.000Z";"ATANASKOVIĆ ADRIANO";"GDPR";"";" UMJETNIČKA ŠKOLA MATKA BRAJŠE RAŠANA";"EUR";"395.00";"R0842 Intelektualne i osobne usluge";"500       03        48478 UMJETNIČKA ŠKOLA MATKA BRAJŠE RAŠANA LABIN";"L01 5002A500003 Financiranje djelatnosti osnovnog školstva";"4.9.000001 4.PRIHODI ZA POSEBNE NAMJENE - PRIHODI KORISNIKA";"323720 Ugovori o djelu";"0912 Osnovno obrazovanje";"25/00387";"UŠ-UGOVOR O DJELU";"2025-12-22T00:00:00.000Z";"2025-12-23T00:00:00.000Z";"";"HR99"
"GRAD LABIN";"2025-12-23T00:00:00.000Z";"ADRIATIC OSIGURANJE D.D.";"94472454976";"PULA";"JAVNA VATROGASNA POSTROJBA LABIN";"EUR";"1868.24";"R0161-0 Premije osiguranja";"100       03        35837 JAVNA VATROGASNA POSTROJBA LABIN";"L01 1003A100004 Financiranje Javne vatrogasne postrojbe Labin";"5.9.000002 5. POMOĆI - OPĆINE - PRIHODI KORISNIKA GL 02";"329210 Premije osiguranja prijevoznih sredstava";"0320 Usluge protupožarne zaštite";"86102518376";"JVP - kasko za ZG1782KA  404-0155349";"2025-11-25T00:00:00.000Z";"2025-12-25T00:00:00.000Z";"HR9724810001411000034";"HR02 86102518376-27"
"GRAD LABIN";"2025-12-23T00:00:00.000Z";"ALCA ZAGREB D.O.O.";"58353015102";"ZAGREB";"OŠ MATIJE VLAČIĆA LABIN";"EUR";"107.19";"R0636 Uredski materijal i ostali materijalni rashodi";"500       03        10581 OSNOVNA ŠKOLA MATIJE VLAČIĆA LABIN";"L01 5002A500004 Produženi boravak";"4.9.000001 4.PRIHODI ZA POSEBNE NAMJENE - PRIHODI KORISNIKA";"322140 Materijal i sredstva za čišćenje i održavanje";"0912 Osnovno obrazovanje";"123069/711100/1";"MV-SRED.ČIŠĆ-UR822";"2025-11-25T00:00:00.000Z";"2025-12-25T00:00:00.000Z";"HR7123900011100926671";"HR00 1250-23116830-25"
"GRAD LABIN";"2025-12-23T00:00:00.000Z";"ALVONA D.O.O.";"32489833747";"LABIN";" UMJETNIČKA ŠKOLA MATKA BRAJŠE RAŠANA";"EUR";"726.19";"R0845 Reprezentacija";"500       03        48478 UMJETNIČKA ŠKOLA MATKA BRAJŠE RAŠANA LABIN";"L01 5002A500003 Financiranje djelatnosti osnovnog školstva";"4.9.000001 4.PRIHODI ZA POSEBNE NAMJENE - PRIHODI KORISNIKA";"329310 Reprezentacija";"0912 Osnovno obrazovanje";"140/P1/2";"UŠ-REPREZENTACIJA, DAN ŠKOLE-490";"2025-12-16T00:00:00.000Z";"2025-12-24T00:00:00.000Z";"HR6823400091110889274";"HR00 140"
"GRAD LABIN";"2025-12-23T00:00:00.000Z";"AUTOTRANS D.D.";"19819724166";"Cres";"OŠ MATIJE VLAČIĆA LABIN";"EUR";"9092.93";"R0604 Usluge prijevoza";"500       03        10581 OSNOVNA ŠKOLA MATIJE VLAČIĆA LABIN";"L01 5002A500003 Financiranje djelatnosti osnovnog školstva";"5.1.001 5. POTPORE ZA DECENTRALIZIRANE FUNKCIJE OSNOVNOG OBRAZOVANJA";"323191 Ostale usluge za prijevoz - Autotrans - Rijeka";"0912 Osnovno obrazovanje";"7587-132-1-25";"MV-prijevoz učenika-ur810";"2025-11-30T00:00:00.000Z";"2026-01-02T00:00:00.000Z";"HR8824840081103599193";"HR00 7587-132-125"
"GRAD LABIN";"2025-12-23T00:00:00.000Z";"B.ELEKTRONIKA D.O.O.";"06144393646";"RIJEKA";"OŠ ""IVO LOLA RIBAR"" LABIN";"EUR";"232.48";"R0708 Usluge tekućeg i investicijskog održavanja";"500       03        10590 OSNOVNA ŠKOLA IVO LOLA RIBAR LABIN";"L01 5002A500003 Financiranje djelatnosti osnovnog školstva";"5.1.001 5. POTPORE ZA DECENTRALIZIRANE FUNKCIJE OSNOVNOG OBRAZOVANJA";"323220 Usluge tekućeg i investicijskog održavanja postrojenja i opreme";"0912 Osnovno obrazovanje";"1224/VP/1";"ILR 1657-1635 - SERVIS I POPRAVAK KOPIRNIH UREĐAJA";"2025-11-26T00:00:00.000Z";"2025-12-26T00:00:00.000Z";"HR8124840081101099241";"HR00 1224-2025-11571"
"GRAD LABIN";"2025-12-23T00:00:00.000Z";"B.ELEKTRONIKA D.O.O.";"06144393646";"RIJEKA";"OŠ MATIJE VLAČIĆA LABIN";"EUR";"154.08";"R0610 Zakupnine i najamnine";"500       03        10581 OSNOVNA ŠKOLA MATIJE VLAČIĆA LABIN";"L01 5002A500003 Financiranje djelatnosti osnovnog školstva";"5.1.001 5. POTPORE ZA DECENTRALIZIRANE FUNKCIJE OSNOVNOG OBRAZOVANJA";"323530 Zakupnine i najamnine za opremu";"0912 Osnovno obrazovanje";"3297-VP-2";"MV-kopirni uređ-ur811";"2025-11-30T00:00:00.000Z";"2025-12-30T00:00:00.000Z";"HR8124840081101099241";"HR00 3297-2025-2"
"GRAD LABIN";"2025-12-23T00:00:00.000Z";"BARAT MIRJANA";"GDPR";"";"CENTAR ""LIČE FARAGUNA"" LABIN";"EUR";"69.77";"R0792 Usluge prijevoza";"500       03        10645 CENTAR LIČE FARAGUNA LABIN";"L01 5002A500003 Financiranje djelatnosti osnovnog školstva";"5.1.001 5. POTPORE ZA DECENTRALIZIRANE FUNKCIJE OSNOVNOG OBRAZOVANJA";"323192 Ostale usluge za prijevoz - Ostali";"0912 Osnovno obrazovanje";"09-12/25";"CLF-461/0099562 PRIJEVOZ UČENIKA 09-12/25";"2025-12-22T00:00:00.000Z";"2025-12-31T00:00:00.000Z";"";"HR99"
"GRAD LABIN";"2025-12-23T00:00:00.000Z";"BATELIĆ ADRIANA";"GDPR";"";"OŠ MATIJE VLAČIĆA LABIN";"EUR";"38.00";"R0597 Službena putovanja";"500       03        10581 OSNOVNA ŠKOLA MATIJE VLAČIĆA LABIN";"L01 5002A500003 Financiranje djelatnosti osnovnog školstva";"5.1.001 5. POTPORE ZA DECENTRALIZIRANE FUNKCIJE OSNOVNOG OBRAZOVANJA";"321150 Naknade za prijevoz na službenom putu u zemlji";"0912 Osnovno obrazovanje";"PN 90 S.SKUP VODNJAN";"MV-PN 90 VODNJ-UR847";"2025-12-11T00:00:00.000Z";"2025-12-21T00:00:00.000Z";"";"HR99"
"GRAD LABIN";"2025-12-23T00:00:00.000Z";"BRIONKA D.D.";"45422293596";"PULA";"DOM ZA STARIJE OSOBE LABIN";"EUR";"216.72";"R1100-36 Materijal i sirovine (troškovi namirnica)";"500       05        53994 DOM ZA STARIJE OSOBE LABIN";"L01 5011A500001 Socijalna zaštita starijih i nemoćnih osoba";"4.9.000001 4.PRIHODI ZA POSEBNE NAMJENE - PRIHODI KORISNIKA";"322240 Namirnice";"1020 Starost";"47766/1/1";"DOM-Namirnice";"2025-11-30T00:00:00.000Z";"2025-12-30T00:00:00.000Z";"HR8724850031100301635";"HR00 47766-1-1"
"GRAD LABIN";"2025-12-23T00:00:00.000Z";"BRIONKA D.D.";"45422293596";"PULA";"DOM ZA STARIJE OSOBE LABIN";"EUR";"57.06";"R1100-36 Materijal i sirovine (troškovi namirnica)";"500       05        53994 DOM ZA STARIJE OSOBE LABIN";"L01 5011A500001 Socijalna zaštita starijih i nemoćnih osoba";"4.9.000001 4.PRIHODI ZA POSEBNE NAMJENE - PRIHODI KORISNIKA";"322240 Namirnice";"1020 Starost";"48488/1/1";"DOM-Namirnice";"2025-11-30T00:00:00.000Z";"2025-12-30T00:00:00.000Z";"HR8724850031100301635";"HR00 48488-1-1"
"GRAD LABIN";"2025-12-23T00:00:00.000Z";"BRIONKA D.D.";"45422293596";"PULA";"DOM ZA STARIJE OSOBE LABIN";"EUR";"24.38";"R1100-36 Materijal i sirovine (troškovi namirnica)";"500       05        53994 DOM ZA STARIJE OSOBE LABIN";"L01 5011A500001 Socijalna zaštita starijih i nemoćnih osoba";"4.9.000001 4.PRIHODI ZA POSEBNE NAMJENE - PRIHODI KORISNIKA";"322240 Namirnice";"1020 Starost";"48535/1/1";"DOM-Namirnice";"2025-11-30T00:00:00.000Z";"2025-12-30T00:00:00.000Z";"HR8724850031100301635";"HR00 48535-1-1"
"GRAD LABIN";"2025-12-23T00:00:00.000Z";"BRIONKA D.D.";"45422293596";"PULA";"OŠ ""IVO LOLA RIBAR"" LABIN";"EUR";"81.00";"R0739 Materijal i sirovine";"500       03        10590 OSNOVNA ŠKOLA IVO LOLA RIBAR LABIN";"L01 5002A500004 Produženi boravak";"4.9.000001 4.PRIHODI ZA POSEBNE NAMJENE - PRIHODI KORISNIKA";"322240 Namirnice";"0912 Osnovno obrazovanje";"46826/1/1";"ILR 1723-187607 - HRANA MATIČNA";"2025-11-30T00:00:00.000Z";"2025-12-30T00:00:00.000Z";"HR8724850031100301635";"HR00 46826-1-1"
"GRAD LABIN";"2025-12-23T00:00:00.000Z";"BRIONKA D.D.";"45422293596";"PULA";"OŠ ""IVO LOLA RIBAR"" LABIN";"EUR";"320.00";"R0717-1 Materijal i sirovine";"500       03        10590 OSNOVNA ŠKOLA IVO LOLA RIBAR LABIN";"L01 5002A500003 Financiranje djelatnosti osnovnog školstva";"5.9.000001 5. POMOĆI - PRIHODI KORISNIKA GL 02";"322240 Namirnice";"0912 Osnovno obrazovanje";"46826/1/1";"ILR 1723-187607 - HRANA MATIČNA";"2025-11-30T00:00:00.000Z";"2025-12-30T00:00:00.000Z";"HR8724850031100301635";"HR00 46826-1-1"
"GRAD LABIN";"2025-12-23T00:00:00.000Z";"BRIONKA D.D.";"45422293596";"PULA";"OŠ ""IVO LOLA RIBAR"" LABIN";"EUR";"19.28";"R0717-1 Materijal i sirovine";"500       03        10590 OSNOVNA ŠKOLA IVO LOLA RIBAR LABIN";"L01 5002A500003 Financiranje djelatnosti osnovnog školstva";"5.9.000001 5. POMOĆI - PRIHODI KORISNIKA GL 02";"322240 Namirnice";"0912 Osnovno obrazovanje";"46828/1/1";"ILR 1722-187607 - HRANA VINEŽ";"2025-11-30T00:00:00.000Z";"2025-12-30T00:00:00.000Z";"HR8724850031100301635";"HR00 46828-1-1"
"GRAD LABIN";"2025-12-23T00:00:00.000Z";"BRIONKA D.D.";"45422293596";"PULA";"OŠ ""IVO LOLA RIBAR"" LABIN";"EUR";"186.64";"R0717-1 Materijal i sirovine";"500       03        10590 OSNOVNA ŠKOLA IVO LOLA RIBAR LABIN";"L01 5002A500003 Financiranje djelatnosti osnovnog školstva";"5.9.000001 5. POMOĆI - PRIHODI KORISNIKA GL 02";"322240 Namirnice";"0912 Osnovno obrazovanje";"46827/1/1";"ILR 1721-187607 - HRANA KATURE";"2025-11-30T00:00:00.000Z";"2025-12-30T00:00:00.000Z";"HR8724850031100301635";"HR00 46827-1-1"
"GRAD LABIN";"2025-12-23T00:00:00.000Z";"BRIONKA D.D.";"45422293596";"PULA";"OŠ ""IVO LOLA RIBAR"" LABIN";"EUR";"174.75";"R0717-1 Materijal i sirovine";"500       03        10590 OSNOVNA ŠKOLA IVO LOLA RIBAR LABIN";"L01 5002A500003 Financiranje djelatnosti osnovnog školstva";"5.9.000001 5. POMOĆI - PRIHODI KORISNIKA GL 02";"322240 Namirnice";"0912 Osnovno obrazovanje";"47862/1/1";"ILR 1720-187607 - HRANA MATIČNA";"2025-11-30T00:00:00.000Z";"2025-12-30T00:00:00.000Z";"HR8724850031100301635";"HR00 47862-1-1"
"GRAD LABIN";"2025-12-23T00:00:00.000Z";"BRIONKA D.D.";"45422293596";"PULA";"OŠ ""IVO LOLA RIBAR"" LABIN";"EUR";"149.25";"R0717-1 Materijal i sirovine";"500       03        10590 OSNOVNA ŠKOLA IVO LOLA RIBAR LABIN";"L01 5002A500003 Financiranje djelatnosti osnovnog školstva";"5.9.000001 5. POMOĆI - PRIHODI KORISNIKA GL 02";"322240 Namirnice";"0912 Osnovno obrazovanje";"47864/1/1";"ILR 1719-187607 - HRANA VINEŽ";"2025-11-30T00:00:00.000Z";"2025-12-30T00:00:00.000Z";"HR8724850031100301635";"HR00 47864-1-1"
"GRAD LABIN";"2025-12-23T00:00:00.000Z";"BRIONKA D.D.";"45422293596";"PULA";"OŠ ""IVO LOLA RIBAR"" LABIN";"EUR";"187.19";"R0717-1 Materijal i sirovine";"500       03        10590 OSNOVNA ŠKOLA IVO LOLA RIBAR LABIN";"L01 5002A500003 Financiranje djelatnosti osnovnog školstva";"5.9.000001 5. POMOĆI - PRIHODI KORISNIKA GL 02";"322240 Namirnice";"0912 Osnovno obrazovanje";"47863/1/1";"ILR 1718-187607 - HRANA KATURE";"2025-11-30T00:00:00.000Z";"2025-12-30T00:00:00.000Z";"HR8724850031100301635";"HR00 47863-1-1"
"GRAD LABIN";"2025-12-23T00:00:00.000Z";"BRIONKA D.D.";"45422293596";"PULA";"OŠ ""IVO LOLA RIBAR"" LABIN";"EUR";"29.04";"R0717-1 Materijal i sirovine";"500       03        10590 OSNOVNA ŠKOLA IVO LOLA RIBAR LABIN";"L01 5002A500003 Financiranje djelatnosti osnovnog školstva";"5.9.000001 5. POMOĆI - PRIHODI KORISNIKA GL 02";"322240 Namirnice";"0912 Osnovno obrazovanje";"48523/1/1";"ILR 1717-187607 - HRANA MATIČNA";"2025-11-30T00:00:00.000Z";"2025-12-30T00:00:00.000Z";"HR8724850031100301635";"HR00 48523-1-1"
"GRAD LABIN";"2025-12-23T00:00:00.000Z";"BRIONKA D.D.";"45422293596";"PULA";"OŠ ""IVO LOLA RIBAR"" LABIN";"EUR";"22.73";"R0717-1 Materijal i sirovine";"500       03        10590 OSNOVNA ŠKOLA IVO LOLA RIBAR LABIN";"L01 5002A500003 Financiranje djelatnosti osnovnog školstva";"5.9.000001 5. POMOĆI - PRIHODI KORISNIKA GL 02";"322240 Namirnice";"0912 Osnovno obrazovanje";"48524/1/1";"ILR 1716-187607 - HRANA KATURE";"2025-11-30T00:00:00.000Z";"2025-12-30T00:00:00.000Z";"HR8724850031100301635";"HR00 48524-1-1"
"GRAD LABIN";"2025-12-23T00:00:00.000Z";"BRNJAC ELENA";"GDPR";"";"OŠ ""IVO LOLA RIBAR"" LABIN";"EUR";"40.00";"R0698 Službena putovanja";"500       03        10590 OSNOVNA ŠKOLA IVO LOLA RIBAR LABIN";"L01 5002A500003 Financiranje djelatnosti osnovnog školstva";"5.1.001 5. POTPORE ZA DECENTRALIZIRANE FUNKCIJE OSNOVNOG OBRAZOVANJA";"321120 Dnevnice za službeni put u inozemstvu";"0912 Osnovno obrazovanje";"3206543349";"ILR 1799-0113875 - PUTNI NALOG BR 206-2025";"2025-12-16T00:00:00.000Z";"2025-12-23T00:00:00.000Z";"";"HR99"
"GRAD LABIN";"2025-12-23T00:00:00.000Z";"CROATIA osiguranje d.d.";"26187994862";"ZAGREB";" DJEČJI VRTIĆ PJERINA VERBANAC";"EUR";"71.52";"R0554 Premije osiguranja";"500       02        35812 DJEČJI VRTIĆ PJERINA VERBANAC";"L01 5001A500002 Odgojno, administrativno i tehničko osoblje";"4.9.000001 4.PRIHODI ZA POSEBNE NAMJENE - PRIHODI KORISNIKA";"329210 Premije osiguranja prijevoznih sredstava";"0911 Predškolsko obrazovanje";"991277633/25";"DV PREMIJA OSIGUR.VOZILA";"2025-10-28T00:00:00.000Z";"2025-11-12T00:00:00.000Z";"HR9123400091400555110";"HR01 99427-1277633251"
"GRAD LABIN";"2025-12-23T00:00:00.000Z";"CROATIA osiguranje d.d.";"26187994862";"ZAGREB";" DJEČJI VRTIĆ PJERINA VERBANAC";"EUR";"305.37";"R0554 Premije osiguranja";"500       02        35812 DJEČJI VRTIĆ PJERINA VERBANAC";"L01 5001A500002 Odgojno, administrativno i tehničko osoblje";"4.9.000001 4.PRIHODI ZA POSEBNE NAMJENE - PRIHODI KORISNIKA";"329210 Premije osiguranja prijevoznih sredstava";"0911 Predškolsko obrazovanje";"991251234/25";"DV-AO ZA PIAGGIO";"2025-10-21T00:00:00.000Z";"2025-11-05T00:00:00.000Z";"HR9123400091400555110";"HR01 99427-1251234252"
"GRAD LABIN";"2025-12-23T00:00:00.000Z";"ČESNIK SILVIA";"GDPR";"";"CENTAR ""LIČE FARAGUNA"" LABIN";"EUR";"86.18";"R0792 Usluge prijevoza";"500       03        10645 CENTAR LIČE FARAGUNA LABIN";"L01 5002A500003 Financiranje djelatnosti osnovnog školstva";"5.1.001 5. POTPORE ZA DECENTRALIZIRANE FUNKCIJE OSNOVNOG OBRAZOVANJA";"323192 Ostale usluge za prijevoz - Ostali";"0912 Osnovno obrazovanje";"9-12/25";"CLF-460/0103047 PRIJEVOZ UČENIKA 09-12/25";"2025-12-22T00:00:00.000Z";"2025-12-31T00:00:00.000Z";"";"HR99"
"GRAD LABIN";"2025-12-23T00:00:00.000Z";"DINO COMMERCE D.O.O.";"19176145523";"LABIN";"JAVNA VATROGASNA POSTROJBA LABIN";"EUR";"291.91";"R0118-1 Materijal i dijelovi za tekuće i investicijsko održavanje";"100       03        35837 JAVNA VATROGASNA POSTROJBA LABIN";"L01 1003A100004 Financiranje Javne vatrogasne postrojbe Labin";"1.1.001    1.OPĆI PRIHODI I PRIMICI";"322430 Materijal i dijelovi za tekuće i investicijsko održavanje transportnih sredstava";"0320 Usluge protupožarne zaštite";"1494/POSL1/2";"JVP - mater. za održavanje vozila 409-906";"2025-11-28T00:00:00.000Z";"2025-12-28T00:00:00.000Z";"HR5524020061100050430";"HR00 535-2501494"
"GRAD LABIN";"2025-12-23T00:00:00.000Z";"DINO COMMERCE D.O.O.";"19176145523";"LABIN";" DJEČJI VRTIĆ PJERINA VERBANAC";"EUR";"59.68";"R0533 Materijal i dijelovi za tekuće i investicijsko održavanje";"500       02        35812 DJEČJI VRTIĆ PJERINA VERBANAC";"L01 5001A500002 Odgojno, administrativno i tehničko osoblje";"3.9.000001 3.VLASTITI PRIHODI - PRIHODI KORISNIKA";"322420 Materijal i dijelovi za tekuće i investicijsko održavanje postrojenja i opreme";"0911 Predškolsko obrazovanje";"1273/POSL1/2";"DV-MAT ODRŽ CLIO";"2025-10-23T00:00:00.000Z";"2025-11-07T00:00:00.000Z";"HR5524020061100050430";"HR00 1529-2501273"
"GRAD LABIN";"2025-12-23T00:00:00.000Z";"DINO COMMERCE D.O.O.";"19176145523";"LABIN";"CENTAR ""LIČE FARAGUNA"" LABIN";"EUR";"20.53";"R0790-0 Materijal i dijelovi za tekuće i investicijsko održavanje";"500       03        10645 CENTAR LIČE FARAGUNA LABIN";"L01 5002A500003 Financiranje djelatnosti osnovnog školstva";"5.1.001 5. POTPORE ZA DECENTRALIZIRANE FUNKCIJE OSNOVNOG OBRAZOVANJA";"322440 Ostali materijal i dijelovi za tekuće i investicijsko održavanje";"0912 Osnovno obrazovanje";"1573/POSL1/2";"CLF-453/0000906 MATERIJAL ZA ODRŽAVANJE";"2025-12-17T00:00:00.000Z";"2026-01-01T00:00:00.000Z";"HR5524020061100050430";"HR00 1576-2501573"
"GRAD LABIN";"2025-12-23T00:00:00.000Z";"DM OBRT ZA TRG.-VL.KRŠULJA DAVID";"18585917550";"LABIN";"DOM ZA STARIJE OSOBE LABIN";"EUR";"180.95";"R1100-14 Uredski materijal i ostali materijalni rashodi";"500       05        53994 DOM ZA STARIJE OSOBE LABIN";"L01 5011A500001 Socijalna zaštita starijih i nemoćnih osoba";"1.1.001    1.OPĆI PRIHODI I PRIMICI";"322190 Ostali materijal za potrebe redovnog poslovanja";"1020 Starost";"311/1/1";"DOM - MATERIJAL ZA POTREBE RED.POSLOVANJA";"2025-12-19T00:00:00.000Z";"2025-12-19T00:00:00.000Z";"HR9423400091160317775";"HR00 1201419-00311"
"GRAD LABIN";"2025-12-23T00:00:00.000Z";"DM OBRT ZA TRG.-VL.KRŠULJA DAVID";"18585917550";"LABIN";"CENTAR ""LIČE FARAGUNA"" LABIN";"EUR";"35.11";"R0790-0 Materijal i dijelovi za tekuće i investicijsko održavanje";"500       03        10645 CENTAR LIČE FARAGUNA LABIN";"L01 5002A500003 Financiranje djelatnosti osnovnog školstva";"5.1.001 5. POTPORE ZA DECENTRALIZIRANE FUNKCIJE OSNOVNOG OBRAZOVANJA";"322440 Ostali materijal i dijelovi za tekuće i investicijsko održavanje";"0912 Osnovno obrazovanje";"313/1/1";"CLF-446/0103802 MATERIJAL ZA TEKUĆE INVESTICIJE";"2025-12-19T00:00:00.000Z";"2025-12-23T00:00:00.000Z";"HR9423400091160317775";"HR00 1200101-00313"
"GRAD LABIN";"2025-12-23T00:00:00.000Z";"2003 - DOPRINOS ZA MIO II STUP";"GDPR";"";" UMJETNIČKA ŠKOLA MATKA BRAJŠE RAŠANA";"EUR";"23.44";"R0842 Intelektualne i osobne usluge";"500       03        48478 UMJETNIČKA ŠKOLA MATKA BRAJŠE RAŠANA LABIN";"L01 5002A500003 Financiranje djelatnosti osnovnog školstva";"4.9.000001 4.PRIHODI ZA POSEBNE NAMJENE - PRIHODI KORISNIKA";"323720 Ugovori o djelu";"0912 Osnovno obrazovanje";"25/00383";"UŠ-UGOVOR O DJELU MIO II";"2025-12-22T00:00:00.000Z";"2025-12-23T00:00:00.000Z";"";"HR99"
"GRAD LABIN";"2025-12-23T00:00:00.000Z";"8109 - DOPRINOS ZA MIO I STUP";"GDPR";"";" UMJETNIČKA ŠKOLA MATKA BRAJŠE RAŠANA";"EUR";"70.31";"R0842 Intelektualne i osobne usluge";"500       03        48478 UMJETNIČKA ŠKOLA MATKA BRAJŠE RAŠANA LABIN";"L01 5002A500003 Financiranje djelatnosti osnovnog školstva";"4.9.000001 4.PRIHODI ZA POSEBNE NAMJENE - PRIHODI KORISNIKA";"323720 Ugovori o djelu";"0912 Osnovno obrazovanje";"25/00381";"UŠ-UGOVOR O DJELU MIO I";"2025-12-22T00:00:00.000Z";"2025-12-23T00:00:00.000Z";"";"HR99"
"GRAD LABIN";"2025-12-23T00:00:00.000Z";"DUKAT MLIJEČNA INDUSTRIJA D.D.";"25457712630";"ZAGREB";"DOM ZA STARIJE OSOBE LABIN";"EUR";"107.10";"R1100-15 Materijal i sirovine (troškovi namirnica)";"500       05        53994 DOM ZA STARIJE OSOBE LABIN";"L01 5011A500001 Socijalna zaštita starijih i nemoćnih osoba";"1.1.001    1.OPĆI PRIHODI I PRIMICI";"322240 Namirnice";"1020 Starost";"519205-16-1";"DOM-Namirnice";"2025-12-09T00:00:00.000Z";"2026-01-09T00:00:00.000Z";"HR7023600001102649132";"HR11 1564005-998196096"
"GRAD LABIN";"2025-12-23T00:00:00.000Z";"DUKAT MLIJEČNA INDUSTRIJA D.D.";"25457712630";"ZAGREB";"DOM ZA STARIJE OSOBE LABIN";"EUR";"416.81";"R1100-15 Materijal i sirovine (troškovi namirnica)";"500       05        53994 DOM ZA STARIJE OSOBE LABIN";"L01 5011A500001 Socijalna zaštita starijih i nemoćnih osoba";"1.1.001    1.OPĆI PRIHODI I PRIMICI";"322240 Namirnice";"1020 Starost";"513123-16-1";"DOM-Namirnice";"2025-12-02T00:00:00.000Z";"2026-01-04T00:00:00.000Z";"HR7023600001102649132";"HR11 1564005-998132411"
"GRAD LABIN";"2025-12-23T00:00:00.000Z";"DUKAT MLIJEČNA INDUSTRIJA D.D.";"25457712630";"ZAGREB";"DOM ZA STARIJE OSOBE LABIN";"EUR";"147.85";"R1100-55 Materijal i sirovine (troškovi namirnica)";"500       05        53994 DOM ZA STARIJE OSOBE LABIN";"L01 5011A500003 Sufinanciranje programa pomoć u kući i organiziranje prijevoza";"4.9.000001 4.PRIHODI ZA POSEBNE NAMJENE - PRIHODI KORISNIKA";"322240 Namirnice";"1020 Starost";"497904-16-1";"DOM-Namirnice";"2025-11-21T00:00:00.000Z";"2025-12-25T00:00:00.000Z";"HR7023600001102649132";"HR11 1564005-997973579"
"GRAD LABIN";"2025-12-23T00:00:00.000Z";"DUKAT MLIJEČNA INDUSTRIJA D.D.";"25457712630";"ZAGREB";"OŠ ""IVO LOLA RIBAR"" LABIN";"EUR";"87.50";"R0717-1 Materijal i sirovine";"500       03        10590 OSNOVNA ŠKOLA IVO LOLA RIBAR LABIN";"L01 5002A500003 Financiranje djelatnosti osnovnog školstva";"5.9.000001 5. POMOĆI - PRIHODI KORISNIKA GL 02";"322240 Namirnice";"0912 Osnovno obrazovanje";"494904-16-1";"ILR 1642-171603 - HRANA VINEŽ";"2025-11-24T00:00:00.000Z";"2025-12-24T00:00:00.000Z";"HR7023600001102649132";"HR11 1043820-997942622"
"GRAD LABIN";"2025-12-23T00:00:00.000Z";"DUKAT MLIJEČNA INDUSTRIJA D.D.";"25457712630";"ZAGREB";"OŠ ""IVO LOLA RIBAR"" LABIN";"EUR";"190.46";"R0717-1 Materijal i sirovine";"500       03        10590 OSNOVNA ŠKOLA IVO LOLA RIBAR LABIN";"L01 5002A500003 Financiranje djelatnosti osnovnog školstva";"5.9.000001 5. POMOĆI - PRIHODI KORISNIKA GL 02";"322240 Namirnice";"0912 Osnovno obrazovanje";"494903-16-1";"ILR 1639-171603 - HRANA MATIČNA";"2025-11-24T00:00:00.000Z";"2025-12-24T00:00:00.000Z";"HR7023600001102649132";"HR11 1043820-997942614"
"GRAD LABIN";"2025-12-23T00:00:00.000Z";"DUKAT MLIJEČNA INDUSTRIJA D.D.";"25457712630";"ZAGREB";"OŠ ""IVO LOLA RIBAR"" LABIN";"EUR";"45.38";"R0717-1 Materijal i sirovine";"500       03        10590 OSNOVNA ŠKOLA IVO LOLA RIBAR LABIN";"L01 5002A500003 Financiranje djelatnosti osnovnog školstva";"5.9.000001 5. POMOĆI - PRIHODI KORISNIKA GL 02";"322240 Namirnice";"0912 Osnovno obrazovanje";"498887-16-1";"ILR 1675-171603 - HRANA VINEŽ";"2025-11-26T00:00:00.000Z";"2025-12-26T00:00:00.000Z";"HR7023600001102649132";"HR11 1043820-997984341"
"GRAD LABIN";"2025-12-23T00:00:00.000Z";"DUKAT MLIJEČNA INDUSTRIJA D.D.";"25457712630";"ZAGREB";"OŠ ""IVO LOLA RIBAR"" LABIN";"EUR";"152.64";"R0717-1 Materijal i sirovine";"500       03        10590 OSNOVNA ŠKOLA IVO LOLA RIBAR LABIN";"L01 5002A500003 Financiranje djelatnosti osnovnog školstva";"5.9.000001 5. POMOĆI - PRIHODI KORISNIKA GL 02";"322240 Namirnice";"0912 Osnovno obrazovanje";"498888-16-1";"ILR 1674-171603 - HRANA KATURE";"2025-11-26T00:00:00.000Z";"2025-12-26T00:00:00.000Z";"HR7023600001102649132";"HR11 1043820-997984350"
"GRAD LABIN";"2025-12-23T00:00:00.000Z";"DUMA VL. KERIN VANESSA";"99917502606";"LABIN";"OŠ MATIJE VLAČIĆA LABIN";"EUR";"691.61";"R0619-1 Materijal i sirovine";"500       03        10581 OSNOVNA ŠKOLA MATIJE VLAČIĆA LABIN";"L01 5002A500003 Financiranje djelatnosti osnovnog školstva";"5.9.000001 5. POMOĆI - PRIHODI KORISNIKA GL 02";"322240 Namirnice";"0912 Osnovno obrazovanje";"376/1/1 ZA 11";"MV-PREHRANA-UR840";"2025-11-30T00:00:00.000Z";"2025-12-20T00:00:00.000Z";"HR3723600001102343885";"HR00 376-1-1"
"GRAD LABIN";"2025-12-23T00:00:00.000Z";"DUNDARA PAJIĆ ANA";"GDPR";"";"OŠ ""IVO LOLA RIBAR"" LABIN";"EUR";"40.00";"R0698 Službena putovanja";"500       03        10590 OSNOVNA ŠKOLA IVO LOLA RIBAR LABIN";"L01 5002A500003 Financiranje djelatnosti osnovnog školstva";"5.1.001 5. POTPORE ZA DECENTRALIZIRANE FUNKCIJE OSNOVNOG OBRAZOVANJA";"321120 Dnevnice za službeni put u inozemstvu";"0912 Osnovno obrazovanje";"3240050723";"ILR 1798-0119067 - PUTNI NALOG BNR. 205-2025";"2025-12-16T00:00:00.000Z";"2025-12-23T00:00:00.000Z";"";"HR99"
"GRAD LABIN";"2025-12-23T00:00:00.000Z";"EURO DAUS DD";"19212513210";"SPLIT";" DJEČJI VRTIĆ PJERINA VERBANAC";"EUR";"140.23";"R0553 Ostale usluge";"500       02        35812 DJEČJI VRTIĆ PJERINA VERBANAC";"L01 5001A500002 Odgojno, administrativno i tehničko osoblje";"4.9.000001 4.PRIHODI ZA POSEBNE NAMJENE - PRIHODI KORISNIKA";"323940 Usluge pri registraciji prijevoznih sredstava";"0911 Predškolsko obrazovanje";"34124-H013-21115";"DV-TEH PREGLED CLIO";"2025-10-21T00:00:00.000Z";"2025-10-21T00:00:00.000Z";"HR6824810001100105371";"HR03 0132-0341240"
"GRAD LABIN";"2025-12-23T00:00:00.000Z";"EURO DAUS DD";"19212513210";"SPLIT";" DJEČJI VRTIĆ PJERINA VERBANAC";"EUR";"67.79";"R0553 Ostale usluge";"500       02        35812 DJEČJI VRTIĆ PJERINA VERBANAC";"L01 5001A500002 Odgojno, administrativno i tehničko osoblje";"4.9.000001 4.PRIHODI ZA POSEBNE NAMJENE - PRIHODI KORISNIKA";"323940 Usluge pri registraciji prijevoznih sredstava";"0911 Predškolsko obrazovanje";"34118-H013-21115";"DV-TEH PREGLED CLIO";"2025-10-21T00:00:00.000Z";"2025-10-21T00:00:00.000Z";"HR6824810001100105371";"HR03 0132-0341185"
"GRAD LABIN";"2025-12-23T00:00:00.000Z";"EXTRA POINT D.O.O.";"97755222599";"Višnjan";"DOM ZA STARIJE OSOBE LABIN";"EUR";"98.53";"R1100-14 Uredski materijal i ostali materijalni rashodi";"500       05        53994 DOM ZA STARIJE OSOBE LABIN";"L01 5011A500001 Socijalna zaštita starijih i nemoćnih osoba";"1.1.001    1.OPĆI PRIHODI I PRIMICI";"322190 Ostali materijal za potrebe redovnog poslovanja";"1020 Starost";"2115/1/1";"DOM - OSTALI MATERIJAL ZA POTREBE RED. POSLOVANJA";"2025-12-15T00:00:00.000Z";"2026-01-18T00:00:00.000Z";"HR2923600001102953092";"HR00 1200171-002115"
"GRAD LABIN";"2025-12-23T00:00:00.000Z";"EXTRA POINT D.O.O.";"97755222599";"Višnjan";"DOM ZA STARIJE OSOBE LABIN";"EUR";"666.14";"R1100-14 Uredski materijal i ostali materijalni rashodi";"500       05        53994 DOM ZA STARIJE OSOBE LABIN";"L01 5011A500001 Socijalna zaštita starijih i nemoćnih osoba";"1.1.001    1.OPĆI PRIHODI I PRIMICI";"322190 Ostali materijal za potrebe redovnog poslovanja";"1020 Starost";"2111/1/1";"DOM - OSTALI MATERIJAL ZA POTREBE RED.POSLOVANJA";"2025-12-03T00:00:00.000Z";"2026-01-15T00:00:00.000Z";"HR2923600001102953092";"HR00 1200171-002111"
"GRAD LABIN";"2025-12-23T00:00:00.000Z";"EXTRA POINT D.O.O.";"97755222599";"Višnjan";"DOM ZA STARIJE OSOBE LABIN";"EUR";"39.38";"R1100-15 Materijal i sirovine (troškovi namirnica)";"500       05        53994 DOM ZA STARIJE OSOBE LABIN";"L01 5011A500001 Socijalna zaštita starijih i nemoćnih osoba";"1.1.001    1.OPĆI PRIHODI I PRIMICI";"322220 Pomoćni i sanitetski materijal";"1020 Starost";"2112";"DOM - POMOĆNI I SANITETSKI MATERIJAL";"2025-12-03T00:00:00.000Z";"2026-01-15T00:00:00.000Z";"HR2923600001102953092";"HR00 1200171-002112"
"GRAD LABIN";"2025-12-23T00:00:00.000Z";"EXTRA POINT D.O.O.";"97755222599";"Višnjan";"DOM ZA STARIJE OSOBE LABIN";"EUR";"471.63";"R1100-15 Materijal i sirovine (troškovi namirnica)";"500       05        53994 DOM ZA STARIJE OSOBE LABIN";"L01 5011A500001 Socijalna zaštita starijih i nemoćnih osoba";"1.1.001    1.OPĆI PRIHODI I PRIMICI";"322220 Pomoćni i sanitetski materijal";"1020 Starost";"2033/1/1";"DOM-Pomoćni sanitetski materijal";"2025-11-20T00:00:00.000Z";"2026-01-08T00:00:00.000Z";"HR2923600001102953092";"HR00 00171-002033"
"GRAD LABIN";"2025-12-23T00:00:00.000Z";"FAMILI OBRT ZA TRGOVINU- FRANKOVIĆ IVKA";"GDPR";"";"OŠ ""IVO LOLA RIBAR"" LABIN";"EUR";"25.00";"R0741 Sitni inventar i auto gume";"500       03        10590 OSNOVNA ŠKOLA IVO LOLA RIBAR LABIN";"L01 5002A500004 Produženi boravak";"4.9.000001 4.PRIHODI ZA POSEBNE NAMJENE - PRIHODI KORISNIKA";"322510 Sitni inventar";"0912 Osnovno obrazovanje";"140/9/23";"ILR 1789-100218 - SI KUHINJA";"2025-11-21T00:00:00.000Z";"2025-11-21T00:00:00.000Z";"";"HR99"
"GRAD LABIN";"2025-12-23T00:00:00.000Z";"FERFOLJA DAMIR";"GDPR";"";"DOM ZA STARIJE OSOBE LABIN";"EUR";"24.30";"R1100-11 Službena putovanja";"500       05        53994 DOM ZA STARIJE OSOBE LABIN";"L01 5011A500001 Socijalna zaštita starijih i nemoćnih osoba";"1.1.001    1.OPĆI PRIHODI I PRIMICI";"321190 Ostali rashodi za službena putovanja";"1020 Starost";"25/14";"DOM - SLUŽBENO PUTOVANJE, KORIŠTENJE VL.VOZILA U SL.SVRHE";"2025-12-16T00:00:00.000Z";"2025-12-18T00:00:00.000Z";"";"HR99"
"GRAD LABIN";"2025-12-23T00:00:00.000Z";"FERFOLJA DAMIR";"GDPR";"";"DOM ZA STARIJE OSOBE LABIN";"EUR";"30.00";"R1100-11 Službena putovanja";"500       05        53994 DOM ZA STARIJE OSOBE LABIN";"L01 5011A500001 Socijalna zaštita starijih i nemoćnih osoba";"1.1.001    1.OPĆI PRIHODI I PRIMICI";"321110 Dnevnice za službeni put u zemlji";"1020 Starost";"25/14";"DOM - SLUŽBENO PUTOVANJE, KORIŠTENJE VL.VOZILA U SL.SVRHE";"2025-12-16T00:00:00.000Z";"2025-12-18T00:00:00.000Z";"";"HR99"
"GRAD LABIN";"2025-12-23T00:00:00.000Z";"LEKO FILIP";"GDPR";"";" UMJETNIČKA ŠKOLA MATKA BRAJŠE RAŠANA";"EUR";"280.00";"R0842 Intelektualne i osobne usluge";"500       03        48478 UMJETNIČKA ŠKOLA MATKA BRAJŠE RAŠANA LABIN";"L01 5002A500003 Financiranje djelatnosti osnovnog školstva";"4.9.000001 4.PRIHODI ZA POSEBNE NAMJENE - PRIHODI KORISNIKA";"323720 Ugovori o djelu";"0912 Osnovno obrazovanje";"25/00386";"UŠ-UGOVOR O DJELU";"2025-12-22T00:00:00.000Z";"2025-12-23T00:00:00.000Z";"";"HR99"
"GRAD LABIN";"2025-12-23T00:00:00.000Z";"FINA FINANCIJSKA AGENCIJA";"85821130368";"ZAGREB";" UMJETNIČKA ŠKOLA MATKA BRAJŠE RAŠANA";"EUR";"1.66";"R0858 Računalne usluge";"500       03        48478 UMJETNIČKA ŠKOLA MATKA BRAJŠE RAŠANA LABIN";"L01 5002A500003 Financiranje djelatnosti osnovnog školstva";"5.1.001 5. POTPORE ZA DECENTRALIZIRANE FUNKCIJE OSNOVNOG OBRAZOVANJA";"323890 Ostale računalne usluge";"0912 Osnovno obrazovanje";"25-1125-0745993";"UŠ-NAKNADA ZA E-RAČUN 11/25-483";"2025-11-30T00:00:00.000Z";"2025-12-27T00:00:00.000Z";"HR4223900011100017042";"HR03 256-11258-07459939"
"GRAD LABIN";"2025-12-23T00:00:00.000Z";"FINA FINANCIJSKA AGENCIJA";"85821130368";"ZAGREB";"JAVNA VATROGASNA POSTROJBA LABIN";"EUR";"2.66";"R0120-1 Računalne usluge";"100       03        35837 JAVNA VATROGASNA POSTROJBA LABIN";"L01 1003A100004 Financiranje Javne vatrogasne postrojbe Labin";"1.1.001    1.OPĆI PRIHODI I PRIMICI";"323890 Ostale računalne usluge";"0320 Usluge protupožarne zaštite";"25-1125-0742671";"JVP - rač.korištenja servisa za 11.2025   437/0000574";"2025-11-30T00:00:00.000Z";"2025-12-27T00:00:00.000Z";"HR4223900011100017042";"HR03 256-11258-07426712"
"GRAD LABIN";"2025-12-23T00:00:00.000Z";"FINA FINANCIJSKA AGENCIJA";"85821130368";"ZAGREB";"DOM ZA STARIJE OSOBE LABIN";"EUR";"1.66";"R1100-45 Računalne usluge";"500       05        53994 DOM ZA STARIJE OSOBE LABIN";"L01 5011A500001 Socijalna zaštita starijih i nemoćnih osoba";"4.9.000001 4.PRIHODI ZA POSEBNE NAMJENE - PRIHODI KORISNIKA";"323890 Ostale računalne usluge";"1020 Starost";"25-1125-0752282";"DOM - USLUGA KORIŠTENJA SERVISA E-RAČUN";"2025-12-01T00:00:00.000Z";"2025-12-28T00:00:00.000Z";"HR4223900011100017042";"HR03 256-11258-07522827"
"GRAD LABIN";"2025-12-23T00:00:00.000Z";"FINA FINANCIJSKA AGENCIJA";"85821130368";"ZAGREB";"CENTAR ""LIČE FARAGUNA"" LABIN";"EUR";"1.66";"R0798-1 Pristojbe i naknade";"500       03        10645 CENTAR LIČE FARAGUNA LABIN";"L01 5002A500003 Financiranje djelatnosti osnovnog školstva";"5.1.001 5. POTPORE ZA DECENTRALIZIRANE FUNKCIJE OSNOVNOG OBRAZOVANJA";"329590 Ostale pristojbe i naknade";"0912 Osnovno obrazovanje";"25-1125-0752630";"CLF-442/0000574 MJESEČNO KORIŠTENJE RAČUNA";"2025-11-30T00:00:00.000Z";"2025-12-28T00:00:00.000Z";"HR4223900011100017042";"HR00 256-11258-07526300"
"GRAD LABIN";"2025-12-23T00:00:00.000Z";"FINA FINANCIJSKA AGENCIJA";"85821130368";"ZAGREB";"OŠ ""IVO LOLA RIBAR"" LABIN";"EUR";"1.66";"R0716 Pristojbe i naknade";"500       03        10590 OSNOVNA ŠKOLA IVO LOLA RIBAR LABIN";"L01 5002A500003 Financiranje djelatnosti osnovnog školstva";"5.1.001 5. POTPORE ZA DECENTRALIZIRANE FUNKCIJE OSNOVNOG OBRAZOVANJA";"329532 Naknada FINE za provedbu osnove za plaćanje";"0912 Osnovno obrazovanje";"25-1125-0751023";"ILR 1748-574 - MJESEČNO KORIŠTENJE SERVISA fINE 11-2025";"2025-11-30T00:00:00.000Z";"2025-12-28T00:00:00.000Z";"HR4223900011100017042";"HR03 256-11258-07510233"
"GRAD LABIN";"2025-12-23T00:00:00.000Z";"FINA FINANCIJSKA AGENCIJA";"85821130368";"ZAGREB";"OŠ MATIJE VLAČIĆA LABIN";"EUR";"1.66";"R0577-2 Računalne usluge";"500       03        10581 OSNOVNA ŠKOLA MATIJE VLAČIĆA LABIN";"L01 5002A500003 Financiranje djelatnosti osnovnog školstva";"1.1.001    1.OPĆI PRIHODI I PRIMICI";"323890 Ostale računalne usluge";"0912 Osnovno obrazovanje";"25-1125-0743755";"MV-FINA-UR833";"2025-11-30T00:00:00.000Z";"2025-12-27T00:00:00.000Z";"HR4223900011100017042";"HR03 256-11258-07437552"
"GRAD LABIN";"2025-12-23T00:00:00.000Z";"FINA FINANCIJSKA AGENCIJA";"85821130368";"ZAGREB";"OŠ MATIJE VLAČIĆA LABIN";"EUR";"64.70";"R0614 Ostale usluge";"500       03        10581 OSNOVNA ŠKOLA MATIJE VLAČIĆA LABIN";"L01 5002A500003 Financiranje djelatnosti osnovnog školstva";"5.1.001 5. POTPORE ZA DECENTRALIZIRANE FUNKCIJE OSNOVNOG OBRAZOVANJA";"323990 Ostale nespomenute usluge";"0912 Osnovno obrazovanje";"30-1125-0738110";"MV- FINA-UR834";"2025-11-30T00:00:00.000Z";"2025-12-26T00:00:00.000Z";"HR4223900011100017042";"HR03 302-11258-07381107"
"GRAD LABIN";"2025-12-23T00:00:00.000Z";"FRIMONT RASHLADNA TEHNIKA, OBRT";"58650007520";"NEDEŠĆINA";"DOM ZA STARIJE OSOBE LABIN";"EUR";"7959.54";"R1100-98 Usluge tekućeg i investicijskog održavanja";"500       05        53994 DOM ZA STARIJE OSOBE LABIN";"L01 5011A500001 Socijalna zaštita starijih i nemoćnih osoba";"1.1.001    1.OPĆI PRIHODI I PRIMICI";"323220 Usluge tekućeg i investicijskog održavanja postrojenja i opreme";"1020 Starost";"31/1/1";"DOM - SERVIS SUSTAVA KLIMATIZACIJE I VENTILACIJE";"2025-12-17T00:00:00.000Z";"2026-01-07T00:00:00.000Z";"HR2423400091167012811";"HR00 408-31-10"
"GRAD LABIN";"2025-12-23T00:00:00.000Z";"FRIMONT RASHLADNA TEHNIKA, OBRT";"58650007520";"NEDEŠĆINA";"DOM ZA STARIJE OSOBE LABIN";"EUR";"39.21";"R1100-57 Usluge tekućeg i investicijskog održavanja";"500       05        53994 DOM ZA STARIJE OSOBE LABIN";"L01 5011A500003 Sufinanciranje programa pomoć u kući i organiziranje prijevoza";"4.9.000001 4.PRIHODI ZA POSEBNE NAMJENE - PRIHODI KORISNIKA";"323220 Usluge tekućeg i investicijskog održavanja postrojenja i opreme";"1020 Starost";"31/1/1";"DOM - SERVIS SUSTAVA KLIMATIZACIJE I VENTILACIJE";"2025-12-17T00:00:00.000Z";"2026-01-07T00:00:00.000Z";"HR2423400091167012811";"HR00 408-31-10"
"GRAD LABIN";"2025-12-23T00:00:00.000Z";"FRUTIS TRGOVAČKI OBRT";"GDPR";"";"DOM ZA STARIJE OSOBE LABIN";"EUR";"1203.01";"R1100-15 Materijal i sirovine (troškovi namirnica)";"500       05        53994 DOM ZA STARIJE OSOBE LABIN";"L01 5011A500001 Socijalna zaštita starijih i nemoćnih osoba";"1.1.001    1.OPĆI PRIHODI I PRIMICI";"322240 Namirnice";"1020 Starost";"24582/0001/1";"DOM - NAMIRNICE";"2025-11-29T00:00:00.000Z";"2025-12-29T00:00:00.000Z";"";"HR99"
"GRAD LABIN";"2025-12-23T00:00:00.000Z";"FUSIO d.o.o.";"95345244091";"POREČ";"DOM ZA STARIJE OSOBE LABIN";"EUR";"273.61";"R1100-17 Sitni inventar i auto gume";"500       05        53994 DOM ZA STARIJE OSOBE LABIN";"L01 5011A500001 Socijalna zaštita starijih i nemoćnih osoba";"1.1.001    1.OPĆI PRIHODI I PRIMICI";"322510 Sitni inventar";"1020 Starost";"1123-1-16";"DOM - SITAN INVENTAR - KUHINJA";"2025-12-08T00:00:00.000Z";"2026-01-07T00:00:00.000Z";"HR9423800061110008563";"HR00 253910112300"
"GRAD LABIN";"2025-12-23T00:00:00.000Z";"GHIA SPORT D.O.O.";"35157849903";"PAZIN";"OŠ ""IVO LOLA RIBAR"" LABIN";"EUR";"7000.00";"R0772 Uređaji, strojevi i oprema za ostale namjene";"500       03        10590 OSNOVNA ŠKOLA IVO LOLA RIBAR LABIN";"L01 5002K500001 Kapitalna ulaganja osnovnog školstva";"5.1.001 5. POTPORE ZA DECENTRALIZIRANE FUNKCIJE OSNOVNOG OBRAZOVANJA";"422730 Oprema";"0912 Osnovno obrazovanje";"25-010-008589";"ILR 1795-98469 - OPREMA ZA DVORANU";"2025-12-16T00:00:00.000Z";"2025-12-23T00:00:00.000Z";"HR5224020061100573508";"HR00 25-010-008589"
"GRAD LABIN";"2025-12-23T00:00:00.000Z";"GRAD LABIN";"19041331726";"LABIN";"DOM ZA STARIJE OSOBE LABIN";"EUR";"2444.26";"R1100-62 Zakupnine i najamnine";"500       05        53994 DOM ZA STARIJE OSOBE LABIN";"L01 5011A500001 Socijalna zaštita starijih i nemoćnih osoba";"1.1.001    1.OPĆI PRIHODI I PRIMICI";"323520 Zakupnine i najamnine za građevinske objekte";"1020 Starost";"210RAC-01--7502273";"DOM-Zakup poslovnog prostora 12/25";"2025-12-03T00:00:00.000Z";"2025-12-24T00:00:00.000Z";"HR4523400091822200000";"HR24 7811-7502273-0194395"
"GRAD LABIN";"2025-12-23T00:00:00.000Z";"GRAD LABIN";"19041331726";"LABIN";"DOM ZA STARIJE OSOBE LABIN";"EUR";"43.45";"R1100-43 Komunalne usluge";"500       05        53994 DOM ZA STARIJE OSOBE LABIN";"L01 5011A500001 Socijalna zaštita starijih i nemoćnih osoba";"4.9.000001 4.PRIHODI ZA POSEBNE NAMJENE - PRIHODI KORISNIKA";"323492 Vodoprivredna naknada";"1020 Starost";"7455186";"DOM-Naknada za uređenje voda 12/25";"2025-12-01T00:00:00.000Z";"2025-12-25T00:00:00.000Z";"HR4523400091822200000";"HR24 5770-7455186-0194395"
"GRAD LABIN";"2025-12-23T00:00:00.000Z";"GRAD LABIN";"19041331726";"LABIN";" DJEČJI VRTIĆ PJERINA VERBANAC";"EUR";"31.85";"R0529-7 Komunalne usluge";"500       02        35812 DJEČJI VRTIĆ PJERINA VERBANAC";"L01 5001A500002 Odgojno, administrativno i tehničko osoblje";"1.1.001    1.OPĆI PRIHODI I PRIMICI";"323492 Vodoprivredna naknada";"0911 Predškolsko obrazovanje";"7447736";"DV NUV CV 11/25";"2025-11-01T00:00:00.000Z";"2025-11-25T00:00:00.000Z";"HR4523400091822200000";"HR24 5770-7447736-0000604"
"GRAD LABIN";"2025-12-23T00:00:00.000Z";"GRAD LABIN";"19041331726";"LABIN";" DJEČJI VRTIĆ PJERINA VERBANAC";"EUR";"9.56";"R0529-7 Komunalne usluge";"500       02        35812 DJEČJI VRTIĆ PJERINA VERBANAC";"L01 5001A500002 Odgojno, administrativno i tehničko osoblje";"1.1.001    1.OPĆI PRIHODI I PRIMICI";"323492 Vodoprivredna naknada";"0911 Predškolsko obrazovanje";"7447671";"DV NUV VINEŽ 11/25";"2025-11-01T00:00:00.000Z";"2025-11-25T00:00:00.000Z";"HR4523400091822200000";"HR24 5770-7447671-0000604"
"GRAD LABIN";"2025-12-23T00:00:00.000Z";"GRAD LABIN";"19041331726";"LABIN";" DJEČJI VRTIĆ PJERINA VERBANAC";"EUR";"10.62";"R0529-7 Komunalne usluge";"500       02        35812 DJEČJI VRTIĆ PJERINA VERBANAC";"L01 5001A500002 Odgojno, administrativno i tehničko osoblje";"1.1.001    1.OPĆI PRIHODI I PRIMICI";"323492 Vodoprivredna naknada";"0911 Predškolsko obrazovanje";"7447612";"DV NUV RABAC 11/25";"2025-11-01T00:00:00.000Z";"2025-11-25T00:00:00.000Z";"HR4523400091822200000";"HR24 5770-7447612-0000604"
"GRAD LABIN";"2025-12-23T00:00:00.000Z";"GRAD LABIN";"19041331726";"LABIN";" DJEČJI VRTIĆ PJERINA VERBANAC";"EUR";"25.78";"R0529-7 Komunalne usluge";"500       02        35812 DJEČJI VRTIĆ PJERINA VERBANAC";"L01 5001A500002 Odgojno, administrativno i tehničko osoblje";"1.1.001    1.OPĆI PRIHODI I PRIMICI";"323492 Vodoprivredna naknada";"0911 Predškolsko obrazovanje";"7447558";"DV NUV JASLICE 11/25";"2025-11-01T00:00:00.000Z";"2025-11-25T00:00:00.000Z";"HR4523400091822200000";"HR24 5770-7447558-0000604"
"GRAD LABIN";"2025-12-23T00:00:00.000Z";"GRAD LABIN";"19041331726";"LABIN";" DJEČJI VRTIĆ PJERINA VERBANAC";"EUR";"5.36";"R0529-7 Komunalne usluge";"500       02        35812 DJEČJI VRTIĆ PJERINA VERBANAC";"L01 5001A500002 Odgojno, administrativno i tehničko osoblje";"1.1.001    1.OPĆI PRIHODI I PRIMICI";"323492 Vodoprivredna naknada";"0911 Predškolsko obrazovanje";"7447493";"DV NUV ST.GRAD 11/25";"2025-11-01T00:00:00.000Z";"2025-11-25T00:00:00.000Z";"HR4523400091822200000";"HR24 5770-7447493-0000604"
"GRAD LABIN";"2025-12-23T00:00:00.000Z";"GRAD LABIN";"19041331726";"LABIN";" DJEČJI VRTIĆ PJERINA VERBANAC";"EUR";"3.57";"R0529-7 Komunalne usluge";"500       02        35812 DJEČJI VRTIĆ PJERINA VERBANAC";"L01 5001A500002 Odgojno, administrativno i tehničko osoblje";"1.1.001    1.OPĆI PRIHODI I PRIMICI";"323492 Vodoprivredna naknada";"0911 Predškolsko obrazovanje";"7429550";"DV NUV LABIN DONJI 11/25";"2025-11-01T00:00:00.000Z";"2025-11-25T00:00:00.000Z";"HR4523400091822200000";"HR24 5770-7429550-0000604"
"GRAD LABIN";"2025-12-23T00:00:00.000Z";"GRAD LABIN";"19041331726";"LABIN";" DJEČJI VRTIĆ PJERINA VERBANAC";"EUR";"31.85";"R0529-7 Komunalne usluge";"500       02        35812 DJEČJI VRTIĆ PJERINA VERBANAC";"L01 5001A500002 Odgojno, administrativno i tehničko osoblje";"1.1.001    1.OPĆI PRIHODI I PRIMICI";"323492 Vodoprivredna naknada";"0911 Predškolsko obrazovanje";"7447728";"DV NUV CV 10/25";"2025-10-01T00:00:00.000Z";"2025-10-27T00:00:00.000Z";"HR4523400091822200000";"HR24 5770-7447728-0000604"
"GRAD LABIN";"2025-12-23T00:00:00.000Z";"GRAD LABIN";"19041331726";"LABIN";" DJEČJI VRTIĆ PJERINA VERBANAC";"EUR";"9.56";"R0529-7 Komunalne usluge";"500       02        35812 DJEČJI VRTIĆ PJERINA VERBANAC";"L01 5001A500002 Odgojno, administrativno i tehničko osoblje";"1.1.001    1.OPĆI PRIHODI I PRIMICI";"323492 Vodoprivredna naknada";"0911 Predškolsko obrazovanje";"7447663";"DV NUV VINEŽ 10/25";"2025-10-01T00:00:00.000Z";"2025-10-27T00:00:00.000Z";"HR4523400091822200000";"HR24 5770-7447663-0000604"
"GRAD LABIN";"2025-12-23T00:00:00.000Z";"GRAD LABIN";"19041331726";"LABIN";" DJEČJI VRTIĆ PJERINA VERBANAC";"EUR";"10.62";"R0529-7 Komunalne usluge";"500       02        35812 DJEČJI VRTIĆ PJERINA VERBANAC";"L01 5001A500002 Odgojno, administrativno i tehničko osoblje";"1.1.001    1.OPĆI PRIHODI I PRIMICI";"323492 Vodoprivredna naknada";"0911 Predškolsko obrazovanje";"7447604";"DV NUV RABAC 10/25";"2025-10-01T00:00:00.000Z";"2025-10-27T00:00:00.000Z";"HR4523400091822200000";"HR24 5770-7447604-0000604"
"GRAD LABIN";"2025-12-23T00:00:00.000Z";"GRAD LABIN";"19041331726";"LABIN";" DJEČJI VRTIĆ PJERINA VERBANAC";"EUR";"25.78";"R0529-7 Komunalne usluge";"500       02        35812 DJEČJI VRTIĆ PJERINA VERBANAC";"L01 5001A500002 Odgojno, administrativno i tehničko osoblje";"1.1.001    1.OPĆI PRIHODI I PRIMICI";"323492 Vodoprivredna naknada";"0911 Predškolsko obrazovanje";"7447540";"DV NUV JASLICE 10/25";"2025-10-01T00:00:00.000Z";"2025-10-27T00:00:00.000Z";"HR4523400091822200000";"HR24 5770-7447540-0000604"
"GRAD LABIN";"2025-12-23T00:00:00.000Z";"GRAD LABIN";"19041331726";"LABIN";" DJEČJI VRTIĆ PJERINA VERBANAC";"EUR";"5.36";"R0529-7 Komunalne usluge";"500       02        35812 DJEČJI VRTIĆ PJERINA VERBANAC";"L01 5001A500002 Odgojno, administrativno i tehničko osoblje";"1.1.001    1.OPĆI PRIHODI I PRIMICI";"323492 Vodoprivredna naknada";"0911 Predškolsko obrazovanje";"7447485";"DV NUV ST.GRAD 10/25";"2025-10-01T00:00:00.000Z";"2025-10-27T00:00:00.000Z";"HR4523400091822200000";"HR24 5770-7447485-0000604"
"GRAD LABIN";"2025-12-23T00:00:00.000Z";"GRAD LABIN";"19041331726";"LABIN";" DJEČJI VRTIĆ PJERINA VERBANAC";"EUR";"3.57";"R0529-7 Komunalne usluge";"500       02        35812 DJEČJI VRTIĆ PJERINA VERBANAC";"L01 5001A500002 Odgojno, administrativno i tehničko osoblje";"1.1.001    1.OPĆI PRIHODI I PRIMICI";"323492 Vodoprivredna naknada";"0911 Predškolsko obrazovanje";"7429541";"DV NUV LABIN DONJI 10/25";"2025-10-01T00:00:00.000Z";"2025-10-27T00:00:00.000Z";"HR4523400091822200000";"HR24 5770-7429541-0000604"
"GRAD LABIN";"2025-12-23T00:00:00.000Z";"GRIPARIĆ FABLE  IVANA";"GDPR";"";"OŠ ""IVO LOLA RIBAR"" LABIN";"EUR";"40.00";"R0698 Službena putovanja";"500       03        10590 OSNOVNA ŠKOLA IVO LOLA RIBAR LABIN";"L01 5002A500003 Financiranje djelatnosti osnovnog školstva";"5.1.001 5. POTPORE ZA DECENTRALIZIRANE FUNKCIJE OSNOVNOG OBRAZOVANJA";"321120 Dnevnice za službeni put u inozemstvu";"0912 Osnovno obrazovanje";"3240074864";"ILR 1797-0087114 - PUTNI NALOG BR. 205-2025";"2025-12-16T00:00:00.000Z";"2025-12-23T00:00:00.000Z";"";"HR99"
"GRAD LABIN";"2025-12-23T00:00:00.000Z";"H2O TRGOVAČKI OBRT";"40531374434";"Klana";"OŠ MATIJE VLAČIĆA LABIN";"EUR";"59.75";"R0637 Materijal i sirovine";"500       03        10581 OSNOVNA ŠKOLA MATIJE VLAČIĆA LABIN";"L01 5002A500004 Produženi boravak";"4.9.000001 4.PRIHODI ZA POSEBNE NAMJENE - PRIHODI KORISNIKA";"322240 Namirnice";"0912 Osnovno obrazovanje";"3652/1/1";"MV-PREHRANA-UR872";"2025-12-11T00:00:00.000Z";"2025-12-21T00:00:00.000Z";"HR6423600001102673199";"HR00 238-3652-11"
"GRAD LABIN";"2025-12-23T00:00:00.000Z";"HEP OPSKRBA D.O.O.";"63073332379";"ZAGREB";"OŠ ""IVO LOLA RIBAR"" LABIN";"EUR";"1806.40";"R0702 Energija";"500       03        10590 OSNOVNA ŠKOLA IVO LOLA RIBAR LABIN";"L01 5002A500003 Financiranje djelatnosti osnovnog školstva";"5.1.001 5. POTPORE ZA DECENTRALIZIRANE FUNKCIJE OSNOVNOG OBRAZOVANJA";"322310 Električna energija";"0912 Osnovno obrazovanje";"0010003572-251120-6";"ILR 1741-51 - EL. ENERGIJA ZA 11-2025";"2025-11-30T00:00:00.000Z";"2025-12-24T00:00:00.000Z";"HR2523600001102100146";"HR01 0010003572-251120-6"
"GRAD LABIN";"2025-12-23T00:00:00.000Z";"HERCEGOVA TRGOVINA D.O.O.";"37927948281";"ZAGREB";"CENTAR ""LIČE FARAGUNA"" LABIN";"EUR";"3651.25";"R0829-20 Uredska oprema i namještaj";"500       03        10645 CENTAR LIČE FARAGUNA LABIN";"L01 5002K500001 Kapitalna ulaganja osnovnog školstva";"5.1.001 5. POTPORE ZA DECENTRALIZIRANE FUNKCIJE OSNOVNOG OBRAZOVANJA";"422120 Uredski namještaj";"0912 Osnovno obrazovanje";"735-VP0-1";"CLF-448/0120618 NAMJEŠTAJ";"2025-12-17T00:00:00.000Z";"2026-01-16T00:00:00.000Z";"HR6424020061100052208";"HR01 735-020251-36588"
"GRAD LABIN";"2025-12-23T00:00:00.000Z";"HRT HRVATSKA RADIOTELEVIZIJA";"68419124305";"ZAGREB";"JAVNA VATROGASNA POSTROJBA LABIN";"EUR";"42.48";"R0182 Pristojbe i naknade";"100       03        35837 JAVNA VATROGASNA POSTROJBA LABIN";"L01 1003A100004 Financiranje Javne vatrogasne postrojbe Labin";"6.9.000001 6.DONACIJE - PRIHODI KORISNIKA";"329590 Ostale pristojbe i naknade";"0320 Usluge protupožarne zaštite";"4047717183-202512-9";"JVP - TV i radio pretplata za 12.2025  419-582";"2025-12-01T00:00:00.000Z";"2025-12-31T00:00:00.000Z";"HR6223600001500016178";"HR01 4047717183-202512-9"
"GRAD LABIN";"2025-12-23T00:00:00.000Z";"HRT HRVATSKA RADIOTELEVIZIJA";"68419124305";"ZAGREB";"DOM ZA STARIJE OSOBE LABIN";"EUR";"10.62";"R1100-05 RTV pristojba";"500       05        53994 DOM ZA STARIJE OSOBE LABIN";"L01 5011A500001 Socijalna zaštita starijih i nemoćnih osoba";"1.1.001    1.OPĆI PRIHODI I PRIMICI";"329590 Ostale pristojbe i naknade";"1020 Starost";"4047973733-202512-6";"DOM-Mjesečna pristojba za 12/2025";"2025-12-01T00:00:00.000Z";"2025-12-31T00:00:00.000Z";"HR6223600001500016178";"HR01 4047973733-202512-6"
"GRAD LABIN";"2025-12-23T00:00:00.000Z";"HRVATSKA ZAJED.RAČUNOV.I FINANC.DJELAT";"75508100288";"ZAGREB";"DOM ZA STARIJE OSOBE LABIN";"EUR";"235.00";"R1100-14 Uredski materijal i ostali materijalni rashodi";"500       05        53994 DOM ZA STARIJE OSOBE LABIN";"L01 5011A500001 Socijalna zaštita starijih i nemoćnih osoba";"1.1.001    1.OPĆI PRIHODI I PRIMICI";"322120 Literatura (publikacije, časopisi, glasila, knjige i ostalo)";"1020 Starost";"6858";"DOM-Stručna literatura";"2025-10-10T00:00:00.000Z";"2025-12-31T00:00:00.000Z";"HR1423600001101241118";"HR01 38443-6858-550"
"GRAD LABIN";"2025-12-23T00:00:00.000Z";"8400 - DOPRINOS ZA ZDRAVSTVENO OSIG.";"GDPR";"";" UMJETNIČKA ŠKOLA MATKA BRAJŠE RAŠANA";"EUR";"70.31";"R0842 Intelektualne i osobne usluge";"500       03        48478 UMJETNIČKA ŠKOLA MATKA BRAJŠE RAŠANA LABIN";"L01 5002A500003 Financiranje djelatnosti osnovnog školstva";"4.9.000001 4.PRIHODI ZA POSEBNE NAMJENE - PRIHODI KORISNIKA";"323720 Ugovori o djelu";"0912 Osnovno obrazovanje";"25/00382";"UŠ-UGOVOR O DJELU ZDRAVSTVENO OSIGURANJE";"2025-12-22T00:00:00.000Z";"2025-12-23T00:00:00.000Z";"";"HR99"
"GRAD LABIN";"2025-12-23T00:00:00.000Z";"HRVATSKO DRUŠTVO GLAZBENIH I PLESNIH PED";"97475640707";"ZAGREB";" UMJETNIČKA ŠKOLA MATKA BRAJŠE RAŠANA";"EUR";"132.00";"R0846 Ostali nespomenuti rashodi poslovanja";"500       03        48478 UMJETNIČKA ŠKOLA MATKA BRAJŠE RAŠANA LABIN";"L01 5002A500003 Financiranje djelatnosti osnovnog školstva";"4.9.000001 4.PRIHODI ZA POSEBNE NAMJENE - PRIHODI KORISNIKA";"329990 Ostali nespomenuti rashodi poslovanja";"0912 Osnovno obrazovanje";"BB";"UŠ-ČLANARINA ZA SUDJELOVANJE, DMITROVIĆ, VIDAK-498";"2025-12-19T00:00:00.000Z";"2025-12-19T00:00:00.000Z";"HR0723600001101359972";"HR99"
"GRAD LABIN";"2025-12-23T00:00:00.000Z";"I.VEM D.O.O.";"74964279599";"PULA";"OŠ ""IVO LOLA RIBAR"" LABIN";"EUR";"330.91";"R0700 Uredski materijal i ostali materijalni rashodi";"500       03        10590 OSNOVNA ŠKOLA IVO LOLA RIBAR LABIN";"L01 5002A500003 Financiranje djelatnosti osnovnog školstva";"5.1.001 5. POTPORE ZA DECENTRALIZIRANE FUNKCIJE OSNOVNOG OBRAZOVANJA";"322160 Materijal za higijenske potrebe i njegu";"0912 Osnovno obrazovanje";"3283/1/1";"ILR 1566-760 - MATER. ZA HIG. POTREBE I NJEGU   3283/1/1";"2025-11-10T00:00:00.000Z";"2025-12-26T00:00:00.000Z";"HR7123600001101268804";"HR05 27-1662-003283"
"GRAD LABIN";"2025-12-23T00:00:00.000Z";"I.VEM D.O.O.";"74964279599";"PULA";"OŠ ""IVO LOLA RIBAR"" LABIN";"EUR";"369.28";"R0738 Uredski materijal i ostali materijalni rashodi";"500       03        10590 OSNOVNA ŠKOLA IVO LOLA RIBAR LABIN";"L01 5002A500004 Produženi boravak";"4.9.000001 4.PRIHODI ZA POSEBNE NAMJENE - PRIHODI KORISNIKA";"322160 Materijal za higijenske potrebe i njegu";"0912 Osnovno obrazovanje";"3283/1/1";"ILR 1566-760 - MATER. ZA HIG. POTREBE I NJEGU   3283/1/1";"2025-11-10T00:00:00.000Z";"2025-12-26T00:00:00.000Z";"HR7123600001101268804";"HR05 27-1662-003283"
"GRAD LABIN";"2025-12-23T00:00:00.000Z";"I.VEM D.O.O.";"74964279599";"PULA";"OŠ ""IVO LOLA RIBAR"" LABIN";"EUR";"204.74";"R0700 Uredski materijal i ostali materijalni rashodi";"500       03        10590 OSNOVNA ŠKOLA IVO LOLA RIBAR LABIN";"L01 5002A500003 Financiranje djelatnosti osnovnog školstva";"5.1.001 5. POTPORE ZA DECENTRALIZIRANE FUNKCIJE OSNOVNOG OBRAZOVANJA";"322110 Uredski materijal";"0912 Osnovno obrazovanje";"3284/1/1";"ILR 1565-760 - UREDSKI MATERIJAL - 3284/1/1";"2025-11-10T00:00:00.000Z";"2025-12-26T00:00:00.000Z";"HR7123600001101268804";"HR05 27-1662-003284"
"GRAD LABIN";"2025-12-23T00:00:00.000Z";"INA INDUSTRIJA NAFTE D.D.";"27759560625";"ZAGREB";"JAVNA VATROGASNA POSTROJBA LABIN";"EUR";"1976.70";"R0118 Energija";"100       03        35837 JAVNA VATROGASNA POSTROJBA LABIN";"L01 1003A100004 Financiranje Javne vatrogasne postrojbe Labin";"1.1.001    1.OPĆI PRIHODI I PRIMICI";"322390 Ostali materijali za proizvodnju energije (ugljen, drva, teško ulje)";"0320 Usluge protupožarne zaštite";"9191059757";"JVP - lož ulje 12/25       439-140";"2025-12-22T00:00:00.000Z";"2025-12-24T00:00:00.000Z";"HR5723600001500016268";"HR03 620000252-91910597570"
"GRAD LABIN";"2025-12-23T00:00:00.000Z";"INA INDUSTRIJA NAFTE D.D.";"27759560625";"ZAGREB";" DJEČJI VRTIĆ PJERINA VERBANAC";"EUR";"101.02";"R0541 Energija";"500       02        35812 DJEČJI VRTIĆ PJERINA VERBANAC";"L01 5001A500002 Odgojno, administrativno i tehničko osoblje";"4.9.000001 4.PRIHODI ZA POSEBNE NAMJENE - PRIHODI KORISNIKA";"322340 Motorni benzin i dizel gorivo";"0911 Predškolsko obrazovanje";"125029/IK/1";"DV-GORIVO-PLIN";"2025-10-15T00:00:00.000Z";"2025-11-15T00:00:00.000Z";"HR4723400091400010083";"HR01 327051-555051272244-0"
"GRAD LABIN";"2025-12-23T00:00:00.000Z";"INA INDUSTRIJA NAFTE D.D.";"27759560625";"ZAGREB";" DJEČJI VRTIĆ PJERINA VERBANAC";"EUR";"60.90";"R0541 Energija";"500       02        35812 DJEČJI VRTIĆ PJERINA VERBANAC";"L01 5001A500002 Odgojno, administrativno i tehničko osoblje";"4.9.000001 4.PRIHODI ZA POSEBNE NAMJENE - PRIHODI KORISNIKA";"322330 Plin";"0911 Predškolsko obrazovanje";"125029/IK/1";"DV-GORIVO-PLIN";"2025-10-15T00:00:00.000Z";"2025-11-15T00:00:00.000Z";"HR4723400091400010083";"HR01 327051-555051272244-0"
"GRAD LABIN";"2025-12-23T00:00:00.000Z";"INA INDUSTRIJA NAFTE D.D.";"27759560625";"ZAGREB";"OŠ ""IVO LOLA RIBAR"" LABIN";"EUR";"708.76";"R0702 Energija";"500       03        10590 OSNOVNA ŠKOLA IVO LOLA RIBAR LABIN";"L01 5002A500003 Financiranje djelatnosti osnovnog školstva";"5.1.001 5. POTPORE ZA DECENTRALIZIRANE FUNKCIJE OSNOVNOG OBRAZOVANJA";"322390 Ostali materijali za proizvodnju energije (ugljen, drva, teško ulje)";"0912 Osnovno obrazovanje";"184855/INA/1";"ILR 1794-140 - LOŽ ULJE PŠ VINEŽ 1001 LITARA";"2025-12-18T00:00:00.000Z";"2026-01-21T00:00:00.000Z";"HR9223400091100022902";"HR01 9103688685-20259"
"GRAD LABIN";"2025-12-23T00:00:00.000Z";"INA INDUSTRIJA NAFTE D.D.";"27759560625";"ZAGREB";"OŠ ""IVO LOLA RIBAR"" LABIN";"EUR";"2833.61";"R0702 Energija";"500       03        10590 OSNOVNA ŠKOLA IVO LOLA RIBAR LABIN";"L01 5002A500003 Financiranje djelatnosti osnovnog školstva";"5.1.001 5. POTPORE ZA DECENTRALIZIRANE FUNKCIJE OSNOVNOG OBRAZOVANJA";"322390 Ostali materijali za proizvodnju energije (ugljen, drva, teško ulje)";"0912 Osnovno obrazovanje";"184856/INA/1";"ILR 1793-140 - LOŽ ULJE MATIČNA 4002 LITRARA";"2025-12-18T00:00:00.000Z";"2026-01-21T00:00:00.000Z";"HR9223400091100022902";"HR01 9103688686-20253"
"GRAD LABIN";"2025-12-23T00:00:00.000Z";"INC DOO ZA TRGOVINU I USLUGE";"32652482960";"VIŠKOVO";"CENTAR ""LIČE FARAGUNA"" LABIN";"EUR";"1296.80";"R0789 Uredski materijal i ostali materijalni rashodi";"500       03        10645 CENTAR LIČE FARAGUNA LABIN";"L01 5002A500003 Financiranje djelatnosti osnovnog školstva";"5.1.001 5. POTPORE ZA DECENTRALIZIRANE FUNKCIJE OSNOVNOG OBRAZOVANJA";"322112 Didaktički materijal";"0912 Osnovno obrazovanje";"1057/1/1";"CLF-449/0200077 DIDAKTIKA";"2025-12-18T00:00:00.000Z";"2026-01-19T00:00:00.000Z";"HR0641240031199008212";"HR00 1057-1-1"
"GRAD LABIN";"2025-12-23T00:00:00.000Z";"INDIKATOR d.o.o.";"40973277765";"LABIN";"OŠ MATIJE VLAČIĆA LABIN";"EUR";"82.95";"R0612 Intelektualne i osobne usluge";"500       03        10581 OSNOVNA ŠKOLA MATIJE VLAČIĆA LABIN";"L01 5002A500003 Financiranje djelatnosti osnovnog školstva";"5.1.001 5. POTPORE ZA DECENTRALIZIRANE FUNKCIJE OSNOVNOG OBRAZOVANJA";"323791 Ostale intelektualne usluge - usluge zaštite na radu";"0912 Osnovno obrazovanje";"2041/1/1";"MV-USL.ZOR-UR827";"2025-11-28T00:00:00.000Z";"2025-12-28T00:00:00.000Z";"HR7323400091110169347";"HR00 223-2041-10"
"GRAD LABIN";"2025-12-23T00:00:00.000Z";"INFORMA d.o.o.";"55750503039";"LABIN";" UMJETNIČKA ŠKOLA MATKA BRAJŠE RAŠANA";"EUR";"1203.89";"R0847 Uredska oprema i namještaj";"500       03        48478 UMJETNIČKA ŠKOLA MATKA BRAJŠE RAŠANA LABIN";"L01 5002A500003 Financiranje djelatnosti osnovnog školstva";"4.9.000001 4.PRIHODI ZA POSEBNE NAMJENE - PRIHODI KORISNIKA";"422110 Računala i računalna oprema";"0912 Osnovno obrazovanje";"25233-1-1";"UŠ-RAČUNALO, VOD.RAČUNOVODSTVA-501";"2025-12-22T00:00:00.000Z";"2025-12-24T00:00:00.000Z";"HR1624020061100384909";"HR00 25233-1-1"
"GRAD LABIN";"2025-12-23T00:00:00.000Z";"INFORMA d.o.o.";"55750503039";"LABIN";" UMJETNIČKA ŠKOLA MATKA BRAJŠE RAŠANA";"EUR";"121.11";"R0884 Uredska oprema i namještaj";"500       03        48478 UMJETNIČKA ŠKOLA MATKA BRAJŠE RAŠANA LABIN";"L01 5002K500001 Kapitalna ulaganja osnovnog školstva";"5.1.001 5. POTPORE ZA DECENTRALIZIRANE FUNKCIJE OSNOVNOG OBRAZOVANJA";"422110 Računala i računalna oprema";"0912 Osnovno obrazovanje";"25233-1-1";"UŠ-RAČUNALO, VOD.RAČUNOVODSTVA-501";"2025-12-22T00:00:00.000Z";"2025-12-24T00:00:00.000Z";"HR1624020061100384909";"HR00 25233-1-1"
"GRAD LABIN";"2025-12-23T00:00:00.000Z";"ISTARSKI DOMOVI ZDRAVLJA ISP.LABIN-IDZ";"99092064857";"PULA";" DJEČJI VRTIĆ PJERINA VERBANAC";"EUR";"35.00";"R0550 Zdravstvene i veterinarske usluge";"500       02        35812 DJEČJI VRTIĆ PJERINA VERBANAC";"L01 5001A500002 Odgojno, administrativno i tehničko osoblje";"4.9.000001 4.PRIHODI ZA POSEBNE NAMJENE - PRIHODI KORISNIKA";"323610 Obvezni i preventivni zdravstveni pregledi zaposlenika";"0911 Predškolsko obrazovanje";"2025109974217";"DV-ZDR PREGLED MILETIĆ E";"2025-10-06T00:00:00.000Z";"2025-10-21T00:00:00.000Z";"HR5823800061132003185";"HR00 1211-999003119-22025"
"GRAD LABIN";"2025-12-23T00:00:00.000Z";"ISTARSKI DOMOVI ZDRAVLJA ISP.LABIN-IDZ";"99092064857";"PULA";" DJEČJI VRTIĆ PJERINA VERBANAC";"EUR";"41.82";"R0550 Zdravstvene i veterinarske usluge";"500       02        35812 DJEČJI VRTIĆ PJERINA VERBANAC";"L01 5001A500002 Odgojno, administrativno i tehničko osoblje";"4.9.000001 4.PRIHODI ZA POSEBNE NAMJENE - PRIHODI KORISNIKA";"323610 Obvezni i preventivni zdravstveni pregledi zaposlenika";"0911 Predškolsko obrazovanje";"2025109974215";"DV-ZDR PREGLED KOČEVAR";"2025-10-06T00:00:00.000Z";"2025-10-21T00:00:00.000Z";"HR5823800061132003185";"HR00 1210-999003119-22025"
"GRAD LABIN";"2025-12-23T00:00:00.000Z";"ISTARSKI DOMOVI ZDRAVLJA ISP.LABIN-IDZ";"99092064857";"PULA";" DJEČJI VRTIĆ PJERINA VERBANAC";"EUR";"41.82";"R0550 Zdravstvene i veterinarske usluge";"500       02        35812 DJEČJI VRTIĆ PJERINA VERBANAC";"L01 5001A500002 Odgojno, administrativno i tehničko osoblje";"4.9.000001 4.PRIHODI ZA POSEBNE NAMJENE - PRIHODI KORISNIKA";"323610 Obvezni i preventivni zdravstveni pregledi zaposlenika";"0911 Predškolsko obrazovanje";"2025109974634";"DV-ZDR PREGKLED BENAZIĆ";"2025-10-07T00:00:00.000Z";"2025-10-22T00:00:00.000Z";"HR5823800061132003185";"HR00 1214-999003119-22025"
"GRAD LABIN";"2025-12-23T00:00:00.000Z";"ISTARSKI DOMOVI ZDRAVLJA ISP.LABIN-IDZ";"99092064857";"PULA";" DJEČJI VRTIĆ PJERINA VERBANAC";"EUR";"35.00";"R0550 Zdravstvene i veterinarske usluge";"500       02        35812 DJEČJI VRTIĆ PJERINA VERBANAC";"L01 5001A500002 Odgojno, administrativno i tehničko osoblje";"4.9.000001 4.PRIHODI ZA POSEBNE NAMJENE - PRIHODI KORISNIKA";"323610 Obvezni i preventivni zdravstveni pregledi zaposlenika";"0911 Predškolsko obrazovanje";"2025109974638";"DV-ZDR PREGLED BAŠIĆ";"2025-10-07T00:00:00.000Z";"2025-10-22T00:00:00.000Z";"HR5823800061132003185";"HR00 1215-999003119-22025"
"GRAD LABIN";"2025-12-23T00:00:00.000Z";"ISTARSKI DOMOVI ZDRAVLJA ISP.LABIN-IDZ";"99092064857";"PULA";" DJEČJI VRTIĆ PJERINA VERBANAC";"EUR";"41.82";"R0550 Zdravstvene i veterinarske usluge";"500       02        35812 DJEČJI VRTIĆ PJERINA VERBANAC";"L01 5001A500002 Odgojno, administrativno i tehničko osoblje";"4.9.000001 4.PRIHODI ZA POSEBNE NAMJENE - PRIHODI KORISNIKA";"323610 Obvezni i preventivni zdravstveni pregledi zaposlenika";"0911 Predškolsko obrazovanje";"2025109975044";"DV-ZDR PREGLED LOVIĆ";"2025-10-07T00:00:00.000Z";"2025-10-22T00:00:00.000Z";"HR5823800061132003185";"HR00 1213-999003119-22025"
"GRAD LABIN";"2025-12-23T00:00:00.000Z";"ISTARSKI DOMOVI ZDRAVLJA ISP.LABIN-IDZ";"99092064857";"PULA";" DJEČJI VRTIĆ PJERINA VERBANAC";"EUR";"41.82";"R0550 Zdravstvene i veterinarske usluge";"500       02        35812 DJEČJI VRTIĆ PJERINA VERBANAC";"L01 5001A500002 Odgojno, administrativno i tehničko osoblje";"4.9.000001 4.PRIHODI ZA POSEBNE NAMJENE - PRIHODI KORISNIKA";"323610 Obvezni i preventivni zdravstveni pregledi zaposlenika";"0911 Predškolsko obrazovanje";"2025109975539";"DV-ZDR PREGLED TOMANJIK";"2025-10-08T00:00:00.000Z";"2025-10-23T00:00:00.000Z";"HR5823800061132003185";"HR00 1225-999003119-22025"
"GRAD LABIN";"2025-12-23T00:00:00.000Z";"ISTARSKI DOMOVI ZDRAVLJA ISP.LABIN-IDZ";"99092064857";"PULA";" DJEČJI VRTIĆ PJERINA VERBANAC";"EUR";"41.82";"R0550 Zdravstvene i veterinarske usluge";"500       02        35812 DJEČJI VRTIĆ PJERINA VERBANAC";"L01 5001A500002 Odgojno, administrativno i tehničko osoblje";"4.9.000001 4.PRIHODI ZA POSEBNE NAMJENE - PRIHODI KORISNIKA";"323610 Obvezni i preventivni zdravstveni pregledi zaposlenika";"0911 Predškolsko obrazovanje";"2025109973502";"DV-ZDR PREGLED SELLAN";"2025-10-03T00:00:00.000Z";"2025-10-18T00:00:00.000Z";"HR5823800061132003185";"HR00 1203-999003119-22025"
"GRAD LABIN";"2025-12-23T00:00:00.000Z";"ISTARSKI DOMOVI ZDRAVLJA ISP.LABIN-IDZ";"99092064857";"PULA";" DJEČJI VRTIĆ PJERINA VERBANAC";"EUR";"41.82";"R0550 Zdravstvene i veterinarske usluge";"500       02        35812 DJEČJI VRTIĆ PJERINA VERBANAC";"L01 5001A500002 Odgojno, administrativno i tehničko osoblje";"4.9.000001 4.PRIHODI ZA POSEBNE NAMJENE - PRIHODI KORISNIKA";"323610 Obvezni i preventivni zdravstveni pregledi zaposlenika";"0911 Predškolsko obrazovanje";"2025109973345";"DV-ZDRAAVSTVENI OREGLED N.R.R";"2025-10-03T00:00:00.000Z";"2025-10-18T00:00:00.000Z";"HR5823800061132003185";"HR00 1204-999003119-22025"
"GRAD LABIN";"2025-12-23T00:00:00.000Z";"ISTARSKI DOMOVI ZDRAVLJA ISP.LABIN-IDZ";"99092064857";"PULA";" DJEČJI VRTIĆ PJERINA VERBANAC";"EUR";"35.00";"R0550 Zdravstvene i veterinarske usluge";"500       02        35812 DJEČJI VRTIĆ PJERINA VERBANAC";"L01 5001A500002 Odgojno, administrativno i tehničko osoblje";"4.9.000001 4.PRIHODI ZA POSEBNE NAMJENE - PRIHODI KORISNIKA";"323610 Obvezni i preventivni zdravstveni pregledi zaposlenika";"0911 Predškolsko obrazovanje";"2025109987444";"DV-ZDR PREGLED KOS";"2025-10-28T00:00:00.000Z";"2025-11-12T00:00:00.000Z";"HR5823800061132003185";"HR00 1312-999003119-22025"
"GRAD LABIN";"2025-12-23T00:00:00.000Z";"ISTARSKI DOMOVI ZDRAVLJA ISP.LABIN-IDZ";"99092064857";"PULA";" DJEČJI VRTIĆ PJERINA VERBANAC";"EUR";"35.00";"R0550 Zdravstvene i veterinarske usluge";"500       02        35812 DJEČJI VRTIĆ PJERINA VERBANAC";"L01 5001A500002 Odgojno, administrativno i tehničko osoblje";"4.9.000001 4.PRIHODI ZA POSEBNE NAMJENE - PRIHODI KORISNIKA";"323610 Obvezni i preventivni zdravstveni pregledi zaposlenika";"0911 Predškolsko obrazovanje";"2025109987456";"DV-ZDR PREGLED MEŠANOVIĆ";"2025-10-28T00:00:00.000Z";"2025-11-12T00:00:00.000Z";"HR5823800061132003185";"HR00 1313-999003119-22025"
"GRAD LABIN";"2025-12-23T00:00:00.000Z";"ISTARSKI DOMOVI ZDRAVLJA ISP.LABIN-IDZ";"99092064857";"PULA";" DJEČJI VRTIĆ PJERINA VERBANAC";"EUR";"207.51";"R0550 Zdravstvene i veterinarske usluge";"500       02        35812 DJEČJI VRTIĆ PJERINA VERBANAC";"L01 5001A500002 Odgojno, administrativno i tehničko osoblje";"4.9.000001 4.PRIHODI ZA POSEBNE NAMJENE - PRIHODI KORISNIKA";"323610 Obvezni i preventivni zdravstveni pregledi zaposlenika";"0911 Predškolsko obrazovanje";"2025142000250";"DV-ZDRAVSTVENI PRGLEDI RADNIKA";"2025-10-31T00:00:00.000Z";"2025-10-31T00:00:00.000Z";"HR5823800061132003185";"HR00 2025-142000250"
"GRAD LABIN";"2025-12-23T00:00:00.000Z";"ISTARSKI DOMOVI ZDRAVLJA ISP.LABIN-IDZ";"99092064857";"PULA";" DJEČJI VRTIĆ PJERINA VERBANAC";"EUR";"35.00";"R0550 Zdravstvene i veterinarske usluge";"500       02        35812 DJEČJI VRTIĆ PJERINA VERBANAC";"L01 5001A500002 Odgojno, administrativno i tehničko osoblje";"4.9.000001 4.PRIHODI ZA POSEBNE NAMJENE - PRIHODI KORISNIKA";"323610 Obvezni i preventivni zdravstveni pregledi zaposlenika";"0911 Predškolsko obrazovanje";"2025109978639";"DV-ZDR PREGLED RUNKO";"2025-10-14T00:00:00.000Z";"2025-10-29T00:00:00.000Z";"HR5823800061132003185";"HR00 1251-999003119-22025"
"GRAD LABIN";"2025-12-23T00:00:00.000Z";"ISTARSKI DOMOVI ZDRAVLJA ISP.LABIN-IDZ";"99092064857";"PULA";" DJEČJI VRTIĆ PJERINA VERBANAC";"EUR";"62.26";"R0550 Zdravstvene i veterinarske usluge";"500       02        35812 DJEČJI VRTIĆ PJERINA VERBANAC";"L01 5001A500002 Odgojno, administrativno i tehničko osoblje";"4.9.000001 4.PRIHODI ZA POSEBNE NAMJENE - PRIHODI KORISNIKA";"323610 Obvezni i preventivni zdravstveni pregledi zaposlenika";"0911 Predškolsko obrazovanje";"2025109976119";"DV-ZDR PREGLED SAVOVIĆ";"2025-10-09T00:00:00.000Z";"2025-10-24T00:00:00.000Z";"HR5823800061132003185";"HR00 1232-999003119-22025"
"GRAD LABIN";"2025-12-23T00:00:00.000Z";"ISTARSKI DOMOVI ZDRAVLJA ISP.LABIN-IDZ";"99092064857";"PULA";" DJEČJI VRTIĆ PJERINA VERBANAC";"EUR";"41.82";"R0550 Zdravstvene i veterinarske usluge";"500       02        35812 DJEČJI VRTIĆ PJERINA VERBANAC";"L01 5001A500002 Odgojno, administrativno i tehničko osoblje";"4.9.000001 4.PRIHODI ZA POSEBNE NAMJENE - PRIHODI KORISNIKA";"323610 Obvezni i preventivni zdravstveni pregledi zaposlenika";"0911 Predškolsko obrazovanje";"2025109975478";"DV-ZDR PREGLED ČEKADA";"2025-10-08T00:00:00.000Z";"2025-10-23T00:00:00.000Z";"HR5823800061132003185";"HR00 1221-999003119-22025"